title,authors,tags,series,series_index,comments,identifiers,#subtitle,#subjects,#clasificacion,#libreria,#clasificacion_ia,#confianza_ia,#libreria_ia,#motivo_ia,#serie_ia,#serie_ia_index
"The Journal Keeper","Leerene Evans","Romance","","1.0","[Menage Amour: Erotic Paranormal Menage a Trois Romance, M/F/M, shape-shifters, HEA] Kidnapped by a pair of crazy men claiming to be her mates, Rianne Winthrop agrees to travel with them back to their homeland. At least until she can call the local psych ward to come pick them up. When she realizes they’ve also stolen the book that was to be her big break, she knows she can’t leave until she finishes the translation. Only then will the literary community truly accept her. At the urging of Merlin’s sister, Nikolas Krystoph and Dorin Ferghas travel to the human realm to retake the wizard’s journal and end up finding their mate. Though she believes them to be insane, the only insanity they suffer from is Rianne’s constant rejection. Even as they take her back to their homeland, Rianne resists making any commitment. But when one of their own begins to threaten her life, they will stop at nothing to keep her, and the journal, safe. ** A Siren Erotic Romance","isbn:9781622410606,goodreads:16001139,google:grak7qom-WIC,amazon:B008YGJNAK","","Romance","Dinamica · Poliamor/Trio, Tono · Picante/Erotico, Paranormal · Lobos/Shifters, Paranormal · Brujas/Magos, Tono · Cautiverio/Trata","Romantasy [REVISAR]","","","","","",""
"Possession Is Nine Tenths: Ardeur","Danielle Gavan","Fantasy, Adult, demons, Romance, angels, Werewolves, _Biblioteca.Romance.Contemporaneo, Paranormal, Paranormal Romance","Abbey of Angels","1.0","Desperate to evict her demon, Ardeur persuades the Angel of Death to intercede; but the consequences are worse than she realizes. He's playing for keeps. Her freedom might be the end of Ardeur's relationship with Brody and a life away from everything she never thought she'd have in the arms of a werewolf with dimples and a charmer's grin.","amazon:0986718718,goodreads:67686036,isbn:9780986718717","","Romance","Paranormal · Lobos/Shifters, Paranormal · Angeles y demonios, Subgenero · Paranormal romance","Paranormal [REVISAR]","","0","","Sin sinopsis ni tags utiles para clasificar.","",""
"Northman's Pleasure","Kate Hill","_Biblioteca.Romance.Contemporaneo","","1.0","<p>Legend says Grim Hammerhand is half wolf. Vowing never to marry, the muscular red-haired warrior saves his passion for the battlefield and the forge. That is, until the woman he secretly lusts after is abducted.Asgerd has loved Grim for years, only to be ignored by the object of her desire. She has eluded the bonds of marriage, hoping that someday Grim will notice her, but her dreams are shattered when she is captured and defiled by the brutal warrior Stein.After the king sends Grim to rescue his daughter and claim Stein's land, the passion between the couple finally ignites. In the end, Grim's mistrust of all women could destroy their one true chance for happiness.A Romantica&#174; historical erotic romance from Ellora's Cave","isbn:9781419947216","","","Tono · Picante/Erotico, Paranormal · Lobos/Shifters","Romance histórico [REVISAR]","","","","","",""
"Arrested by the Dragon: Gay Police Paranormal Romance","Julian Clearwater","M M Romance, gay, _Biblioteca.Romance.Contemporaneo, Romance, Shapeshifters, Paranormal Romance, Dragons, Paranormal","","1.0","**One was a petty thief with a secret desire for a respectable life.   The other was a rookie cop with a disturbing secret. **    The mysterious power of the dark blood would bond them in a way that neither could predict.  Dragon shifter Daryl Jameson has one goal—impress the police chief of his new department. The task is harder than he expected, though, because he suspects corruption. It doesn’t sit well with Daryl to ignore crime, and when a handsome vagrant is kidnapped, Daryl is determined to do what it takes to help him.  Rick Lamaar has survived on the streets by picking pockets. When he unwittingly tries to pick the pocket of the city’s biggest crime boss, Rick finds himself in a dangerous situation. If Rick trusts the hot police officer who seems everywhere on his heels, he could put them both in danger. With their hearts and their very lives on the line, Rick must find a way to save them both, and in doing so, allow himself to be saved.  Bonus strories included!","goodreads:35411657","","","Paranormal · Lobos/Shifters, Paranormal · Dragones, Subgenero · Policiaco/Detective, Representacion · LGBTQ+ (MM), Tono · Cautiverio/Trata, Subgenero · Paranormal romance","Fantasía [REVISAR]","","","","","",""
"Edie's Wolves: A Reverse Harem Paranormal Romance","Cara Morgan","Shapeshifters, _Biblioteca.Romance.Contemporaneo, Paranormal","","1.0","Blood to call them. Sex to bind them. Magic to seal the compact.  As the Stormhaven princess, Edie has been pampered and protected her whole life. She hates all of it—the stupid nickname, the oppressive care, and the fact that her parents think they have the right to decide every aspect of her life, including choosing her mates. Her family might have already sold her to a neighboring pack for a parcel of land, but that doesn’t mean she’ll play along. The Blackwood alpha swears he thought she was on board with the plan. Edie doesn’t know if she can believe him. But what are her other choices? Go out hunting for strangers? Let her wolf die? Edie is determined to choose her own mates, but with the heat already burning in her veins, she only has a few days to figure it out. Once the compact is sealed, there’s no going back. And if she’s going to give up her freedom, she intends to choose wolves worth surrendering for. **A spicy paranormal romance featuring explicit sex with multiple mates. For adult readers only.**","goodreads:52017107,amazon:B07WH48213","","","Dinamica · Harem inverso/Why choose, Tono · Picante/Erotico, Paranormal · Lobos/Shifters, Subgenero · Paranormal romance","Paranormal [REVISAR]","","","","","",""
"Claim the Crown: A Steamy Reverse Harem Romance (The Wolf Heir Trials Book 1)","Leia Hunter","_Biblioteca.Romance.Contemporaneo","","1.0","**Four Alpha Shifters. Three dark secrets. One girl they* shouldn't* want . . . **  Some games have no winners . . .  I never intended to compete for the position of Alpha Omega of the wolf clans. But when my name is drawn along with my best friend’s—and my worst enemy—I know I can’t back down.  The Trials are meant to be the ultimate test, of strength, power and fate’s call; but so far, everything about them is misleading. In our world, the answer to most every problem lies within our animal forms, but to survive this, I’ll need to know when to stay human.  If it’s up to me, I’ll change the nature of the Alphas forever. But first, I’ve got to prove to the others, the men who have snuck into my heart (and my bedroll) that they need each other as much as they need me.  I’ve read our history.    I’ve had the visions that others have had.    And the signs of the coming storm are everywhere . . .  ***A brand new reverse harem series, Perfect for fans of: Tracker Hive Academy, Witchling Series, Magic trails: Half-Blood Academy, Trial by Fae, Dragon's Gaurd and Eight Souls.** *","amazon:B07X7G6XBB,goodreads:52808832","","","Dinamica · Harem inverso/Why choose, Tono · Picante/Erotico, Paranormal · Lobos/Shifters, Paranormal · Dragones, Paranormal · Brujas/Magos, Paranormal · Fae/Feerico, Paranormal · Omegaverse","Romantasy [REVISAR]","","","","","",""
"Pies Surprise: The Billionaire and the Baker Lesbian Romance","Maxine Hall","Español.Romance.Romance LGBTQ+.Romance FF, English.Romance.Queer / LGBT+ Romance.Female-Female Romance, steamy romance, English.Romance.Queer / LGBT+ Romance, _Biblioteca.Romance.Contemporaneo","","1.0","One plump baker  
makes delicious baked goodies   
requires a financial investment  
will do ANYTHING within reason  
to keep the wolf from the door. 
One billionaire investor  
who is as hot as sin,  
arrogant and oozing self-confidence  
and has money to burn  
seeks a curvy full-figured lover  
and companion  
for her body and her personality. 
A 20,000 words short and steamy lesbian romance novel with a happy for now ending. **
","amazon:B087CXZZCP","","","Tono · Picante/Erotico, Arquetipo · Billonario/CEO, Paranormal · Lobos/Shifters, Representacion · LGBTQ+ (FF)","Romance contemporáneo [REVISAR]","","","","","",""
"Sins From My Stepmother: Mom's Forbidden Curves","C. R. R. Crawford","Themes.Explicit Sex, _Biblioteca.Romance.Contemporaneo","Mom's Taboo Curves","1.0","**TABOO MOM SON / MILF EROTICA**
**Twenty-two year old, college sophomore, Teddy Carlson has a confession to make...**
From a young age, Teddy has been aware of his step mom's beauty. Workmen would wolf whistle her on the street. His girlfriends would seethe with jealousy at her curves. Even Teddy couldn't help but steal a look when given the chance. 
Not that Teddy ever had any problems with the girls. Tall, confident and good looking, he's also the star forward of his college water polo team. 
But Teddy has a confession to make. 
One hot summer, while staying at his sprawling family home in Greenwich, Teddy and his mom, Jill, did a bad, bad thing. And that's not even the worst part. 
How long before Teddy and Jill realize the price of sin? 
Compulsively readable, *Mom’s Forbidden Curves* is forbidden, explicit, taboo erotica at its most wicked. **
","amazon:B08L6YYG1N","","","Dinamica · Prohibido, Tono · Picante/Erotico, Paranormal · Lobos/Shifters","Romance contemporáneo [REVISAR]","","","","","",""
"Submitting to Her Mate: Drake","B. J. Wane","_Biblioteca.Romance.Contemporaneo, BDSM, Westerns, Themes.Explicit Sex, Shapeshifters","Cowboy Wolf","3.0","He swore he would never lose control again. Then she walked in the door. Roz Kingman believes her ex in-laws threats, and that she is living on borrowed time when she relocates to Idaho. Intending to work off her bucket list while she can, she decides the surly rancher, Drake McCullough, is the perfect man to appease her kinky fantasies, and doesn’t let his obstinance deter her. Drake’s tortured memories of escaping his two Taliban abusers keep him from getting involved in personal relationships other than his family. The moment he realizes the flirty brunette is his mate, he vows to protect them both by staying clear of her wiles, no matter how much he craves to make her his. When separate vandalism incidents appear to be direct threats against Roz, there is no way Drake will refuse to protect her, no matter the risk his involvement may pose to losing his shaky control. Will succumbing to each other offer a chance for redemption and freedom, or will the gamble cost them both everything? This steamy, contemporary Western romance contains elements of mystery, suspense, and power exchange. Please do not buy this book if any of these offend you.","amazon:B08R8VBXFW,isbn:9798593105301,goodreads:62033854","","","Tono · Picante/Erotico, Arquetipo · Vaquero/Western, Paranormal · Lobos/Shifters","Romance contemporáneo [REVISAR]","","","","","",""
"An Evening with Claire","Gaito Gazdanov","_Biblioteca.Romance.Contemporaneo","","1.0","<b>The lyrical first novel of youth and love by acclaimed modernist master Gaito Gazdanov, author of <i>The Spectre of Alexander Wolf</i></b><br>Two old friends meet nightly in Paris, trading conversational barbs and manoeuvring around submerged feelings. Throughout the ten years of their separation, thoughts of Claire lingered persistently in Kolya's mind. As the imagined romance finally becomes real, Kolya is thrown into recollections of formative moments from his youth in Russia, from his solitary early years through military school and service in the White Army in the Civil War, all leading to this union with Claire.<br>The first novel by the celebrated Russian master Gaito Gazdanov, <i>An Evening with Claire</i> is a lyrical, finely crafted portrait of a lost innocence and a vanished era.","isbn:9781782276067","","","Paranormal · Lobos/Shifters","Ficción general [REVISAR]","","","","","",""
"Nicky and the Night Owls: Part One","Sierra Cassidy","English.Romance.Why-Choose Romance, Themes.Reverse Harem, Themes.Explicit Sex, English.Romance.Contemporary Romance, Themes.LGBT, English.Literary.Contemporary Women, Themes.Polyamory, _Biblioteca.Romance.Contemporaneo","Nicky and the Night Owls","1.0","Nicky Marino's life suits her, or at least it would if her mom would stop nudging the beta about her dating slump. Now that her brother Sidney's gotten hitched, the pressure's on - and a new night shift job at the library makes for a tempting sanctuary.  All's quiet until an unexpected encounter leads to another...and another..and suddenly Nicky finds herself snagging the interest of an entire pack - and unwanted attention from someone she'd rather forget.  A six-way tale of blazing-hot encounters, tender affection, kinky fun, and self-discovery, Nicky and the Night Owls is a sweet omegaverse story you'll want to curl up with all night long. So go ahead - grab a cup of coffee and your favorite pastry: it's time to meet the pack.","amazon:B09RSP1PYN,ff:c/sierra-cassidy/nicky-and-the-night-owls-part-one,isbn:9781988931227,goodreads:216739075,grvotes:1903","","","Dinamica · Harem inverso/Why choose, Dinamica · Poliamor/Trio, Tono · Picante/Erotico, Paranormal · Lobos/Shifters, Paranormal · Omegaverse","Paranormal [REVISAR]","","","","","",""
"Claiming Starlight","Isoellen","Themes.Explicit Sex, Paranormal, Dystopia, Forced Proximity, Shapeshifters, Omegaverse, Paranormal Romance, _Biblioteca.Romance.Contemporaneo, Dark, Romance, Fantasy, Magic","","1.0","When Sophie’s younger brother Alexi doesn’t return from looking for work with his friends, she fears the worst.  Unable to bear the idea that something has happened, she sets out on her own to find her him. Now, everything has gone wrong and she’s alone in the worst part of town–shifter territory.  But the Alpha who comes to her rescue isn’t a hero, and he has no intention of taking her home…  Or ever letting her go.  Post-apocalyptic, paranormal erotic romance with shifters, creatures, adventures and plot. Trigger warnings for demanding alpha-holes and a professional virgin.","goodreads:60755124,amazon:B09VYFT4Q4","An Apocalypse Keys Story","","Dinamica · Proximidad forzada, Tono · Oscuro, Tono · Picante/Erotico, Paranormal · Lobos/Shifters, Paranormal · Omegaverse, Subgenero · Distopia, Subgenero · Apocaliptico/Postapocaliptico, Subgenero · Paranormal romance","Paranormal [REVISAR]","","","","","",""
"Redemption: Moon Fever Book Three","Olivia Concord","Paranormal Romance, Themes.Explicit Sex, _Biblioteca.Romance.Contemporaneo","Redfern Shifters","3.0","**This is the third book in a rejected mate shifter romance trilogy by Olivia Concord, part of the REDFERN SHIFTERS universe.** **REDEMPTION: MOON FEVER BOOK THREE** **They’ll have to fight treachery, curses, and fate itself to stay together.** Stella knew it would be hard to live with the fated mate who’d rejected her, but she’d underestimated just how pleasurable it could be. Every day since returning to their pack, she’s fallen deeper in love with him. But soon she uncovers secrets that suggest their fate is more complicated than either suspected. Unless they destroy the hidden threats, their mate bond could be broken forever. She can’t let that happen. Just as Jasper realizes the depths of his feelings for Stella, the obstacles between them multiply. A rival pack is playing a long, violent game. Generations of bad luck might be an actual curse. And internal struggles continue threaten his young command as alpha. Confident he’ll win in the end, Jasper gathers his allies and launches a plan. He’ll do what’s right for his pack, his mate, and his heart. Whatever it takes. Both Stella and Jasper are prepared to do anything to stay together. But what if their biggest enemy is fate itself? **Redemption** *is a rejected-mate shifter romance filled with page-turning action, steamy love scenes, and a satisfying enemies-to-lovers romance.* *This is the third and last book in the Moon Fever trilogy. There will be other titles in the Redfern Shifters universe, but Stella and Jasper’s romance will be resolved in this book.*","isbn:9781939872326,goodreads:61713765,google:has6zwEACAAJ,amazon:B0B4BLX65X","","","Tono · Picante/Erotico, Paranormal · Lobos/Shifters, Paranormal · Fated mates, Subgenero · Paranormal romance","Paranormal [REVISAR]","","","","","",""
"Shadows and Runes","Isla Davon","Themes.Explicit Sex, Paranormal, Shapeshifters, Booktok, Fae, Paranormal Romance, _Biblioteca.Romance.Contemporaneo, Why Choose, Fantasy, Romance, Magic, angels","","1.0","Another quiet day in the Fifth Sector library...   That is, until a group appears out of nowhere, talking about their Sectors being attacked.   Great! So there's an imminent attack heading my way.   And now I'm trapped with a group of whiny supes.   But I guess it's not all bad...   Especially when that group includes an arrogant Fae who knows he's attractive,   a possessive Shifter with a playful side, a Demon-hybrid with a soft spot...   and a Fallen Angel that embodies the word sin.","amazon:B0BGFMGYD9,goodreads:62815742","","","Dinamica · Harem inverso/Why choose, Tono · Picante/Erotico, Paranormal · Lobos/Shifters, Paranormal · Fae/Feerico, Paranormal · Angeles y demonios, Subgenero · Paranormal romance","Paranormal [REVISAR]","","","","","",""
"The Land of Jacob: An Mpreg Romance","Sarah Havan","_Biblioteca.Romance.Contemporaneo, Romance, Omegaverse","","1.0","As a Jacobian, omega Eli Miller has little say in his life. His parents have coupled him with Amos Kaufmann. Together they will have a child and wed, but Eli longs for Henry—the handsome farmer who brings his family bushels of corn.  Henry Schwartz is head over heels for Eli. Together they take part in many sinful acts in the barn, but when the high moon of Eli’s heat arises, he can hear Eli’s screams from the Miller’s house as the Ceremony of Copulation begins in cruelty and pain for his love.  Even though Eli is coupled with another, and mating has commenced, Henry can’t resist him. They’re caught in the midst of an unforgivable deed.  As Eli’s stomach grows, his family will do anything they can to keep him apart from Henry.  The Jacobians are a people of tradition that turned their backs on the outside world hundreds of years ago, but if Henry and Eli want to be together, they will have to buck the old ways and fight for what they believe in, fight for their love.","amazon:B0BNNZ5QW4,goodreads:63896986","","","Paranormal · Lobos/Shifters, Paranormal · Omegaverse","Romance contemporáneo [REVISAR]","","","","","",""
"Tasting Red: A Spicy Red Riding Hood Retelling","Holly Roberds","Themes.Explicit Sex, Paranormal, General, _Biblioteca.Romance.Contemporaneo, Fantasy, Fiction, Romance, Shifters","The Lost Girls","1.0","**I have a 6'5 scary wolf shifter following me around, saying it's his job to watch me.** *To grandmother’s house I go* , though I want nothing to do with magic or my former life. Especially not after being kicked out of the Fairy Fine Arts Academy. But when I find a dangerous, heavily scarred wolf shifter in my grandma’s bedroom, the fragile human lifestyle I've built from scratch is suddenly at stake. Magic, chaos, and my past is charging at me like a raging ogre on pixie sticks. My grandma is nowhere to be found, and I’m being hunted.  The big bad wolf is the only one I can trust to protect me until my grandmother resurfaces. Worst yet, I’m in heat. I’ve told the werewolf “no touchy,” but just my luck, he hasn’t been to obedience school. The longer we’re stuck together, the closer he is to killing me himself, or showing me just how really big and bad he is.... In this spicy, action-packed fairytale retelling, Red Riding Hood is more spicy than sweet, and the Big Bad wants a taste...","amazon:B0BSVNTC41,google:_Fy5zwEACAAJ,isbn:9781960961006","","","Dinamica · Proximidad forzada, Tono · Picante/Erotico, Paranormal · Lobos/Shifters, Paranormal · Fae/Feerico, Subgenero · Retelling de cuento","Paranormal [REVISAR]","","","","","",""
"A Court of Blood and Desire","Olivia Faye","Themes.Explicit Sex, _Biblioteca.Romance.Contemporaneo","The Otherworld Realm","1.0","What will you do when the tales end in blood? Half human Kessia knows the tales of mates are all lies. Scorned by the Dark Fae Court, she's been groomed by her father to become queen. The Dark Fae prince covets her magic and is determined to soulbind her to him. If the ritual success, their souls will be intertwined and she will become a pure fae worthy of the throne. If the ritual fails, she'll be deformed or killed. When the prince gets everything he desires, the only option is to kill him. But when demons are involved nothing is simple. Prince of the demons, Merek has seen the consequences of the mate bond and soulbinding. When he learns his sister is to be soulbound to the demon general and turned into a monster, Merek will do anything to save her, even if it means striking a dangerous bargain with the very Fae he must kill. When he becomes ensnared by a sneaky dagger wielding half human, the tales from his youth haunt him. When their bargain awakens a centuries old bond their strength and magic are tested. Will Kessia and Merek follow the path to freedom or be consumed by blood within the Dark Fae's court?","amazon:B0BPMW3F15,goodreads:66124921","","","Tono · Picante/Erotico, Paranormal · Lobos/Shifters, Paranormal · Fae/Feerico, Paranormal · Angeles y demonios","Romantasy [REVISAR]","","","","","",""
"Dark Hollow","Megan Motley","Themes.Explicit Sex, Paranormal, Werewolves, Witches, Shapeshifters, Slow Burn, Themes.Reverse Harem, Dark Romance, Why Choose, _Biblioteca.Romance.Contemporaneo","","1.0","Sunny Prescott is your average seventeen year old girl.  *Well,* if your average teenager was in the foster system, without friends or family, and often tossed and shipped around without notice.  Most of that changes when a new foster placement arises, and she finds herself plopped down in a quaint, green little town known as Forks. *Just kidding!* About the Forks part, anyway. Dark Hollow is the smallest, greenest place Sunny has ever seen. Trees, moss, jealous classmates. It's all so new to her.  The best part about all the newness is her new best friend, Cilla. And maybe the three guys who are mysteriously touchy and broody.  What happens, though, when things aren't quite what they seem? Cilla and the guys open a door for Sunny that she won't be able to forget about. Magick and shifters and queens, oh my!  Sunny has to battle through being rejected by mates she didn't know existed, class hierarchy that she wish didn't exist to begin with, and morbid visions foretelling a future she doesn't want.  Will Sunny make it in this new, scary world? *Read to find out.* ****Dark Hollow is a multi-POV why choose standalone romance with a HEA.** ****Due to mature scenes and content, 18+ is recommended. Please check trigger warning page for full disclosure.**","goodreads:85175026,amazon:B0BSJ8J5YV","","","Dinamica · Slow burn, Dinamica · Harem inverso/Why choose, Tono · Oscuro, Tono · Picante/Erotico, Paranormal · Lobos/Shifters, Paranormal · Brujas/Magos, Subgenero · Retelling de cuento","Paranormal [REVISAR]","","","","","",""
"The Alpha Triplets and the Rogue: Reverse Harem Werewolf Romance","Solange Daye","Themes.Explicit Sex, Themes.Reverse Harem, _Biblioteca.Romance.Contemporaneo","","1.0","""I was the first to kiss her,"" Bryce brags. ""I call her virginity,"" Ace yells out loudly. ""She will love me first,"" Chris responds angrily. Erica rolls her eyes and stomps her foot. ""I hate you! All of you!!"" *** Erica finds herself homeless and without a family after her parents are banished from the West Pack. She is forced to take the only option that is laid out before her. To go to the North Pack and live with the Alpha, Luna, and their Triplet sons. Being no stranger to the North Pack, Erica is aware of just how cruel Ace, Bryce, and Chris can be. But what she doesn't expect is to be stripped of her Beta status and considered a Rogue within the Pack. Shamed and tormented Erica becomes nothing more than a shell of the woman that she used to be. That is until the fateful night that she finds her mate. Will she accept the bond that has been given to her by the Moon Goddess or will she run as far away as she can get?","amazon:B0C2S7MJ9J,goodreads:142434377,isbn:9798890080189","","","Dinamica · Harem inverso/Why choose, Tono · Picante/Erotico, Paranormal · Lobos/Shifters","Romantasy [REVISAR]","","","","","",""
"Saving the Alpha Gods","Maria Warren","Shapeshifters, Themes.Explicit Sex, _Biblioteca.Romance.Contemporaneo","Academy Gods","3.0","**Against the Alpha God Trials, even my Alpha Gods must prove their worth** One by one, I've won their hearts—Elijah, Albedo, Sterling, and even Julian. But finding a happy ending at Silverton University? Not so easy.  The Dean and Inu are hell-bent on getting something from my men, even if it means putting me on the line.  Sterling, Albedo, Julian, and Elijah have to face these so-called Alpha God Trials, tests that could make or break them. But they're not going it alone. No way. They're a part of my life now, and I’m not losing them, not without a fight. I’m not a damsel in distress, and I’ll do whatever it takes to save them, even if I have to become an Alpha God myself.  So what if these Alpha God trials are meant to break us?  So what if no one has ever passed them?  We've got something no test can each other. But as the trials close in, the question looms—will our love be enough to conquer the impossible, or will we just be another failed chapter in Silverton University's twisted history?","goodreads:199119308,amazon:B0CJP9BBYZ","","","Tono · Picante/Erotico, Paranormal · Lobos/Shifters","Romantasy [REVISAR]","","","","","",""
"Moonglow","Elyce de Reefe","English.Mystery / Thriller.Suspense Thriller, English.Romance.Contemporary Romance, _Biblioteca.Romance.Contemporaneo","The Rabbit River Saga","8.0","**The Thrilling Conclusion to the Rabbit River Saga   Wolf Shifter Romantic Fantasy Set in Present Day Upstate New York** **A fledgling pack struggles to survive during chaotic times, when mates are scarce and competition is fierce.** A surprise visit from the nearly defunct Council changes everything when Alpha Lucas Ardennes must refute their allegations and prove his fitness as a leader in order to protect his pack. But Lucas is uncomfortably aware that his greatest vulnerability lies in one area. Mari, the human who has captured his heart, still has no pack-bond.  Caught between duty and desire, Lucas knows Mari holds the key to their salvation, but can he convince her to accept him before it's too late?  Mari hates weakness. Her own, and the fact that she is Lucas’s greatest liability. She knows their connection is real, or at least she is beginning to believe so. But haunted by the trauma of her past, she is just not sure she can handle an Alpha like Lucas.  With time running out, can Mari find a way to face her fears before it’s too late? Because the fate of the entire pack just might hang in the balance.  If you enjoyed the suspenseful and captivating world of Patricia Briggs' Alpha & Omega series, you'll love this thrilling and romantic fantasy adventure! Don't miss this epic conclusion to the Rabbit River Saga. Get your copy today.  Author's This series is best enjoyed in order. It is one complete saga told over 8 separate books. Enjoy!","amazon:B0CHRJQSKJ,goodreads:198923261","","","Paranormal · Lobos/Shifters, Paranormal · Omegaverse","Paranormal [REVISAR]","","","","","",""
"Riding the Shifter Shadows","Colbie Clarke","Paranormal, Themes.Explicit Sex, _Biblioteca.Romance.Contemporaneo","Shattered Realms","9.0","**Eris is no ordinary human. In fact, she’s not human.**   This beautiful, unaware mage knows only a life of privilege. Until the night I rescue her—twice—and lead her into my shadowed realm of shifters, magic, and rebellion.  Eris holds the key to finding the man who murdered my family. I hold the key to unlocking her hidden past to uncover the truth about her heritage and why so many want her dead.    The foes aligned against us are determined to keep their secrets.  As her courage rises, so does her magic and our passion. Her soft skin tempts the beast and the man in me.   No shifter can resist the lure of a mate, and Eris is mine, no matter how hard I fight the pull. She is the missing piece I never knew was missing.  I can’t replace her stolen past, but I will destroy anyone who dares attempt to steal her future.","amazon:B0CHVKFST3,goodreads:199217374","","Paranormal","Tono · Picante/Erotico, Paranormal · Lobos/Shifters","Paranormal [REVISAR]","","","","","",""
"Black & White: The Gray Wolves MC Cascade of Lies Series","R. B. Cariad","Themes.Explicit Sex, Enemies to Lovers Romance, _Biblioteca.Romance.Contemporaneo","","1.0","**Black & White** **The Sunnyville chapter starts here!** One woman caught the eye of the cold-hearted Vice President of the Gray Wolves MC.One picture of her was enough to captivate him.They called her Dragon.No man has ever tamed her.His Prez promised to introduce them, only Zander fears he wants her for himself.Never gonnae happen! No one can claim her but me!B detested her nickname. Her fierce nature was undeniable, yet she was no dragon.She was a born survivor, keeping everyone at bay and placing no trust in others.Fearless and formidable, the MC’s future was at her mercy.There was only one Dragon despised criminals. **Tropes** Enemies to loversMC RomanceTwisted love triangleMorally gray menPossessive AlphaForbidden love **Editorial Review** **""You have a terrific story sense and you are a great storyteller! The plot sure is thickening!!!"" Kay Springsteen**","amazon:B0CK852PNM,goodreads:199274610","","","Dinamica · Enemigos a amantes, Dinamica · Prohibido, Dinamica · Triangulo amoroso, Dinamica · Posesivo/Celoso, Tono · Picante/Erotico, Tono · Morally grey/Antiheroe, Paranormal · Lobos/Shifters, Paranormal · Dragones","Romance contemporáneo [REVISAR]","","","","","",""
"Fight for Me: Wolf Valley Duet","Taylor Jade","Themes.Explicit Sex, Contemporary, _Biblioteca.Romance.Contemporaneo, Romance, Fiction","","1.0","I'm not interested in dating...until she shows up at my shop, needing my help. After getting burned by my first wife and my ex-best friend, I uprooted my entire life and moved to a small town in North Carolina.
I swore off women and dating. Any fun was only supposed to last a night. Nothing more.
But then she shows up on my shop step. Sweaty, disheveled, and so angry, she's the most stunning woman I've ever laid my eyes on.
There's pain in her eyes. She's running from something that hurt her. And that pain calls to something deep inside me.
I do my best to stay away. To keep my distance. To only fix her truck so she can be on her way out of this town and out of my life.
But fate keeps pulling us closer, and a man like me can only deny myself for so long.
Winnie may be what I need to heal and move on from my failed marriage...Or she may be what completely shatters me.
Tropes: Enemies to loversHe falls firstSecond Chance at loveOpposites attractBlue collar manSmall townSworn off relationshipsGrumpy MMC
","isbn:9798878752978,google:ZaCM0AEACAAJ,goodreads:200173055,amazon:B0CL9S6Q1B","","","Dinamica · Enemigos a amantes, Dinamica · Segunda oportunidad, Dinamica · Opuestos se atraen, Tono · Picante/Erotico, Paranormal · Lobos/Shifters, Ambientacion · Small town","Romance contemporáneo [REVISAR]","","","","","",""
"Pack Deception: Part Two","Wren White","Themes.Explicit Sex, Contemporary, Adult, Dark, M M Romance, Omegaverse, Polyamory, Why Choose, _Biblioteca.Romance.Contemporaneo, Romance, Fantasy","Passion Pack Series","2.0","They are my pack. My fated mates. Four people destined to love me no matter what.  That’s what the Goddess blessed me with. Mates to love me as much as I love them.  Maverick, Hudson, Mason, and Brooklyn.  Despite our bump in the road, life hasn’t been this great in as long as I can remember.  But everyone’s past catches up to them.  Can we survive it when my past catches up to me?  Or rather, when I invite—cough, provoke— my past into making a move.  But Pack Monroe needs to understand one thing…  I will never be theirs.","goodreads:201164656,amazon:B0CJJVCWV5","","","Dinamica · Harem inverso/Why choose, Dinamica · Poliamor/Trio, Tono · Picante/Erotico, Paranormal · Lobos/Shifters, Paranormal · Fated mates, Paranormal · Omegaverse","Paranormal [REVISAR]","","","","","",""
"Rough Heat","Marina Vivancos","Themes.Explicit Sex, Paranormal, Contemporary, M M Romance, LGBT, gay, Omegaverse, Polyamory, Novella, _Biblioteca.Romance.Contemporaneo, Romance, M M M, Fantasy","","1.0","Leo is used to taking Omegas through their heats, what with being a sex worker and an Alpha. When he gets hired by a couple to help with the Omega’s rougher-than-normal heats, he doesn’t think much of it.   It’s just another job, after all.   Omega Josh and Alpha Damon are obviously in love. They have everything Leo has ever wanted—safety, acceptance, tenderness. There is no way there’s space for Leo in what they have.   There’s no way Leo is good enough for either of them.   Falling in love with clients is a terrible idea, let alone two…Leo just doesn’t know how to stop.  Note: This was previously released through a giveaway. It now contains an extra chapter (5K)","amazon:B0CN43XGHZ,goodreads:201967503","","","Dinamica · Poliamor/Trio, Tono · Picante/Erotico, Paranormal · Lobos/Shifters, Paranormal · Omegaverse","Paranormal [REVISAR]","","","","","",""
"Savage Alpha: Shadowed Heirs Book Two","C J Primer","Paranormal, _Biblioteca.Romance.Contemporaneo, Shifters, English.Romance.Dark Romance, Fiction, Romance, Themes.Explicit Sex, General, Erotica","","1.0","Who the hell is Javier Cruz?My job is to dig up information on him in IT, but each search has only yielded more dead ends. He may as well be a ghost, for his lack of an electronic footprint. I fell in love with tech because it grants me the ability to always find the answer to questions such as this one, but for the first time in my career, I'm completely stumped.
So, here's what I do know: He's the alpha of a nomadic pack of savages, here seeking asylum in our territory.
He's confident, charming, and sexy as sin.
And, in a cruel twist of fate, it turns out that he's my mate. Why does forbidden fruit always taste the sweetest? * * * * *Savage Alpha is book two in the Shadowed Heirs series, a collection of paranormal romance novels centered around a group of aligned packs of wolf shifters. These books contain mature content (steamy scenes!), frequent use of profanity, and darker themes. While each book in the series concludes with a HEA and no major cliffhangers, there are some loose ends concerning the overarching storyline that runs throughout the entire five-book series. Each individual book is a standalone, but the series is best read in order.
","google:UhNx0AEACAAJ,amazon:B0CJ3FSBJT,isbn:9798873570942","","","Dinamica · Prohibido, Tono · Oscuro, Tono · Picante/Erotico, Paranormal · Lobos/Shifters, Paranormal · Fantasmas, Subgenero · Paranormal romance","Paranormal [REVISAR]","","","","","",""
"Celestial Wolves","Charlene Pender","Aliens, M F Romance, _Biblioteca.Romance.Contemporaneo, English.Romance.Mafia Romance, Science Fiction Romance, Science Fiction, Themes.Explicit Sex, Romance, Paranormal Romance, Shapeshifters, Fantasy, Werewolves, Spicy","Celestion Wolves","1.0","***Terra is supposed to be safe.* ** But I’m one of the unlucky ones. Of the thirteen human women in this cell, I’m the only one snatched straight from Earth. And everyone knows once the Skulchers have you, rescue is hopeless…  But we hatch a plan to escape. The problem? The vessel we’ve stolen is a heap of junk, and we need to make an emergency landing onto an uncharted planet. As we enter the atmosphere, the shuttle rips in half, and our party is scattered into four groups. Surviving the crash is one thing, but finding the others? Impossible.  Of my group, I volunteer to go out into the snowy, mountainous terrain to find the others. But I’m not the only thing out here in this endless snow. When a giant, three-eyed wolf rescues me from another animal’s vicious attack, it seems I’ve gained a hiking companion. But when the wolf transforms into a tall, muscular alien hunk with a gem in his forehead, it’s suddenly hard to focus on finding the others when thoughts of his blue lips on mine consume me...  ***Perfect for fans of ICE PLANET BARBARIANS who are also looking for a little wolf-shifter action!* **","amazon:B0CQB3WW1G,isbn:9781778286292,goodreads:203807732","","","Tono · Picante/Erotico, Arquetipo · Mafia, Paranormal · Lobos/Shifters, Subgenero · Paranormal romance","Romantasy [REVISAR]","","","","","",""
"The Edge of the Sphere","Thea Landen","Themes.Explicit Sex, Fantasy, _Biblioteca.Romance.Contemporaneo","","1.0","Following a near-fatal accident, artist Stephen MacClare moves out of Manhattan to upstate New York, interacting only with his sister and the residents of nearby towns where he tries to sell his paintings. When he finds a strange stone in the woods near his home, he dreams of a beautiful woman every time he falls asleep. She cannot speak, yet they quickly form an intimate bond. Unsure of whether she is real or fantasy, he vows to find her, no matter the cost.  Liora is a prisoner of Thirvar, the cruel and fearsome ruler of the kingdom of Marindal. She has no memory of life before her capture, but is tasked with maintaining the magical barrier that keeps Marindal safe. A mysterious sphere beneath her isolated cottage fuels her power, and she experiments with using it to communicate outside her world.  Through the sphere, Liora establishes contact with Stephen and transports him to Marindal, where he is detained by Thirvar as soon as he arrives. The lovers must work together and independently to flee his domain, and she promises to help Stephen find a way back home. Along their path to freedom, Stephen learns hidden tales of Marindal’s history, while Liora must reconcile with her tragic past. Will their love survive the journey?","goodreads:15737662,amazon:B0CQRRNLQR,isbn:9781554049950","","","Tono · Picante/Erotico, Paranormal · Lobos/Shifters","Fantasía [REVISAR]","","","","","",""
"The Fallen Alpha: The Carin Land Series (The Cairn Land Series)","C. L. Ledford","Shapeshifters, Themes.Explicit Sex, _Biblioteca.Romance.Contemporaneo","","1.0","Fin returns in his own telling in The Cairn Land Series.  What do you do when you’re mateless, holding the title of alpha?  Your uncle undermining you around every corner.  And when you pick your mate, your family isn’t impressed.  Things take a turn for the worse; after a few months of happiness,  Will Fin be able to fight his way back to the top, or will he stay alone forever?  This book is a Age Gap Paranormal Romance. The following warnings are inside:  Death of spouse and unborn child, mention of death of unborn child, mention of stillborn, mention of memory of child death, Death, Alcohol consumption, Battle Scenes, Knotting, Breeding, miscarriage, mentions of bullying, poison.","goodreads:208350765,amazon:B0CVGLL39Q","","","Dinamica · Age gap, Tono · Picante/Erotico, Paranormal · Lobos/Shifters, Subgenero · Paranormal romance","Paranormal [REVISAR]","","","","","",""
"Spirit Unbound: A Reverse Harem Tale","Aeryn Havens","Themes.Explicit Sex, Themes.Reverse Harem, _Biblioteca.Romance.Contemporaneo","","1.0","Summer in Montana heats up for Callie Tailor and the cowboys of Aspen Springs Ranch. With one mate bond still to complete, a cattle drive with the guests to manage, and complicated feelings surrounding the newest member of the staff, Callie has never felt more fulfilled or more overwhelmed. As she becomes further rooted in her found family and the land she is committed to, she discovers new depths to her empathetic magic. Will she be strong enough to face down the true evil bent on destroying not only innocent shifters, but those she loves? Or will she crumble under the weight of her own powers?","amazon:B0CW7CQN8H","","","Dinamica · Harem inverso/Why choose, Tono · Picante/Erotico, Arquetipo · Vaquero/Western, Paranormal · Lobos/Shifters","Paranormal [REVISAR]","","","","","",""
"His Hunted Witch: An Enemies to Lovers Romance","Lucy Piper","Fantasy, _Biblioteca.Romance.Contemporaneo, Paranormal Romance, Shapeshifters, Enemies to Lovers Romance, Paranormal","Witches and Shifters: Scott Pack","1.0","**Goldie needs to escape before the dire wolves who kidnapped her reignite the war between witches and shifters. One problem, she may not want to go.** Goldie Abbott wants her malfunctioning magic to work, her antique business to thrive, and her coven to chill out about shifters. None of that is possible when a rogue pack kidnaps her. Overnight, she finds herself fighting a sociopathic wolf who thinks she’s his fated mate.  That maniac only fears one a shifter more dangerous than he is. Hoping that the enemy of her enemy might keep her from getting eaten, she begs for the rogue’s help and finds she has an even bigger *he* might be her *real* fated mate.  If she wants a future with him, she must fight not only his murderous relatives but her own coven. Can they defy his pack, her coven, and centuries of enmity to reach for happily ever after? Can their love possibly be worth what it’s costing them to keep it?  *His Hunted Witch is a steamy standalone story of fated mates, family, belonging, and magic. It launches the Witches & Scott Pack series of connected small-town paranormal romances with strong shifters, powerful witches, and guaranteed happily ever afters. If you’re looking for a swoony, gripping paranormal romance with a lot of heart, fall in love with the Scott Pack Witches and Shifters today! *","amazon:B0CPCJYNBJ,goodreads:203148215","","","Dinamica · Enemigos a amantes, Tono · Picante/Erotico, Paranormal · Lobos/Shifters, Paranormal · Brujas/Magos, Paranormal · Fated mates, Ambientacion · Small town, Tono · Cautiverio/Trata, Subgenero · Paranormal romance","Paranormal [REVISAR]","","","","","",""
"Cursed Spirits","Donovan Snow","Fantasy, Mystery, Romance, LGBT, Shapeshifters, _Biblioteca.Romance.Contemporaneo, Paranormal","The Bartender Mage","2.0","**Leif** Becken, bartender and novice spiritmancer, has just moved in with his two boyfriends and he couldn't be happier. Sure, he's kept pretty busy with two part-time jobs and finishing up his psychology degree, but he doesn't let that stop him from finding time for couch cuddles, midnight massages, or the occasional day of playing fetch at the park.  That all changes when **Tucker** , his shifter lover and a top detective at the Department of Mythic Affairs, runs afoul of a dangerous artifact and is assigned to help unravel the connection between it and other mythical incidents in the area.  Compounding the issue, his second love, Private Investigator **Rahul** , is losing sleep after a missing person's case that he solves ends up being more than it initially appeared.  As a dutiful boyfriend who loves them both to pieces, Leif will do everything he can to help them out, and absolutely not get distracted by former friends, wrestling shenanigans, or an old crush finally confessing his true feelings.  Super easy, right? Right.  Cursed Spirits *is a low-angst, polyamorous paranormal romance about the dangers of breathing in evil smoke, having healthy communication with your significant others, what to do when your former wrestling coach pins you to the mat, being polite to your boyfriend's boss, and how a good cocktail, properly enchanted, can hopefully help save a life.*","amazon:B0CTHXFK6D,goodreads:206153969","","","Dinamica · Poliamor/Trio, Tono · Angst/Drama emocional, Paranormal · Lobos/Shifters, Subgenero · Policiaco/Detective, Subgenero · Paranormal romance","Misterio·Thriller·Terror [REVISAR]","","","","","",""
"Wolf Moon (Hunters of the Forest Book 3)","M. P. Starkweather","vampire, Themes.Explicit Sex, Themes.Reverse Harem, _Biblioteca.Romance.Contemporaneo","","1.0","","amazon:B0CQHWKN1P","","","Dinamica · Harem inverso/Why choose, Tono · Picante/Erotico, Paranormal · Vampiros, Paranormal · Lobos/Shifters","Romantasy [REVISAR]","","","","","",""
"This Is NOT the End! – the Exes to Lovers Romcom for K-Fans","Venezia Phillips","English.Romance.Mafia Romance, _Biblioteca.Romance.Contemporaneo","","1.0","Pocket-size and too tough for most men, Shin McWilliams found the one in handsome lone-wolf G Patel, and not just any one – the love at first sight, panties burned to cinders, together forever One.  Then her shady past came knocking and she had to do what she had to do – dump him by text and break his heart.  Now they live in the same house, their best friends are an item, and she’s reduced to binge-watching revenge K-dramas and writing scathing reviews when they fall short of her happy-ever-after standards.  Whatever G says, this is The End.  After the love of his life left him for no reason, pro-gamer G's compulsion to count everything from cornflakes to gaming stats got out of hand.  It's endangering his team's chances to win the European 'War of Five' Championships, not to mention it’s driving him to an early grave.  But that’s until his friends' non-stop meddling uncovers one of Shin's many secrets, and G goes on the war path to get his tiny femme fatale back in his arms for good.  Whatever Shin says, this is not The End.  This funny, sexy and thought-provoking exes to lovers romance is the sequel of This Is NOT a Kdrama! and will please fans of Tessa Bailey, Ali Hazelwood and Sally Thorne.","goodreads:214899426,grvotes:1,amazon:B0D795M4GN","","","Dinamica · Amor a primera vista, Arquetipo · Mafia, Paranormal · Lobos/Shifters, Subgenero · Comedia romantica","Romance contemporáneo [REVISAR]","","","","","",""
"Justice for Puck Bunnies","Becca Fogg","Themes.Explicit Sex, Sports Romance, Hockey Romance, Omegaverse, Hockey, Why Choose, _Biblioteca.Romance.Contemporaneo, Romance, Fantasy, Sports, Fake Dating","","1.0","When ""puck bunny"" Izzy catches Captain Brad in a delicate position, she's crushed . . . into the arms of three of his teammates also eager for revenge. They have a goal to knock him off his pedestal, but they may be the ones to fall.  **Please note this is a human omegaverse standalone novel. Description and content information subject to change.**","isbn:9798985908794,goodreads:215114500,amazon:B0CL46C58X","","","Dinamica · Relacion fingida, Dinamica · Harem inverso/Why choose, Tono · Picante/Erotico, Arquetipo · Deportistas, Paranormal · Lobos/Shifters, Paranormal · Omegaverse","Romantasy [REVISAR]","Arquetipo · Deportistas","65","Romance contemporáneo","El título y el término puck apuntan a romance deportivo de hockey contemporáneo.","",""
"Wings and Tails","Isaac Lee","Themes.Explicit Sex, Harem, Military Fiction, _Biblioteca.Romance.Contemporaneo, Fantasy, Romance","","1.0","**Flying is a freedom only a few can understand.** One sunny day, a routine airshow ended with me flying through a portal to another world. Here, warplanes aren’t the only thing in the sky. Oh, and my mind has a tendency to see what others are thinking.  Now, amongst airships, beautiful beastkin, floating continents and telepathic powers, I’ll have to pick a side to fight for.  When I do, I'll have to prove my loyalty, my skill, and play my part in saving this world from an evil that crossed from my world into this one.  On the ground, I’m just a man, but in the air, I’m as powerful as a dragon. Fortunately, the beautiful fox, wolf, and lion girls of Dione don't just need me in battle, they need me in their beds too.  All is fair in love and war.  **I’ll fly any plane, pat any head, and develop my skills as a minder, all while sniffing out spies as I work my way to a hundred kills.**","amazon:B0D772TV4N,goodreads:207663669","","","Tono · Picante/Erotico, Paranormal · Lobos/Shifters, Paranormal · Dragones, Subgenero · Steampunk, Subgenero · Superpoderes","Romantasy [REVISAR]","","","","","",""
"Enemies in Love","Melody Snow Monroe","Romance","High-Country Shifters","4.0","[Siren Menage Everlasting: Erotic Paranormal Consensual BDSM Menage a Trois Romance, M/F/M, shape-shifters, sex toys, HEA] Henla, of the lion clan, senses someone she loves has been injured. When Jude Trisk asks the tall, sexy blonde for help, she learns the injured wolf-shifter is Kranor Ryn and risks entering enemy territory for her childhood friend. As she and Jude travel toward danger, they bond and their passions bloom. Delirious Kranor poses a challenge, but Henla’s care not only cures the warrior but ignites a deep love that leads to forbidden sex. While the two men want Henla forever, societal taboo prevents their union, and she retreats home. Time and time again the men risk their lives to be with her, but to spare her the burden of prejudice by her own clan, they need to let her go. Despondent without her, Kranor and Jude reevaluate their lives. What changes can they make that will enable them to be with her yet keep her safe and happy? ** A Siren Erotic Romance
","amazon:B00AQ49LD2,isbn:9781622417179,goodreads:15993331,google:c7uUUi9__GwC","","Romance","Dinamica · Prohibido, Dinamica · Poliamor/Trio, Tono · Picante/Erotico, Paranormal · Lobos/Shifters","Paranormal [REVISAR]","","","","","",""
"Love in the Wild","Mandi Blake","","Love in Blackwater","3.0","**It’s all fun and games until the fake relationship puts their lives on the line.** Gage Howard’s last name is a legacy, and not a good one. The Howards and the Pattons have been rivals for half a century, but his sister's actions have branded her a traitor. Now, his own loyalty is divided. Hadley Morgan has no clue how bloody the family feud between the Howards and the Pattons is when she volunteers to help her new roommate get information to Gage. A fake relationship with her roommate’s brother is a simple solution to stay below the radar.  Gage is guarded and stoic, while Hadley is full of hope. As they carefully navigate their arrangement, they find unexpected connection in the tragedies of their past.  Hadley is determined to show Gage a God of forgiveness as he is constantly reminded of his dark past. Alliances are drawn and betrayals can put a target on anyone’s back. Together, they’ll have to strive to keep the Howards and Pattons from destroying each other while fighting for the new love that could be the way to healing for both of them.  **If you loved the Blackwater Ranch series and the Wolf Creek Ranch series, get ready to fall in love all over again in Blackwater, Wyoming.**","goodreads:212235145,amazon:B0D2VJNPWY,isbn:9781953372512","","Contemporary, Romance","Dinamica · Relacion fingida, Arquetipo · Vaquero/Western, Paranormal · Lobos/Shifters","Romance contemporáneo [REVISAR]","","","","","",""
"Ryan Reign","Sadie Kincaid","English.Romance.Contemporary Romance, English.Romance.Mafia Romance, Themes.Explicit Sex, Contemporary, Dark Mafia, reverse harem romance, English.Mystery / Thriller.Crime Fiction, English.Romance.Dark Romance, English.Mystery / Thriller.Suspense Thriller, Themes.Reverse Harem, _Biblioteca.Romance.Contemporaneo","New York Ruthless","4.0","**The Wolf is back… which means that Jessie’s worst nightmare has just come true.** Determined not to let the monsters of her past ruin her future, she refuses to live her life in fear. But both Jessie and the Ryan brothers’ have pasts that are about to threaten the happiness they have so desperately fought for.  When long buried secrets are finally revealed, the Ryan brothers’ loyalty to Jessie, and to each other, will be tested to its very limits.  Because when everyone has something to hide, how do you know who is telling the truth? Everyone must choose a side. Has Jessie been tricked into choosing the wrong one all along?  And when the true identity of the Wolf is finally revealed, can any of them ever be the same again?  The Ryans might be back in Ireland, but is their reign about to finally come to an end?  **Ryan Reign is a dark mafia, reverse harem romance that deals with mature themes. Trigger warnings include kidnap and reference to sexual/ physical abuse.**","goodreads:59706548,mobi-asin:B09FFTRDB5,amazon:B09FFTRDB5,ff:k/sadie-kincaid/ryan-reign","","","Dinamica · Harem inverso/Why choose, Tono · Oscuro, Tono · Picante/Erotico, Arquetipo · Mafia, Paranormal · Lobos/Shifters, Subgenero · Policiaco/Detective","Romance contemporáneo [REVISAR]","","","","","",""
"Institute of Supernaturals: Savage","J. E. Cluney","Fiction, _Biblioteca.Romance.Contemporaneo, General, Erotica","","1.0","Hunting monsters is my job. Toying with them is just a bonus. Too bad it always ends with them dead. But when I find four men at my door wanting to kill me for crimes against innocents, my whole world is flipped on its head. Four hot supes? Check. Life taking an interesting turn? Duh. Throw it all in a blender? Why not? We're all drawn together in one big whirlwind of a mess. Lies are revealed, truths discovered, and my life will never be the same. This huntress is about to become the hunted, and these four strangers are my new lifeline. Two hot angel/werewolf hybrids, one broody and one sweet. A wicked demon-born with a taste for darker play, and a fiery being that is quite the fun playmate. Welcome to the Institute of Supernaturals. ***Please note this is a RH, super fast-burn with a trigger warning for the series*** NOTE - This is book 1 of a COMPLETE trilogy.
","mobi-asin:B07X8NLVBZ,google:iX1GzgEACAAJ,isbn:9781700638076","","","Tono · Picante/Erotico, Paranormal · Lobos/Shifters, Paranormal · Angeles y demonios","Paranormal [REVISAR]","","","","","",""
"Savage Kings","Sky Coppola","English.Romance.Mafia Romance, English.Romance.Dark Romance, English.Mystery / Thriller.Suspense Thriller, English.Romance.Contemporary Romance, _Biblioteca.Romance.Contemporaneo, Themes.Explicit Sex","Shotgun Mafia","4.0","** *Saddle up for the DARK COWBOY ROMANTIC SUSPENSE that’ll leave your Kindle burning to the ground.* **  **Doctor Destiny Hart**   When unexpected visitors arrive at the ranch, and my past comes crashing back, it threatens everything with the billionaire cowboy of my dreams.  **Carter**   I’m caught between my love for Destiny and the shadows of our past, and today is as dangerous as the history we've escaped.  *If you love a dark cowboy romance or a western romantic suspense, one-click now to read Destiny and Carter’s happily-ever-after. ♥*","goodreads:195745957,grvotes:102,isbn:9781737889281,mobi-asin:B0CDSJQ675,amazon:B0CDSJQ675","","","Tono · Oscuro, Tono · Picante/Erotico, Arquetipo · Mafia, Arquetipo · Billonario/CEO, Arquetipo · Vaquero/Western, Subgenero · Romantic suspense, Tono · Coming of age, Dinamica · Segunda oportunidad, Paranormal · Lobos/Shifters, Paranormal · Fated mates","Romance contemporáneo [REVISAR]","","","","","",""
"Savage Promise","Sky Coppola","English.Romance.Dark Romance, English.Romance.Mafia Romance, Themes.Explicit Sex, _Biblioteca.Romance.Contemporaneo","Shotgun Mafia","2.0","Destiny isn’t just a name . Sometimes it’s fate … and worlds colliding.  Ten years ago, it began.  Passion. Lies. Betrayal.  At eighteen, Destiny Hart has her life planned, and her dreams of becoming a veterinarian set.   But life is full of obstacles, and when she’s saved by Carter, a Wyoming rancher’s son, from the terrifying advances of a group of guys intent on bringing Destiny down, a series of events are in motion…  Carter Caldwell is falling for Destiny. But when tragedy strikes at home, he makes a decision––one that rips his and Destiny's world apart and brings heartache to them both.  Book Two is where Carter and Destiny’s epic story begins. Fans of After and Yellowstone will fall for this fresh spin on a coming-of-age, cowboy romance filled with love, drama, and raw emotion.  Sometimes love will burn your world down…  Scroll up and one click to read this coming-of-age, cowboy romance today!","grvotes:159,isbn:9781737889243,goodreads:171161336,mobi-asin:B0C6V3R517,amazon:B0C6V3R517","","","Tono · Oscuro, Tono · Picante/Erotico, Arquetipo · Mafia, Arquetipo · Billonario/CEO, Arquetipo · Vaquero/Western, Subgenero · Romantic suspense, Tono · Coming of age, Dinamica · Segunda oportunidad, Paranormal · Lobos/Shifters, Paranormal · Fated mates","Romance contemporáneo [REVISAR]","","","","","",""
"Savage Surrender","Sky Coppola","English.Romance.Dark Romance, English.Romance.Mafia Romance, Themes.Explicit Sex, _Biblioteca.Romance.Contemporaneo","Shotgun Mafia","3.0","Get ready to pick up the sizzle in this page-turning COWBOY WESTERN ROMANCE that will leave you breathless and your Kindle rode hard and put up wet.  Doctor Destiny Hart thought reconnecting with her soul mate, the irresistible billionaire cowboy Carter Caldwell, would be challenging enough. Little did she know their reunion would be overshadowed by a dangerous threat – held hostage by a ruthless Mafia hitman. As the stakes rise, Destiny finds herself caught in a web of danger, desire, and the tumultuous history she shares with Carter.  Carter Caldwell faces the challenge of running his billion-dollar cattle company while protecting his newfound family and cherishing the woman he loves. But as the hitman inches closer, Carter’s determination grows stronger. He'll risk everything to ensure the safety of his loved ones and gift Destiny with a veterinary clinic she deserves.  But can he outsmart the wolf lurking next door?  Join this duo on their thrilling, third-in-the-series adventure, where passion and danger meet head-on.  This blazing SECOND CHANCE ROMANCE will take you on a wild ride filled with intense emotions and red-hot chemistry.  Saddle up and immerse yourself in the heart-pounding thrills of a real-life rodeo, and don't miss out on this captivating cowboy romance. Scroll up now, one-click, and indulge in this gripping tale of love, suspense, and redemption today!","amazon:1737889269,goodreads:190908874,mobi-asin:B0C9V2BKRL,grvotes:69,isbn:9781737889267","","","Tono · Oscuro, Tono · Picante/Erotico, Arquetipo · Mafia, Arquetipo · Billonario/CEO, Arquetipo · Vaquero/Western, Subgenero · Romantic suspense, Tono · Coming of age, Dinamica · Segunda oportunidad, Paranormal · Lobos/Shifters, Paranormal · Fated mates","Romance contemporáneo [REVISAR]","","","","","",""
"Savage Rejections: Severed Ties","Salem Cross","Themes.Explicit Sex, General, Themes.Reverse Harem, _Biblioteca.Romance.Contemporaneo, Fantasy, Fiction, Romance","Severed Ties","1.0","I've been rejected. Twice.
One tore our sacred union apart in the unholiest of ways, which led to a decade of unfathomable torment.
The other saved me after I had escaped hell. He built me back up on the promises of love and a future only to walk away on the precipice of fulfilling our dreams. Both times I should have been broken beyond repair.
And, for a brief moment, maybe I was.
Thankfully, my third mate Titus, an unexpected gift in my darkest hour, has chosen to remain at my side.
Now I'm back with a vengeance. Our current monarch is a twisted, tainted piece of scum that's been dragging the dragon-shifters legacy through the mud. I'll take the crown and fix what damage she's sowed. Along the way, I will create enemies and place a target on my back, but I'm ready for a fight. I'll show the world that Cleodora Eves is here to clean house. And my mates? If they thought their rejections stung me, they better move out the way because my rejection may just burn?
","isbn:9781735348247,google:CA6jzgEACAAJ,mobi-asin:B09HJFFHM2","","","Dinamica · Harem inverso/Why choose, Tono · Picante/Erotico, Paranormal · Lobos/Shifters, Paranormal · Dragones","Romantasy [REVISAR]","","","","","",""
"Knox: An Alpha's Redemption Story","Elizabeth Dear","_Biblioteca.Romance.Contemporaneo, Fiction, Romance, Themes.Explicit Sex, General, Paranormal","Blackstone Academy","3.0","**""Dear does it again. Heartfelt, emotional, and the ultimate redemption story, Knox is worthy of 5+ stars."" - LK Farlow, Best Selling Romance Author** When I broke my year-long vow of celibacy for a one night stand with a beautiful, intriguing wolf girl I met in a Las Vegas bar, I thought I’d be chalking it up to just another notch on my bedpost—as much as I’d actually wished it could have been more.  But when I return home to my Pack and my duties as Alpha, including my new volunteer gig at Blackstone Academy as its interim men’s soccer coach, I discover that my Vegas girl is not only the school’s latest hire, but she’s also the newest addition to our Pack—and she’s not exactly thrilled about it. I’m also facing increasing threats from the outside—like megalomaniac Alphas who want to take my Pack from me—but I’m determined to prove that I’m the best Alpha for this Pack in spite of the fact that I inherited the role as a teenager from my conniving coward of a father when he disappeared ten years ago. To top it all off, I’m under constant pressure from the Pack elite to finally settle down with a powerful mate so that I can provide a strong Alpha Heir, showing these meddlesome outsiders that our Alpha line is virile and strong. I’m holding it together, and I’m still not looking for a mate—except I can’t seem to stop myself from thinking about our newest Pack member, who fascinates me in a way no woman has in a very long time. In the eyes of the Pack, she’s exactly the *wrong* kind of wolf for me, but I learned my lesson the first time I rejected a wolf I thought was beneath me. It was the biggest mistake I’ve ever made—one that I won’t be making a second time. I’m Knox Monroe, Alpha of the Northwest Louisiana Pack, and I’m going to protect my Pack *and* get the girl—and no one is going to fucking stop me. *This is a New Adult(ish) 105,000-word M/F Paranormal Romance. While it is possible to read as a standalone, it is* highly encouraged *that you at least read Mave’s book (Blackstone Academy Book 1) for a richer understanding of Knox’s backstory, the characters that will appear in this book, and the world of the NWLA Pack. As always, this book is intended for those 18+ and contains steamy scenes and foul language. There is a slight age gap between our hero and heroine, who are both in their twenties. If you’re ready to get into Knox’s head and see him finally get his HEA, then come on in.*","mobi-asin:B09JMKYTGD,isbn:9798419298156,google:lqq5zwEACAAJ,amazon:B09JMKYTGD","","","Dinamica · Age gap, Tono · Picante/Erotico, Publico · New adult, Paranormal · Lobos/Shifters, Subgenero · Paranormal romance, Paranormal · Fated mates","Paranormal [REVISAR]","","","","","",""
"Mave Fortune: A Rejected Mates Story","Elizabeth Dear","_Biblioteca.Romance.Contemporaneo, Fiction, Themes.Explicit Sex, Fantasy, urban","Blackstone Academy","1.0","When my family left our small, ultra-conservative pack back in Utah to join a giant pack in Northwest Louisiana, I thought I'd be able to coast through my last year of high school in semi-anonymity, then get the fuck away from wolf pack politics and just live my life for awhile. But the Moon decided to prolong my torture by placing my fated mate in front of my face on my first day at Blackstone Academy. He's the Alpha's son and king of a school crawling with shifters, and it turns out he doesn't care to be saddled with a Moon-chosen mate who he thinks is a nobody-omega wolf. When he rejects me in front of every shifter in school, I vow to harden my heart, become impervious to the constant, deep hurt of the rejection, and figure out how to be the first wolf in known history to shake the taint of a rejected fated mate bond. I'm also becoming closer to a new student--a smoking hot and intriguing human, who I can't manage to scare off even with the drama that surrounds me and the poisonous pack politics that I can't seem to escape. I can't even tell him what's really going on, but I think he's keeping secrets from me, too.
I'm Mave Fortune, and my mate threw me out like yesterday's garbage. But fuck that guy.
This is a new adult, M/F 133,000 word standalone story with a HEA. Any future books in the series will feature other characters. It is intended for the 18+ crowd and contains foul language, some mild violence, and steamy scenes. If you're a fan of upper YA/NA, wolf shifters, academy romances, and all of the associated tropes, then this book is for you!
","google:64ujzgEACAAJ,amazon:B08YN7MZ1T,isbn:9798724451697,mobi-asin:B08YN7MZ1T","","","Dinamica · Age gap, Tono · Picante/Erotico, Publico · New adult, Paranormal · Lobos/Shifters, Subgenero · Paranormal romance, Paranormal · Fated mates","Paranormal [REVISAR]","","","","","",""
"Primal Claim: A Rough Alpha Romance","Trent Evans & Victoria Johnson","Smut, Paranormal, Dark, _Biblioteca.Romance.Contemporaneo, M F Romance, BDSM, Romance, Dark Romance, Omegaverse, Abuse, Erotica","","1.0","**She thought belonging to an alpha would be shameful. She was right.** For a high-powered corporate manager like Chastity Sinclair, being claimed by an alpha was unthinkable. She would never allow herself to be mastered in such a humiliating fashion.  Until she went into heat and Adam Morgan caught her scent.  Then it wasn't up to her anymore, and not just because an alpha like him had the right to strip her bare, punish her for her defiance, and use and enjoy her beautiful body in any way he pleased.  It wasn't the law that made her beg for every climax as he ravaged her over and over again.  It was nature itself.","mobi-asin:B09THCK14N,goodreads:60503061","","","Tono · Oscuro, Tono · Picante/Erotico, Paranormal · Lobos/Shifters, Paranormal · Omegaverse","Paranormal [REVISAR]","","","","","",""
"The Siberian's Winter","LUCY FARAGO","Fantasy, _Biblioteca.Romance.Contemporaneo","F.U.C. Newbie Academy","12.0","Winter has come to the Furry United Coalition Newbie Academy with a secret that threatens to separate her from her hard-earned independence. When she stumbles upon a sexy Siberian taking a polar dip, the wary beauty has no idea her life is about to change.  While past relationships left him burned and alone, Sirius still searches for a way to belong. The question is, will falling for the stormy beauty leave him stranded in the bitter cold--again?  *The Siberian's Winter is a Furry United Coalition Newbie Academy (FUCN’A) book, set in Eve Langlais’ EveL Worlds and is available on all platforms!* Note: This book is a standalone, but if you want to read all about Loki and Mia, check out [Pawsitively Impurrfect](https://www.goodreads.com/book/show/53496964-pawsitively-impurrfect) by Lucy Farago!","isbn:9781386326618,mobi-asin:B08NN2Q2PY,goodreads:55936369,amazon:B08NN2Q2PY","","","Dinamica · Matrimonio concertado, Arquetipo · Mafia, Paranormal · Lobos/Shifters, Subgenero · Supervivencia, Subgenero · Mitologia nordica","Romantasy [REVISAR]","","","","","",""
"Where Demons Hide","Delaney Foster","Secrets, New Adult, mafia romance, Dark, _Biblioteca.Romance.Contemporaneo, Emotional, English.Romance.Dark Romance, English.Romance.Mafia Romance, Romance, Themes.Explicit Sex, Dark Romance, steamy, Contemporary Romance, Suspense","City of Sin","3.0","Book three in the City of Sin trilogy.    Full description coming soon.    Release date: May 4, 2023","mobi-asin:B0BWKZG9W9,goodreads:123000909","","","Dinamica · Enemigos a amantes, Dinamica · Slow burn, Tono · Oscuro, Tono · Picante/Erotico, Arquetipo · Mafia, Publico · New adult, Paranormal · Lobos/Shifters, Paranormal · Angeles y demonios","Romance contemporáneo [REVISAR]","","","","","",""
"Where Souls Collide","Delaney Foster","Secrets, Contemporary, New Adult, Slow Burn, mafia romance, Dark, _Biblioteca.Romance.Contemporaneo, English.Romance.Mafia Romance, Romance, Themes.Explicit Sex, Enemies To Lovers, Dark Romance, Suspense","City of Sin","2.0","**He's not the Prince Charming in my fairytale**   He's the big, bad wolf.    Fierce.    Brutal.    Seductive, like the snake in the garden.    His secrets will destroy me.    *If I don't destroy myself first.* **The angel wants to know what it's like to dance with the devil, and I'm about to show her the way.**   I don't deserve her.    But I crave her.    I'll devour her.    I'll fight for her.    I'll own her.    And when my enemies come after her, I'll protect her.   *Even if it's the last thing I ever do.* *Where Souls Collide is book two in a trilogy. It is not a standalone. All books should be read in order.*   **Check content warnings.**","goodreads:123000900,mobi-asin:B0BWL6X97S","","","Dinamica · Enemigos a amantes, Dinamica · Slow burn, Tono · Oscuro, Tono · Picante/Erotico, Arquetipo · Mafia, Publico · New adult, Paranormal · Lobos/Shifters, Paranormal · Angeles y demonios","Romance contemporáneo [REVISAR]","","","","","",""
"Death Is Easy","Letty Frame","Themes.Explicit Sex, Paranormal, Second Chance, Dark, Shapeshifters, Omegaverse, Slow Burn, Themes.Reverse Harem, Paranormal Romance, _Biblioteca.Romance.Contemporaneo, Why Choose, Fantasy, Romance","Second Chances","1.0","The future Alpha rejected me in front of the entire pack. On my eighteenth birthday. On the night fate chose us. “It’s nothing against you,” he said. “You’re just not good enough.” I lost my mate. My wolf. My place in the hierarchy. Six years later, I live small and quiet in the human world—pretending I don’t belong to claws, blood, and power. Until **Atticus Phoenix** finds me. Alpha lion. Corporate predator. The most powerful shifter in the country. When he claims me publicly, he doesn’t just defy the system that discarded me. He challenges it. And the men at his side—ruthless, loyal, dangerous—don’t question his decision. They reinforce it. Now hunters are circling. My sister is flaunting her mating to the man who destroyed me. And they’re all about to learn what happens when the woman they cast aside becomes the most protected female in the country. They said I wasn’t good enough. *They were wrong.* And the men who chose me are about to prove it. Death Is Easy *is Book 1 in the* completed *three-book Second Chances trilogy.* *Expect rejected mates, second-chance fated bonds, a devastating slow-burn reverse harem, ruthless alpha protectors, deadly enemies… and a broken heroine who refuses to stay prey.*","mobi-asin:B0BFXK96NL,amazon:B0BFXK96NL,goodreads:63116221","","","Dinamica · Slow burn, Dinamica · Segunda oportunidad, Dinamica · Harem inverso/Why choose, Tono · Picante/Erotico, Paranormal · Lobos/Shifters, Paranormal · Fated mates, Paranormal · Omegaverse, Subgenero · Paranormal romance","Paranormal [REVISAR]","","","","","",""
"Mind Scrambler","Ofelia Gränd","Lgbtq+, Romance, gay, Fiction, _Biblioteca.Romance.Contemporaneo","Rockshade's PID","2.0","Years ago, empath Elijah Long made a bad decision, and he is still paying for it. He’s kept hidden from his abusive werewolf ex for years, but when he wakes in a dark room, cuffed to a wall, he knows he’s out of luck. Elora, his psychic sister, will come for him, he just has to endure long enough to give her a chance to find him.  Captain Kol Jaecar of Rockshade’s Paranormal Investigations Department detests slow times at work, so when Elora wants time off to search for her brother, Kol treats it as if it’s a real case and starts an investigation. What he assumed was a brother not picking up when his sister called turns out to be something else.  Elijah experiences people’s emotions so strongly, it prohibits him from living a normal life. Spending time in the city is out of the question, yet it’s where Elora takes him once she finds him. Elijah does his best to keep his distance, especially from the growling man Elora brought to his rescue. Elijah will never make the mistake of getting close to a shifter again.  The moment Kol smells Elijah, he knows he’s his mate, but how to get close to someone who doesn’t want to be near you? The man who abused Elijah is still on the loose, and Kol calls in the entire team to hunt him down. But how are they to keep Elijah safe when he can’t be around people? And how will Kol stay sane if he can’t touch his mate?  *53,186 words*","google:16kREAAAQBAJ,isbn:9781646566761,goodreads:56553403","","","Paranormal · Lobos/Shifters, Subgenero · Superpoderes, Representacion · LGBTQ+ (MM)","Romance contemporáneo [REVISAR]","","","","","",""
"Mind Scrambler","Ofelia Gränd","Fantasy, M M Romance, Romance, LGBT, Shapeshifters, _Biblioteca.Romance.Contemporaneo, Paranormal","Rockshade's PID","2.0","Years ago, empath Elijah Long made a bad decision, and he is still paying for it. He’s kept hidden from his abusive werewolf ex for years, but when he wakes in a dark room, cuffed to a wall, he knows he’s out of luck. Elora, his psychic sister, will come for him, he just has to endure long enough to give her a chance to find him.  Captain Kol Jaecar of Rockshade’s Paranormal Investigations Department detests slow times at work, so when Elora wants time off to search for her brother, Kol treats it as if it’s a real case and starts an investigation. What he assumed was a brother not picking up when his sister called turns out to be something else.  Elijah experiences people’s emotions so strongly, it prohibits him from living a normal life. Spending time in the city is out of the question, yet it’s where Elora takes him once she finds him. Elijah does his best to keep his distance, especially from the growling man Elora brought to his rescue. Elijah will never make the mistake of getting close to a shifter again.  The moment Kol smells Elijah, he knows he’s his mate, but how to get close to someone who doesn’t want to be near you? The man who abused Elijah is still on the loose, and Kol calls in the entire team to hunt him down. But how are they to keep Elijah safe when he can’t be around people? And how will Kol stay sane if he can’t touch his mate?  *53,186 words*","isbn:9781646566761,goodreads:56553403","","","Paranormal · Lobos/Shifters, Subgenero · Superpoderes, Representacion · LGBTQ+ (MM)","Paranormal [REVISAR]","","","","","",""
"His Atonement","A. K. Graves","Themes.Explicit Sex, Romance, _Biblioteca.Romance.Contemporaneo","Bound Beyond Blood","3.0","A broken woman with dark secrets and a plan that could prove to be her undoing.   A heartless demon on an ill-fated path that could give him everything he’s ever wanted and more, or just as easily, take it all away.  After she’s given devastating news and suffers a heartbreaking loss, Frankie Masters decides to pack her bags and form a plan, one that includes relocating to Ashland, Oregon. Little does she know, this will open the door for things she never allowed herself to have or desire—like falling in love and hoping for a happily ever after before it’s too late.  As a demon nearly two thousand years old, Zan has accumulated more sins than he can ever atone for and he’s been perfectly fine with that until now. Now Zan has to choose between saving his soul or countless others and the last thing he needs is the added complication of finding his mate.  Kindred spirits full of hidden truths and ulterior motives, Zan and Frankie try to ignore the undeniable spark between them, a spark so potent it could easily burn their carefully constructed plans to the ground. When the battle proves to be useless and their efforts in vain, will their bond be enough for them to risk everything in the name of love or will that love destroy them both in the end?","goodreads:58742532,mobi-asin:B09C82MNJ1","","","Tono · Picante/Erotico, Paranormal · Lobos/Shifters, Tono · Angst/Drama emocional, Paranormal · Fated mates, Paranormal · Angeles y demonios","Paranormal [REVISAR]","","","","","",""
"His Crusade","A. K. Graves","Themes.Explicit Sex, Fantasy, _Biblioteca.Romance.Contemporaneo","Bound Beyond Blood","5.0","Ronny Caldwell is no longer the awkward and unsure teen he once was when he became a member of the Dragovihk Clan. The young wolf is now a force to be reckoned with and a vital part of the clan’s inner circle.   His family has grown to respect and appreciate him, and Ronny has become someone they can count on and call in when situations get rough, and when his uncles ask him to continue fighting the battle they started together, will they finally win?   Or will Ronny's crusade crash and burn, taking his family—and his mate—down with it?  *His Crusade can be read as a standalone like the rest of the Bound Beyond Blood Series, but it is strongly recommended to read it after book four due to a shared plot.*","goodreads:59746821,mobi-asin:B09MY7Q5RV","","","Tono · Picante/Erotico, Paranormal · Lobos/Shifters, Tono · Angst/Drama emocional, Paranormal · Fated mates, Paranormal · Angeles y demonios","Fantasía [REVISAR]","","","","","",""
"His Curse","A. K. Graves","Themes.Explicit Sex, Romance, Fantasy, _Biblioteca.Romance.Contemporaneo","Bound Beyond Blood","4.0","Colt Paddock is cursed.   A lone wolf doomed to carry secrets so heavy his only choice was to bury them.   But secrets can’t stay buried forever.   As the weight starts to crush him from the inside out, and his past collides with his present, threatening to destroy his future, will he finally let go of this burden?   Or will Colt’s curse be too much and destroy everyone he loves—his long lost mate included?","mobi-asin:B09MY8484F,goodreads:59746805","","","Tono · Picante/Erotico, Paranormal · Lobos/Shifters, Tono · Angst/Drama emocional, Paranormal · Fated mates, Paranormal · Angeles y demonios","Fantasía [REVISAR]","","","","","",""
"Que sea la última vez...","Màxim Huerta","Español.Romance, _Biblioteca.Romance.Contemporaneo","","1.0","Margarita Gayo, reina indiscutible e indiscutida de la televisión, recibe una carta de la revista TP que hará tambalearse su vida: quieren darle el premio a toda una carrera... Lo que debería ser motivo de alegría se convierte en una auténtica pesadilla. ¡La están llamando VIEJA! ¡¡¡Le están anticipando la jubilación!!! 
Desde ese mismo día Margarita vivirá sin vivir en sí. Tiene que hacer algo. Por ejemplo, acercarse a la clínica de su amiga Rita para que le dé unos pinchacitos que la hagan parecer más joven, irse de compras a las tiendas haute couture para darse un baño de masas y quitarse la depresión, programar un viajecito a París para adquirir el último modelo de Christian Lacroix... Y todo ello mientras los problemas se suceden a su alrededor: Luchi Lobo, que fue salir de Miss España, ponerse unos pechos enormes en la clínica Mallorca y tener programa para ella solita, le quiere quitar su puesto; en su pueblo, en vez de ofrecerle una plaza conmemorativa, sólo le dan una simple calle... y encima, en París, conoce a un modelazo guapísimo, divertido e inteligente de sólo ¡23 años! que la seduce y la conquista. Y así transcurre su vida hasta que llegue el día de la gran gala, ensayando el discurso una y mil veces: “El PREMIO que hoy tengo entre manos quiero que sea el alimento profesional de todas las demás aspirantes a presentadoras, todas esas misses, putones verbeneros, lobas, carroñeras, perras, busconas, zorrongas, descentradas, arribistas, liantas, alimañas peliteñidas, siliconadas, bichos, perversas, sabandijas, bestias, musarañas, rastreras escotadas, minifalderas golfas y frescas que empiezan en la televisión”...
","goodreads:16077186,isbn:9788427021228","","Romance","Paranormal · Lobos/Shifters, Tono · Trauma/Salud mental","Romance histórico [REVISAR]","","","","","",""
"Knot for Keeps","Melissa Huxley","Themes.Explicit Sex, Paranormal, Forced Proximity, Contemporary, Harem, steamy, Omegaverse, Enemies To Lovers, Why Choose, _Biblioteca.Romance.Contemporaneo, Romance, Fantasy","Havenverse","2.0","**Clearmont Haven gave us everything: protection, peace, opportunity, and safety within the walls we called home.** It only took four alphas, an impossible crime, and a single night to shatter everything. Drugged and stolen away, I'd overheard something vital, but I can't remember what the hell it was.  The problem was, I needed that information if I was ever going to escape this pack. Archer, the sweet-natured computer tech I'd already been talking to for months. Gage, the exhausted pack leader carrying the world's weight on his shoulders. Finn, the small-town veterinarian who might be damaged beyond repair. Kane, the pack's stoic guardian despite his reluctant, complicated place within it.  **Behind me, the safety of the home I'd always known. Ahead of me, the dangerous but exhilarating unknown with four men I was strangely drawn to. No matter which way I chose, one thing was certain: everything was about to change.**","mobi-asin:B0C7J7CLQP,goodreads:223529149,amazon:B0C7J7CLQP","","","Dinamica · Enemigos a amantes, Dinamica · Harem inverso/Why choose, Dinamica · Proximidad forzada, Tono · Picante/Erotico, Paranormal · Lobos/Shifters, Paranormal · Omegaverse, Ambientacion · Small town, Subgenero · Policiaco/Detective","Paranormal [REVISAR]","","","","","",""
"Pack Plus Three","Melissa Huxley","Themes.Explicit Sex, Paranormal, Contemporary, Sports Romance, Omegaverse, Hockey, _Biblioteca.Romance.Contemporaneo, Why Choose, Fantasy, Romance, Sports","Pucking Pregnant","1.0","**He’s the famous hockey player, and I’m the pregnant Omega next door…** My past was filled with mistakes, and knocking on a strange man’s door for a taste of his spicy food to satiate my craving was bound to be another one. The sparks were instant, and the bond I never expected to have grew, leaving me afloat as my due date loomed overhead. I thought my pregnancy would be the issue that kept us apart, and I’d raise my child alone. I hoped I was wrong, but everything in my world was uncertain. Adding Jeremy, Devon, and Nate to the mix might not be helpful. Jeremy, with his caring heart, took me in, and Devon filled my new home with laughter. Together, they reminded me of a kindness that I had forgotten. Nate was the only one who hadn’t accepted me, and although I never intended to come between the three of them, his refusal left him battling against his pack mates’ desires, sending us all into a whirlwind of emotion as they fought amongst themselves. **Because Jeremy might not be the dad, but he wanted to be.** *Pack Plus Three* is the first book in the *Pucking Pregnant* series and is in the same universe as the *Pucking Alphas* series. Although each book is a standalone, they should be read in order.","goodreads:210470266,mobi-asin:B0CZ9FD6WH,amazon:B0CZ9FD6WH","","","Dinamica · Harem inverso/Why choose, Tono · Picante/Erotico, Arquetipo · Deportistas, Paranormal · Lobos/Shifters, Paranormal · Omegaverse","Romance contemporáneo [REVISAR]","","","","","",""
"Haze","Sarah Jaeger","Themes.Explicit Sex, English.Romance.Mafia Romance, General, _Biblioteca.Romance.Contemporaneo, Fantasy, Fiction, Romance","The Ardelean Bloodline","2.0","Sometimes, finding your mate is only half the battle.   It’s a good thing I love a fight.  Finn  To wolves, our mates are sacred. Despite the life I’ve led, I never gave up hope of finding her.  After walking away from the “family business,” I’m forced to seek asylum with The Leviathan, the king of all wolves.  I’m ready for the quiet life: looking for my mate and staying out of trouble.  What I don’t expect? Is The Leviathan’s little sister, Kathleen Alden, to be the one. My mate. She’s younger, infuriating, passionate, and fits me perfectly in every way. I see our future clearly: mated, married, and a yard full of pups.  However, her adamant refusal to accept our bond has me fighting through every one of her defenses. She has no idea what she’s up against or the lengths I’ll go to keep her.  Lena  Griffin O’Leary may be strong, confident, and easy on the eyes, but I will never call him my mate. Ever. Not even his panty-melting Irish accent or alpha dominant vibes will… no. Nope. Not happening. It can’t.  First, because I don’t want a mate. Fated or otherwise.  And second, because there’s too much on the line to be tempted. My life’s work in shifter reproductive health is on the cusp of a breakthrough.  Was on the cusp.  Until an unfortunate… disruption derails my research. Now Finn and I are unceremoniously stuck together in a stalemate.  I was pretty sure I would come out victorious in the war of mating marks and matrimony. Except my wolf sides with Finn.  That little traitor.  It’s me versus Finn and my wolf. Will it be wedding bells or battle cries? There’s only one way to find out.  * * * Haze is the second book in The Ardelean Bloodline series and the first part in a duet. An ongoing plot connects each book in the series, and this story does end on a cliffhanger of sorts. Each book in The Ardelean Bloodline will need to be read in order. There are open-door, explicit scenes as well as colorful language not intended for young readers. Don’t let the fluffy puppy on the cover deceive you… he bites.","isbn:9798987700143,goodreads:134110175,google:VGQb0AEACAAJ,amazon:B0BZ7G656R,mobi-asin:B0BZ7G656R","","","Dinamica · Proximidad forzada, Tono · Picante/Erotico, Arquetipo · Mafia, Paranormal · Lobos/Shifters, Paranormal · Fated mates","Romantasy [REVISAR]","","","","","",""
"Smoke","Sarah Jaeger","Themes.Explicit Sex, General, _Biblioteca.Romance.Contemporaneo, Fiction, Romance","The Ardelean Bloodline","1.0","Following my dreams was supposed to be my way out.   Sometimes, what doesn’t save you, kills you after all…  Thalia  Apparently ignoring my parents’ politics wasn’t the right move.  Shifters were outed to the public, and months later, I’m still unsure what the big deal is about.  Now my life is in danger and the only one who can protect me is the true king of the wolves.  Cade is nothing like what my mom and the press show shifters to be. He’s thoughtful, reserved… and have you seen his butt in those jeans?  Cade  Having abdicated the throne, I’ve vowed to stay out of shifter politics.  Now, my sole responsibility, for the next nine weeks, is to make sure no idiots can completely derail the deal I’ve cut with the one woman holding all the cards.  The problem is… the threats against Thalia Clark are nothing compared to the danger of my wolf, now that he’s claimed this human as his.  I’ll kill to protect my mate, but is keeping up my end of the deal enough to save her?  –   Smoke is the first book in the Ardelean Bloodline series. While this story does contain an HEA for Cade and Thalia, there is an ongoing plot connecting each book in the series. Each book will need to be read in order. There are open door, explicit scenes as well as colorful language not intended for young readers. Don’t let the fluffy puppy on the cover deceive you… he bites.","mobi-asin:B0BSVSBZBL,isbn:9798987700105,google:ErO5zwEACAAJ,goodreads:124007444,amazon:B0BSVSBZBL","","","Dinamica · Proximidad forzada, Tono · Picante/Erotico, Arquetipo · Mafia, Paranormal · Lobos/Shifters, Paranormal · Fated mates","Romantasy [REVISAR]","","","","","",""
"Lakeside Romance","Lisa Jordan","Christian, clean & wholesome, Contemporary, Fiction, Love Stories, English.Romance.Contemporary Romance, Women's Fiction, _Biblioteca.Romance.Contemporaneo","","1.0","A Recipe for Romance Sarah Sullivan will do whatever it takes to make her summer youth program permanent. But when she’s tasked to teach the teens basic kitchen skills, her hope goes up in flames. Not knowing the first thing about cooking, Sarah needs help. Smelling the delicious aromas coming from her neighbour’s apartment one night, she thinks she’s found her answer. Alec Seaver might know his way around pots and pans, but the lone-wolf widower doesn’t want anything to do with the free-spirited beauty next door. But after he becomes Sarah's reluctant partner, Alec realises that she might just be the key ingredient missing from his life.
","mobi-asin:f783dd04-0a69-4dec-9064-e0e21254bd97,isbn:9781474056786","","christian, Clean & Wholesome, Contemporary, Fiction, Love Stories, Romance, Women's Fiction","Tono · Cozy/Ligero, Paranormal · Lobos/Shifters","Romance contemporáneo [REVISAR]","","","","","",""
"Knot Needed","Jamie Kassel","Themes.Explicit Sex, Paranormal, Erotica, Military Fiction, Smut, M M Romance, LGBT, Omegaverse, _Biblioteca.Romance.Contemporaneo, Romance, Fantasy, BDSM","","1.0","Michael was born a null. Not an alpha or an omega, but nothing. He never went to playmating group when he was younger, never fell in love or chose a mate. Frankly, it just didn’t matter. He went into the military young, was put on suppressants and has tried very hard not to think about it since.  His luck just ran out.  Meeting Sargeant Preston Grady, the alpha in charge of Designational Resources, jars him into his true omega self. But, Preston doesn’t just think Michael is an omega, he thinks he’s a submissive omega.  Which is a disaster.  This is a standalone gay omegaverse romance with a guaranteed happily ever after!","mobi-asin:B098XTP67Z,goodreads:58526686","","","Tono · Picante/Erotico, Paranormal · Lobos/Shifters, Paranormal · Omegaverse","Paranormal [REVISAR]","","","","","",""
"From Scratch: An M/M Paranormal Romance Mystery","April Kelley","Fantasy, Shifters, Lgbtq+, Romance, gay, urban, Fiction, _Biblioteca.Romance.Contemporaneo, Paranormal","Fountain Village Mysteries","1.0","For a human who knows about bat shifters and fated mates, Bryson is clueless about love.
Lake only wanted a bit of fun. The first time he leaves Nirvana Orchards compound, he meets his fated mate. But for bat shifters like Lake, blindness is a factor. It's a good thing he has echo location. But it leads straight to a human who doesn't want a mate. Bryson had just ended a relationship. The last thing he wants to do is get into another one. He never thought he'd meet his fated mate and he can't deny the pull toward Lake. But he might have bigger problems to worry about when a dead body turns up at the local bar. Bryson's big city training comes in handy to solve a murder. But it doesn't do anything in helping him figure out what to do about Lake. From Scratch is a MM Paranormal Romance set in the Saint Lakes and Wingspan Universe. If you like smart detectives and cute bat shifter fated mates with a mystery thrown in then you'll love this sensual romance novella. Buy From Scratch to solve the mystery.
","google:ox49vQEACAAJ,isbn:9781728875064,mobi-asin:B07DK45349","","","Tono · Picante/Erotico, Paranormal · Lobos/Shifters, Paranormal · Fated mates, Subgenero · Policiaco/Detective, Representacion · LGBTQ+ (MM), Subgenero · Paranormal romance","Paranormal [REVISAR]","","0","","Sin sinopsis ni tags; no identifico el subgénero con certeza.","",""
"Diamond in the Ruff","Jodi Kendrick","English.Romance.Contemporary Romance, English.Romance.Mafia Romance, _Biblioteca.Romance.Contemporaneo","F.U.C. Newbie Academy","14.0","**An orphaned pup and a privileged kitty with only the FUCN’A in common work together to thwart family negotiations for an arranged marriage and take down a crazy old dog.** Corra Terry is about to start a new life as a freshly enrolled cadet at the Furry United Coalition Academy alongside her BFF Bryah Lam. After her experiences at the hands of Bryah’s crazy ex-boyfriend, Corra has decided that becoming a FUC agent is the best way to get dangerous shifters like him off the streets. And nosy, arrogant Tomcats have no place in her plans.  Ladies’ man, Darcy Karak is enjoying the single life while deep in his training to become an agent at the academy. When his roommate, Caleb Terry’s newfound sister enrolls with her quirky best friend, his curiosity gets the better of him and he can’t help his sudden determination to teach Corra Terry how to have some fun - if he can ignore her bark and evade her bite.  …Until Families suddenly show up and throw a monkey wrench into their business sending them on unexpected missions to save Darcy’s future and inadvertently uncover Corra’s past.  *Diamond in the Ruff is part of Eve Langlais' Furry United Coaltion Newbie Academy (F.U.C.N.’A.) EveL Worlds and is available on all platforms!* NOTE: This book is a standalone, but if you want to read all about Bryah and Caleb's adventure, check out [Tough Nut](https://www.goodreads.com/book/show/54877424-tough-nut) by Jodi Kendrick!","ff:k/jodi-kendrick/diamond-in-the-ruff,isbn:9781393359821,goodreads:56612061,mobi-asin:B08S43LZPB,amazon:B08S43LZPB","","","Dinamica · Matrimonio concertado, Arquetipo · Mafia, Paranormal · Lobos/Shifters, Subgenero · Supervivencia, Subgenero · Mitologia nordica","Romance contemporáneo [REVISAR]","","","","","",""
"Always Angel","Heather Killough-Walden","English.Romance.Contemporary Romance, General, Contemporary, Fiction, _Biblioteca.Romance.Contemporaneo","Lost Angels","0.01","An exclusive ebook novella introducing THE LOST ANGELS - the brand new series from the NYT and ebook bestselling author of the BIG BAD WOLF series. 
If you loved The Heat, The Strip, The Spell and The Hunt, you will love THE LOST ANGELS. 
For fans of J. R. Ward, Nalini Singh and Charlaine Harris. For two thousand years, the four archangels have searched for their destined mates on earth. Now they are beginning to unite, but for Angel, it is a time of danger and fear. For with the Culmination these unions will bring about, her true nature will finally be revealed - opening her to an impossible desire, and exposing her to the one man she desperately craves...
","google:gt4bG3E7-pgC,isbn:9780755392087,mobi-asin:d33ccc62-8a4a-40c4-9b7a-947f7ce348b1","","Romance, General, Contemporary, Fiction","Paranormal · Lobos/Shifters, Paranormal · Fated mates, Paranormal · Angeles y demonios","Paranormal [REVISAR]","","","","","",""
"Ryan Renewed","Sadie Kincaid","English.Romance.Contemporary Romance, English.Romance.Mafia Romance, Themes.Explicit Sex, Contemporary, English.Mystery / Thriller.Crime Fiction, English.Romance.Dark Romance, Themes.Reverse Harem, _Biblioteca.Romance.Contemporaneo","New York Ruthless","5.0","Jessie Ryan is happier than she had ever imagined she could be. Although baby making isn't turning out to be quite as problem free as she'd expected, with her hotter than hell husbands by her side, she knows they can overcome any obstacles in their way.  But, Jessie should know better than anyone how that kind of true happiness never lasts. Because pasts like hers just refuse to stay buried.  With people from both Jessie's and the Ryan brothers' history determined to steal the happiness they've worked so hard for, they must work together more than ever to ensure that nobody tears them apart.  **Ryan Renewed is full of spice, steam, emotion and a whole lot more spice.** Trigger warnings include discussion of fertility issues/ mention of pregnancy loss/ scenes of a violent and sexual nature.","mobi-asin:B09W4CZS61,amazon:B09W4CZS61,goodreads:60692176,ff:k/sadie-kincaid/ryan-renewed","","","Dinamica · Harem inverso/Why choose, Tono · Oscuro, Tono · Picante/Erotico, Arquetipo · Mafia, Paranormal · Lobos/Shifters, Subgenero · Policiaco/Detective","Romance contemporáneo [REVISAR]","","","","","",""
"Alpha: Chaos Awakens","Aleron Kong","_Biblioteca.Romance.Contemporaneo, English.Romance.Mafia Romance, Fiction, Epic, Fantasy","Alpha","1.0","The Earth barely survived the Third World War.
It isn't ready for the War of the Worlds.
A beam of pure Chaos has descended on the Earth connecting it to the Labyrinth Universe.
Monsters will spawn, heroes will level and nations will fall.
Chaos will Awaken!From the mind of Aleron Kong, the Father of American LitRPG, comes his tenth book!With over 1,000,000 books sold, a Wall Street Journal Best Seller and the series voted one of the Top 100 of ALL TIME by Audible.com, you can't go wrong!Experience a brand new magical system combining LitRPG leveling and Wuxia cultivation in a seamless world that always pushes the characters you love and hate to the edges of the universe and their sanity.
Not everyone will survive when Chaos Awakens!
","amazon:B0D46MJVC7,mobi-asin:B0D46MJVC7,google:FREI0QEACAAJ,goodreads:213479068,isbn:9798218531447","","","Tono · Picante/Erotico, Ambientacion · Navideno/Festivo, Subgenero · Policiaco/Detective, Subgenero · Romantic suspense, Paranormal · Dragones, Ambientacion · Regencia, Representacion · LGBTQ+ (MM), Subgenero · Paranormal romance, Arquetipo · Militar/SEAL, Paranormal · Lobos/Shifters, Subgenero · Supervivencia, Tono · Trauma/Salud mental, Tono · Cautiverio/Trata, Arquetipo · Mafia, Subgenero · Fantasia epica, Subgenero · LitRPG/GameLit, Subgenero · Fantasia progresiva/Cultivo","Fantasía [REVISAR]","","","","","",""
"Rendición","Kayla Leiz","Ficción contemporánea, Español.Romance, _Biblioteca.Romance.Contemporaneo","","1.0","Shanie es una joven de veintisiete años cuyo aspecto físico es el de una chica de dieciséis. Harta de que nadie se fije en ella, sigue el consejo de sus compañeros de trabajo y comienza a ir a una discoteca de moda. 
Desde hace una semana, Wolf no ha perdido de vista a esa criatura que recientemente frecuenta su negocio. Y cada vez le cuesta más dejar de observarla. La atracción que sienten es mutua, pero Wolf, al descubrir que es virgen, se aleja de Shanie por su bien. Un año después no ha podido olvidarla, y cada día se arrepiente más de lo que le hizo. 
Después de lo sucedido con Wolf, lo único que quiere Shanie es que la dejen en paz. Ella, que siempre había sido alegre, divertida y risueña, se encierra en sí misma para no volver a sufrir nunca más. 
Cuando Wolf reaparece en su vida, se propone sacarla de su letargo como sea y recuperar a la Shanie que conoció y de la que se enamoró, aunque para lograrlo tenga que secuestrarla.
","goodreads:23278943,mobi-asin:7bac9cbc-ee84-4a06-a8fc-2fac7799632a,isbn:9788408132400","","Romance Contemporaneo","Paranormal · Lobos/Shifters, Tono · Cautiverio/Trata","Romance contemporáneo [REVISAR]","","","","","",""
"Omega Inked","London Lennox & Cordelia Owens","Contemporary, Ebooks, _Biblioteca.Romance.Contemporaneo, Romance, Why Choose, Omegaverse, Paranormal","Solstice Bay Inkverse","1.0","**If you're not marked, then you're not claimed. But Olivia Cruz is about to meet three hot alphas who will tattoo, tame, and claim her.** Olivia has spent her whole life trapped within the oppressive confines of Solstice Bay. All she wants is to get a synthetic claiming mark so she can live in peace and freedom…but fate intervenes when three enigmatic alphas come into her life.  Phoenix, the intense and brooding tattooist, harbors a mysterious past that draws Olivia in like a moth to a flame.  Liam, the charming and free-spirited piercer, offers her a taste of the freedom she has always yearned for.  And Mercer, the enigmatic smuggler, captivates her with his intense gaze and quiet strength…even as he tries to resist her.  As Olivia finds solace and safety on their houseboat—and maybe in their arms—she discovers their hidden to help Omegas escape the clutches of their oppressive society.  These men are dangerous, but when Olivia's heat kicks in, she can't resist them. Will she be able to resist temptation and continue her life as a solo omega? Or will she give in and join their rebel pack?  OMEGA INKED is a steamy whychoose Omegaverse romance that will take you on a thrilling journey of love, self-discovery, and rebellion. Prepare to be captivated by Olivia's strength, the irresistible allure of the tattoo artists, and a revolution that will leave an indelible mark on their hearts and their world.","mobi-asin:B0C71Y818L,goodreads:172566137","A WhyChoose Omegaverse Romance","","Dinamica · Harem inverso/Why choose, Tono · Picante/Erotico, Paranormal · Lobos/Shifters, Paranormal · Omegaverse","Romance contemporáneo [REVISAR]","","","","","",""
"Omega Stained","London Lennox & Cordelia Owens","Omegaverse, _Biblioteca.Romance.Contemporaneo, Paranormal","Solstice Bay Inkverse","3.0","**Kendra has been burned and broken, but this omega is ready to rise from the ashes.** In the harsh and unforgiving underworld of Solstice Bay, omegas are marked with tattoos, their bodies adorned with the sigils of their claimed alphas. For Kendra, the tattoos she bears are more than just ink; they represent a life of restricted choices, a fate bound to the whims of others.  But Kendra is no ordinary omega. Beneath her submissive veneer lies a fiery spirit yearning to break free from the chains of tradition. Fueled by an unwavering determination to forge her own destiny, Kendra's defiance catches the attention of not just one, but several powerful and enigmatic alphas.  Carson, the Enclave's revolutionary leader.  Zane, the tattooist who finds Kendra at her darkest moment.  And Maddox, the ACB agent hunting all three of them…and who can't resist falling under Kendra's spell.  In a daring exploration of love and self-discovery, Kendra must navigate the complexities of her desires while challenging the oppressive norms that dictate her world. With danger lurking at every turn and a society that seeks to keep them apart, the alphas and Kendra must confront not only external threats but also their own insecurities.  Will Kendra find the strength to embrace her true nature and shatter the conventions of their cruel society? Can these alphas set aside their differences and come together to protect the omega they all cherish?  Or will Kendra's entanglements lead to the downfall of the Enclave?  *OMEGA STAINED is* *a steamy whychoose Omegaverse romance that will conclude the first arc in London Lennox's Inkverse. Buckle in for the most suspenseful entry in the series so far, and an exploration of alliances, love, and of course…plenty of steam.*","mobi-asin:B0CD2RDQ6C,goodreads:195227659","A WhyChoose Omegaverse Romance","","Dinamica · Harem inverso/Why choose, Tono · Picante/Erotico, Paranormal · Lobos/Shifters, Paranormal · Omegaverse","Paranormal [REVISAR]","","","","","",""
"Sawyer","Elle Lincoln","Themes.Explicit Sex, Paranormal, Omegaverse, Themes.Reverse Harem, Why Choose, _Biblioteca.Romance.Contemporaneo, Romance","Castle Omega","3.0","***A gamma’s guide to sin…* **  First, take a deep breath and remember that you have the power to control your own destiny, even if it means standing up to alphas who bark orders, betas who belittle you, deltas who try to bully you, mages who seek to predict your fate, and omegas who reject you.  Second, if you find yourself on a mission with two alphas and a delta who are threatening to overpower you, don’t give in. Prove them wrong by showing them that you are more than capable and that even though you may be a gamma, you are still a powerful force.  Third, don’t let their seductive words slither their way into your ears and deceive you into believing that they desire you and consider you theirs. No matter how magical they make you feel, biology will never be overruled. This is merely a fling, nothing more. Once the thrill wears off, you’ll be all alone.  Fourth, brace yourself for the aftermath of broken promises. Though it may seem satisfying in the moment, heartache is inevitable. Pheromones are addictive, demanding we obey their every command and leaving us helpless. Us gammas have needs, but when karma delivers its rightful blow, don’t say I didn’t warn you.  Fifth, swish those hips as you walk away. That way, they’ll never see your tears.","mobi-asin:B0BCXC1WLR,goodreads:63138525","","","Dinamica · Harem inverso/Why choose, Dinamica · Proximidad forzada, Tono · Oscuro, Tono · Picante/Erotico, Paranormal · Lobos/Shifters, Paranormal · Omegaverse","Paranormal [REVISAR]","","","","","",""
"Seraphina","Elle Lincoln","Themes.Explicit Sex, Omegaverse, Themes.Reverse Harem, _Biblioteca.Romance.Contemporaneo, Romance, English.Romance.Dark Romance","Castle Omega","4.0","***An omega’s guide to getting snowed in during a heat, with a pack that isn’t even mine.* **  As winter’s icy grip tightens its hold, my heat threatens to steal all reason, leaving me vulnerable to the whims of fate. Trapped on a secluded estate with a charismatic alpha who ignites desires I dare not acknowledge, I’m left with no choice but to surrender to the inevitable.  I never envisioned I’d be a slave to my hormones, craving the heat of another’s touch. I longed to explore the world, freed from the restrictive laws that once bound omegas, yet a captivating stranger and his pack kindle my heat, and we spend a week together full of fiery passion. They pursue me in ways that awaken my desires and unravel the frosty barriers around my heart. When all is said and done, they refuse to release their claim, beckoning me into a world I never sought.  As the snow piles high, I question my instincts and choices. Is it the heat or something more profound that draws me to them? With each step I take, I feel their presence grow nearer, their warmth promising refuge in the coldest of storms.   Danger lurks in the shadows of this snowbound paradise. An unknown threat with sinister intent roams the wilderness, and with their sights set on none other than me, I must confront the chilling reality that my newfound desires may lead me straight into this merciless predator’s path.  I am swept into a winter of passions, where destiny weaves a tale of desire and connection that blurs the line between choice and inevitability. I yearn for the embrace of pack Armana, who chase after me. Can I allow myself to accept their love while also evading an unknown threat hell bent on sabotaging my first heat?Seraphina is a snowed-in omegaverse, and it's the fourth book in the Castle Omega Series. With a lighter tone than the other books in this series, it is a standalone novel, and you do not need to read the previous books to understand this one.","goodreads:157662590,asin:B0BXJY9GGW","","","Dinamica · Harem inverso/Why choose, Dinamica · Proximidad forzada, Tono · Oscuro, Tono · Picante/Erotico, Paranormal · Lobos/Shifters, Paranormal · Omegaverse","Romantasy [REVISAR]","","","","","",""
"Mortals and Mayhem | Book One","B. Livingstone","Themes.Explicit Sex, Paranormal, Shapeshifters, _Biblioteca.Romance.Contemporaneo, Dark Romance, Why Choose, Fantasy","Mortals and Mayhem Universe","1.0","**Four alpha wolves, one alpha bear, and one lost, confused, and hurt alpha she-wolf. Sounds like the beginning of a really bad bar joke. Only this is my life.** Since before I could walk, I’ve been preparing to take over for my father as alpha of our pack. I just never thought I would have to lose everything first, including myself. After years on my own, drowning in grief and isolation, five alphas invaded my life with one goal in mind.   *To fix me.*   But I have no interest in being fixed. Will these alphas pull me from the edge or will I forever be lost to the encroaching darkness?   *It’s a battle of wills and they have no idea who they’re dealing with.* * * * *Mortals and Mayhem* is a series containing three books and one novella. Each are meant to be read in order.   This book contains scenes and themes suitable for 18+ audience that be trigging for some. Please review the contain warnings within before enjoying.  *This story was previously published under the title* Beautifully Shattered *in 2020 but has gone through content change and added material.*","isbn:9798878318877,mobi-asin:B0CW1KCCKT,amazon:B0CW1KCCKT,goodreads:207022794","","","Dinamica · Harem inverso/Why choose, Tono · Oscuro, Tono · Picante/Erotico, Paranormal · Lobos/Shifters, Tono · Trauma/Salud mental","Paranormal [REVISAR]","","","","","",""
"Deception: A Dark Mafia Romance","Natalia Lourose","Smut, Contemporary, mafia romance, Dark, _Biblioteca.Romance.Contemporaneo, English.Romance.Dark Romance, English.Romance.Mafia Romance, Romance, Themes.Explicit Sex, Dark Romance, Spicy","Sinners of New Orleans","2.0","**A liar searching for the truth,   A psycho hiding behind a mask.   Both trapped in a web of deception.** **Zoe**   Everything has a meaning.   Every action has a consequence.   So there has to be a reason my world was turned upside down.   I just have to find it.   And that’s how I end up at Saints and Sinners, wrapped up in lies and half truths.   Surrounded by wolves, who don’t think twice about letting a lion into the hen house.  **John**   I’m not an honest man.   I manipulate the truth, pulling the puppet strings to get what I want.   I use people's secrets against them, turning their transgressions into a license to kill.   I’m not expecting the doe eye girl in black lingerie to send a dagger through my heart with the sway of her hips.   But she has a secret, and I want to know it.  **What’s a liar to do?** *""Deception"" is part of the Sinners of New Orleans series. It is a full length, stand alone, secret identity/dark/mafia romance with spicy scenes and an HEA.  Deception contains themes of violence, explicit language, descriptions of the aftermath Hurricane Katrina, and domestic violence/violence against women. Please take caution when reading.*","mobi-asin:B09NWGLDRL,goodreads:190117734","","","Dinamica · Enemigos a amantes, Dinamica · Prohibido, Tono · Oscuro, Tono · Picante/Erotico, Arquetipo · Mafia, Paranormal · Angeles y demonios, Tono · Trauma/Salud mental, Paranormal · Lobos/Shifters","Romance contemporáneo [REVISAR]","","","","","",""
"Brutal Empire","C. Lymari","Themes.Explicit Sex, English.Romance.Mafia Romance, Themes.Reverse Harem, Dark Romance, _Biblioteca.Romance.Contemporaneo, Dark, English.Romance.Dark Romance","Sekten","3.0","*The Sekt does not forgive.   The Sekt does not forget.    Keeper of secrets and dealers of lies.    We bow to no king nations or men. *  • • • • • •  He was a prince, and I was a pauper. He was a false fairy tale in this world full of nightmares.  We were so different, but deep down, we were the same—monsters who could not be tamed.  He was chaos, and I was pain.  This brutal empire would soon meet its end.  Unless one of us was lying and betrayal destroyed us instead…  • • • • • •  Author's Note: The Sekten Series is a dark romance series that needs to be read in order. It is intended for mature audiences since there is a lot of graphic content, and it might not be suitable for you if you are easily triggered. Some books will be darker than others, but all are triggering nonetheless. This is a dark world, so read at your own discretion.","mobi-asin:B0BJZ1D6MS,goodreads:54584517","","","Dinamica · Harem inverso/Why choose, Tono · Oscuro, Tono · Picante/Erotico, Arquetipo · Mafia, Dinamica · Enemigos a amantes, Paranormal · Lobos/Shifters","Romantasy [REVISAR]","","","","","",""
"Cruel Crown: A Dark Romance","C. Lymari","Themes.Explicit Sex, English.Romance.Mafia Romance, mafia romance, Enemies To Lovers, Dark Romance, Suspense, _Biblioteca.Romance.Contemporaneo, Dark, Romance, English.Romance.Dark Romance, Erotic Romance","Sekten","2.0","*The Sekt does not forgive.   The Sekt does not forget.   Keeper of secrets and dealers of lies.   We bow to no king, nations, or men.   Crossing us is certain death.* • • • • • •   Mayhem, secrets, and blood:⁣   We were both monsters who lurked in the dark. ⁣   ⁣   She was a huntress, but I was a wolf. There was no safe haven for her in this world. ⁣   ⁣   So be careful, my queen, when you wear your cruel crown. It would be a shame to see your blood pouring out. ⁣   ⁣   The game has started, and the lies will be revealed. One question remains; who will strike out and who will kneel?⁣  • • • • • •   **Author's Note:** The Sekten Series is a dark romance series that needs to be read in order. It is intended for mature audiences since there is a lot of graphic content, and it might not be suitable for you if you are easily triggered. Some books will be darker than others, but all are triggering none the less. This is a dark world, so read at your own discretion.","mobi-asin:B08DP4R6PJ,goodreads:55121975","","","Dinamica · Harem inverso/Why choose, Tono · Oscuro, Tono · Picante/Erotico, Arquetipo · Mafia, Dinamica · Enemigos a amantes, Paranormal · Lobos/Shifters","Romantasy [REVISAR]","","","","","",""
"Violet Flames: Book Two in the Broken Omegas Series","Kitt Lynn","Themes.Explicit Sex, _Biblioteca.Romance.Contemporaneo","Broken Omegas","2.0","**Violet** There’s a belief among the patients at Havenfield that broken omegas end up with broken packs. After all, no alpha wants a traumatized omega as a mate….that is, unless they’re refused at a “proper” institution. *Then* they settle for us. **But I’m not looking to settle.** At twenty-eight years old, I’m happy to live out the rest of my days without an alpha telling me what to do. Even if that means I won’t live much longer—omegas my age simply don’t survive very long without a pack to tend to them. But I’m okay with that. I’ll die clinging to the last memories of the love of my life, and whatever is left of my pride. **But my doctors have other plans.** Forced to live with a pack I don’t know to nurse their sick omega back to health, I’ve decided I’m done doing as I'm told. Eager submission was never my strong suit. **NOTE:** *This book can be read as a* standalone *.* Violet Flames is a Contemporary (MMMMF) Reverse Harem Omegaverse Romance. It contains violence and dark themes. HEA. Please heed the warnings before reading.","isbn:9781958309124,mobi-asin:B0BXKPQDJS,amazon:B0BXKPQDJS","","","Dinamica · Harem inverso/Why choose, Dinamica · Poliamor/Trio, Tono · Oscuro, Paranormal · Lobos/Shifters, Paranormal · Omegaverse, Tono · Picante/Erotico","Romantasy [REVISAR]","","","","","",""
"Changed Omega","Rozy Mack","Themes.Explicit Sex, Second Chance, M M Romance, Emotional, Omegaverse, Polyamory, Themes.Reverse Harem, _Biblioteca.Romance.Contemporaneo, English.Romance.Dark Romance","","1.0","Life as an Omega was perfect…well, as perfect as life could be in the real world.  My pack had been together for a couple years, and we overflowed with love and laughter.  Brynn, my down-to-earth beta female  Meade, my goofy, lovable Alpha male  Rees, our protective male Alpha leader  When my heat hit, we did what we always lost ourselves in each other. But when the haze cleared and I emerged from my nest, the harshness of reality crushed the high of our time together.  Stolen away by a feral Alpha stranger and secluded in an isolated cabin, I had no idea where I was or what he would do, seemingly doomed to suffer the loss of my family while our bond strummed in agony with grief at our distance.  Finding my way back to them would leave this Omega forever changed.  **Changed Omega is an unconventional Why Choose/Polyam Omegaverse story suitable for 18+.**   *Content Warning is available at linktr.ee/rozymack*","amazon:B0BNWYKWBJ,goodreads:132846094,mobi-asin:B0BNWYKWBJ","","","Dinamica · Segunda oportunidad, Dinamica · Harem inverso/Why choose, Dinamica · Poliamor/Trio, Arquetipo · Alpha male, Tono · Oscuro, Tono · Picante/Erotico, Paranormal · Lobos/Shifters, Paranormal · Omegaverse, Tono · Trauma/Salud mental","Paranormal [REVISAR]","","","","","",""
"Good Boy : (Vanilla Baby Trilogy Book 2) An MM Omegaverse Sugar Daddy Romance","Jett Masterson","M M Romance, queer, Contemporary, College, Sexual Content, LGBT, _Biblioteca.Romance.Contemporaneo, English.Erotica, Forced Proximity, Erotica, BDSM, Romance, Omegaverse, Adults (18+)","Vanilla Baby Trilogy","2.0","Remi Laroche is spiraling after false rumors and photoshopped pornographic images of him are spread around his university. Then to top it all off, he's evicted from his apartment. His sugar daddy is the one who comes to his rescue and picks up the pieces when Remi is falling apart. Dimitrios Cirillo is not a hero, or at least he never has been before. There's something about Remi that makes him want to play that role for the first time ever. His sugar baby is the only one who gets his protection... because his good boy is the only one who deserves it.","mobi-asin:B0C3DN6H5Z,goodreads:139923297","","","Dinamica · Proximidad forzada, Tono · Picante/Erotico, Paranormal · Lobos/Shifters, Paranormal · Omegaverse","Romance contemporáneo [REVISAR]","","","","","",""
"Knot Her Reality","Miranda May","Omegaverse, Why Choose, Polyamory, Fantasy, Contemporary, Romance, M M Romance, Lesbian, Menage, Paranormal","Heated","3.0","**Season three of Heated is starting out with a bang—public outcry, protests, and boycotts—all before we’ve even begun filming.**   
I know you have to be wondering how a reality dating show could cause this kind of reaction. That would be because of me. My name’s Evangeline, and I'm this season’s omega. Did I mention that I'm a proud bisexual woman? Being bisexual in this day and age isn’t a big deal… unless you’re a woman. Then it’s selfish and an absolute travesty, according to my parents, who disowned me years ago. Apparently, because there are fewer women born every year, I shouldn’t be allowed to fall in love with them. Just like the first two seasons, I have twenty suitors this season—both men and women; alphas, betas, and even omegas—who are contending for my love and a spot in my pack. Even though chaos encompasses this season, I still only have eight weeks to choose who I’m going to spend the rest of my life with. No pressure or anything.**As much as I want to find my pack and love who I want to love, I can't help wondering if this will all be worth it in the end.**
","mobi-asin:B0D285G5XQ,amazon:B0D285G5XQ,goodreads:211861323","","","Dinamica · Harem inverso/Why choose, Dinamica · Poliamor/Trio, Paranormal · Lobos/Shifters, Paranormal · Omegaverse, Representacion · LGBTQ+ (FF)","Romance contemporáneo [REVISAR]","","","","","",""
"Wicked Girl","A. J. Merlin","Themes.Explicit Sex, Fiction, General, _Biblioteca.Romance.Contemporaneo","Knot Their Toy","2.0","**The murders may be over, but my heartache is back in full force, thanks to my mother and my own misgivings.** When I return to Winter Grove early and end up relying on the pack to help me out, I’m sure it’s a new form of torture. Instead, I find myself growing closer to August and Foster. I can’t help but think they’re dragging me deeper underwater, with no intention of letting me up for air anytime soon.  To add to the confusion, a new arrival at the university has a grudge against the pack, and she knows that getting to them is easier when she’s targeting anyone who’s more vulnerable than the boys.  And that might include me, despite how much I want to stay out of it.  But when she goes after my place at Winter Grove and the pack that I might be willing to call my own, will I just let her? Or will I take a few lessons from my vile boys and show her I’m not so quick to surrender?  Wicked Girl is the second book in the Knot Their Toy duet and includes omegaverse, M/M, poly, and bullying.","mobi-asin:B0BFMG6KJB,goodreads:63891159,google:aE6KzwEACAAJ,amazon:B0BFMG6KJB,isbn:9781955540223","","","Tono · Picante/Erotico, Paranormal · Lobos/Shifters, Paranormal · Omegaverse","Paranormal [REVISAR]","","","","","",""
"Knot for Me: How a Bad Omega Falls in Love","Rory Miles","Themes.Explicit Sex, Paranormal, English.Romance.Mafia Romance, _Biblioteca.Romance.Contemporaneo, Fiction, Romance, Shifters","","1.0","It's a universally known fact that all omegas want is a pack and a safe place for their babies. Wrong. That's not what all omegas want. I don't want either. When I screw up my chances of being matched with a pack, I'm sent to the Omega Auctions. There I'm sold to a royal pack to be their maid. I'm hardly qualified to clean and I'm not sure being stuck with an unmated pack is the best idea because my first heat is coming and these guys are H.O.T. HOT. My name is Reagan and I'm a bad omega who refuses to fall in love. Let's just hope my heart gets the memo because that's knot the life for me.
","isbn:9798408726325,google:yWoV0gEACAAJ,mobi-asin:B09M2QTFKS","","","Tono · Picante/Erotico, Arquetipo · Mafia, Paranormal · Lobos/Shifters","Paranormal [REVISAR]","","","","","",""
"Party Girl","Rory Miles","Themes.Explicit Sex, Paranormal, Contemporary, Adult, Spicy, English.Romance.Mafia Romance, Contemporary Romance, Omegaverse, Paranormal Romance, Why Choose, _Biblioteca.Romance.Contemporaneo, Romance, Fantasy","Omega Love","2.0","**It’s a universally known fact that omegas don’t party.** Well, most omegas don’t.  The night before I was set to be matched at the Compatibility Ceremony, I went out to party. I didn’t care that I might get in trouble because I didn’t want to waste my last night of freedom being what everyone expected me to be: good.  Everything was fine… Until it wasn’t. The authorities showed up and I got arrested just as my high hit. To make matters worse, I got banned from finding my match and was sent to the Omega Auctions.  A horrible pack takes me in, but their enemies have other plans for me. The enemy of my enemy is my friend, unless they’re the cops who arrested me.  Will I be able to escape the pack that ruined my life or will I fall hard?  *This is a standalone reverse harem romance with swoon-worthy heroes and a heroine who has a knack for breaking rules.*","amazon:B09R2BCYZM,goodreads:60378060,mobi-asin:B09R2BCYZM","","%Paranormal","Dinamica · Harem inverso/Why choose, Tono · Picante/Erotico, Arquetipo · Mafia, Paranormal · Lobos/Shifters, Paranormal · Omegaverse, Subgenero · Paranormal romance","Paranormal [REVISAR]","","","","","",""
"Forsaken Wolf","Tala Moore","Themes.Explicit Sex, _Biblioteca.Romance.Contemporaneo","Silver Moon Alpha","2.0","One night and my best-laid plans are incinerated. I lose myself to passion, and everything changes.  Jace may have seared my heart with his scorching touch, but I’ve worked hard to forge my own fate. All I’ve ever wanted was to choose my own future.  Turns out, choices have consequences.  Now, I’m pregnant with our baby. Except Jace is an Alpha. One with responsibilities.  So I have a new plan. Protect this child with everything I have, and ignore the connection to a sexy, brooding, unavailable Alpha my heart craves.  All I need to do is stay away…  *Silver Moon Alpha is for lovers of a secret baby and a love that will stop at nothing to be acknowledged. Jace and Carli's story is romance at its best—addictive, steamy, and satisfying with a sigh-worthy happily ever after. Grab your copy today!  *Please Note*   Welcome to Forever Mates, where each trilogy focuses on a different pair of fated mates. By the end of every trilogy, each couple will have their satisfying happy ever after.*","goodreads:123691625,mobi-asin:B0BTD416SW","A Forever Mates Trilogy","","Dinamica · Bebe secreto, Tono · Picante/Erotico, Paranormal · Lobos/Shifters, Paranormal · Fated mates","Paranormal [REVISAR]","","","","","",""
"Mark Me Rogue","Eva Kingsley & Tala Moore","_Biblioteca.Romance.Contemporaneo, Shifters, Fiction, Romance, Paranormal","","1.0","I turned my back on pack life the day my mother was killed. And I never looked back. Living the life of a loner suits me. It's peaceful. Safe.
Until Astra almost drowns right in front of me.
Saving her isn't a choice. The bite that follows feels just as instinctual. Almost primal.
And it changes everything.
All she has to do is smile, and my frozen heart melts. My blood heats. My wolf demands I possess her.
Except Astra's more than the happy hippy who stumbled into my camp. She has something both packs want. If she's not mated to me, then she'll be claimed.
To have her, I have to fight for her. I have to join Dark Moon once more...The epic Apex Pack series continues with Rowan and Astra's story, a must-read for lovers of grouchy loners, sexy rays of sunshine, and a steamy bond that transcends everything. Mark Me Rogue is s a steamy, standalone romance with a HEA that will leave you sighing and satisfied.
","isbn:9798863194905,mobi-asin:B0CBF23X28,google:cio60AEACAAJ","A Steamy Fated Mates Romance","","Tono · Picante/Erotico, Paranormal · Lobos/Shifters, Paranormal · Fated mates, Subgenero · Paranormal romance","Paranormal [REVISAR]","","","","","",""
"From Fire","Lacey Moreno","Themes.Explicit Sex, _Biblioteca.Romance.Contemporaneo","The Lady Of The Lake","1.0","**I was only a fisherman’s daughter...   until I was told to find 5 mates to become The Lady of the Lake... **  The day my parents died was the day my powers awakened, and I was told I was the most powerful being in all the kingdoms.  Although I didn’t know it, my mother was preparing to train me before her murder, but now nothing can prepare me for the prophecy. Because here, the only mages allowed are the ones who work for kings. If they find anyone else performing magick, they're burned alive to prevent the return of The Lady of the Lake from deciding who will be the next true king. And apparently, that’s me. I am to be the next Lady of the Lake. So now I’m on the run and I need to find five men whose fate is to help me.  There's Yves, the Daddy of the group. A dragon shifter who I've been dreaming about since I was a kid. Crazy protective and willing to teach me everything he knows.  Then there's Arbor. Tattooed tavern owner who's as big as a tree and can shift into one! His size is intimidating, but I'm not one to easily be intimidated.  Merlin is a young mage who works for the North King and his son Arthur. There's something dark in him that terrifies and excites me.  And the other two? I'm just not so sure about yet. Yves thinks I need to find my 5 and together we will change the world into a safe place for all, ending the tyranny of the 5 kings.  But what do I want? I want to avenge my parents’ death, not rule and unite all the kingdoms. I’m just a girl, right? I’ve never even traveled further than the next village, let alone been with five men and commanding powerful magick. I’m just a fisherman’s daughter... right?  If you like **Why Choose?** romance with sexy mages, shifters, kingdoms, dragons and more, then join Nimuë as she grapples with the prophecy she’s been handed and finds five men to fall in love with. **The Lady of the Lake** series is inspired by tales of King Arthur and Merlin but set in its own parallel universe. **From Fire** is the first book in **The Lady of the Lake** series. It’s a paranormal fantasy romance novel for over 18’s and has many trigger warnings, including language, violence, death and much more from the start. It includes multiple POV, some MM, and a cliffhanger ending.","goodreads:75553614,mobi-asin:B0BQWD4HX4","","","Dinamica · Harem inverso/Why choose, Tono · Picante/Erotico, Paranormal · Lobos/Shifters, Paranormal · Dragones, Paranormal · Fated mates","Romantasy [REVISAR]","","","","","",""
"From Stone","Lacey Moreno","Themes.Explicit Sex, _Biblioteca.Romance.Contemporaneo","The Lady Of The Lake","2.0","**I found my five, but are they all to be trusted...? Am I really the lady of the lake?** When Lancelot snatches me away, he drags me to a subglacial lake, one that has the power to heal me. It takes time for me to know whether I made the right decision to trust him. Is he really fated to me? I can't be sure. He seems to be hiding something. He's violent, scary, but also exciting.  When Arthur, Yves, Merlin and Arbor eventually catch up with us, Lancelot says he will stay with us as we try to work out where Excalibur is. But where is it? How will we find it? And if we do, what will it take for Arthur to free the sword?  If you like** *Why Choose?* **romance with sexy mages, shifters, kingdoms, dragons and more, then join Nimuë as she grapples with the prophecy she’s been handed and finds five men to fall in love with. ***The Lady of the Lake* ** series is inspired by tales of King Arthur and Merlin but set in its own parallel universe. ***From Stone* ** is the second and last book in***The Lady of the Lake** * series. It’s a paranormal fantasy romance novel for over 18’s and has many trigger warnings, including language, violence, death and much more from the start. It includes multiple POV, some MM and group.","mobi-asin:B0BX4LC9LS,goodreads:123226116","","","Dinamica · Harem inverso/Why choose, Tono · Picante/Erotico, Paranormal · Lobos/Shifters, Paranormal · Dragones, Paranormal · Fated mates","Romantasy [REVISAR]","","","","","",""
"Midnight Conviction","Erin O'Kane","Themes.Explicit Sex, Paranormal, Themes.Reverse Harem, _Biblioteca.Romance.Contemporaneo, Fantasy, Fiction","Bloodlines","4.0","**Laelia’s life is in danger once more, and this time she’s fighting for more than the life of her loved ones. She’s fighting to save everyone.** The impossible has happened. Syn, one of Laelia’s mates, has managed to track her down, breaking through the witches impenetrable magic. Driven mad by the separation, Laelia has her hands full trying to coax back the male she loves from the feral beast he’s so close to becoming.  Meanwhile, a new prophecy comes to light, putting her in the spotlight once more. Devine intervention looks to be involved as Laelia’s mates seem to be gathering despite the odds. There appears to be more than chance at play here.  The Queen of the witches isn’t happy by these revelations, and Laelia is forced to fight for her life once more in a set of challenges.  **Will she survive and become the one the prophecy spoke of? Or will she fail and bring doom upon them all?**","amazon:B0CBNLXPZB,mobi-asin:B0CBNLXPZB,google:yFon0AEACAAJ,isbn:9798859554331","","","Dinamica · Harem inverso/Why choose, Tono · Picante/Erotico, Paranormal · Brujas/Magos, Subgenero · Paranormal romance, Dinamica · Enemigos a amantes, Dinamica · Slow burn, Paranormal · Lobos/Shifters","Fantasía [REVISAR]","","","","","",""
"Midnight Deception","Erin O'Kane","Themes.Explicit Sex, Paranormal, Themes.Reverse Harem, _Biblioteca.Romance.Contemporaneo, Fantasy, Fiction","Bloodlines","3.0","Keep your friends close and your enemies closer. However, what if those enemies claim to be your own flesh and blood? Witches are evil; that's all that Laelia knows about the elusive magic users. That, and the fact she somehow holds some of their magic within her.
Abducted, she wakes up surrounded by her enemy and someone who calls himself her brother. Tasked with the seemingly innocent task of mastering her magic, Laelia can't help but feel there is a sinister reason behind it.
Finding allies in surprising places, Laelia tries to survive in a community filled with people who want her dead. It's made all the worse at being separated from her mates, the strain on their bond having drastic consequences. Will Laelia uncover the truth from the lies and make it back to her mates, or will she be deceived and fall foul of those who mean her harm? This is book three in the Bloodlines series, a slow-burn reverse harem paranormal romance. Aimed at readers 18+ due to mature content.
","mobi-asin:B0BYTBYXJ8,amazon:B0BYTBYXJ8,isbn:9798396592643,google:3ooF0AEACAAJ","","","Dinamica · Harem inverso/Why choose, Tono · Picante/Erotico, Paranormal · Brujas/Magos, Subgenero · Paranormal romance, Dinamica · Enemigos a amantes, Dinamica · Slow burn, Paranormal · Lobos/Shifters","Fantasía [REVISAR]","","","","","",""
"Midnight Magic","Erin O'Kane","Themes.Explicit Sex, Paranormal, Witches, Shapeshifters, Themes.Reverse Harem, Paranormal Romance, _Biblioteca.Romance.Contemporaneo, Enemies To Lovers, Fantasy, Magic","Bloodlines","1.0","**What would you do if you found out that everything you thought you knew about yourself turned out to be a lie?** Laelia has always known she was different. Being one of the rare few to possess a mate mark and be predestined to love another is just one of those factors. Not to mention growing up as an adoptee among werewolves, especially when you can’t shift.   On the night of her twenty-first birthday, when she should be gaining full control over her wolf, something happens that changes her life forever. Unfortunately for her, three strangers happen to witness it. Magic. Accused of witchcraft, Laelia is dragged before the council of werewolves.   To prove she is truly a werewolf and avoid a death sentence, she has to take part in a series of trials that test strength, intelligence and power. Discovering who her mates are will be vital to helping her survive this.  **The werewolf trials are beginning and not all is as it seems. Who will come out the victor?** *This is a medium/slow burn romance with material some might find distressing. Aimed at readers 18+.*","goodreads:66087214,mobi-asin:B0BPDVCT4D","","","Dinamica · Harem inverso/Why choose, Tono · Picante/Erotico, Paranormal · Brujas/Magos, Subgenero · Paranormal romance, Dinamica · Enemigos a amantes, Dinamica · Slow burn, Paranormal · Lobos/Shifters","Paranormal [REVISAR]","","","","","",""
"Alpha Beast","Jane Perky","English.Romance.Contemporary Romance, Contemporary, _Biblioteca.Romance.Contemporaneo, Paranormal","Beasts of Iron Stone","3.0","[Siren Classic ManLove: Alternative Fantasy Paranormal Romance, MM, shape-shifter, werewolves, HEA] Omega werewolf Mac Brenner's lived a sheltered life. He's the adoptive son of a corrupted Alpha and no matter what he does, he can't seem to convince his father to change. After uncovering a plot to kill his childhood crush and ex-pack mate, Mac risks everything to warn outcast Alpha Rhett. There's old history between Mac and Rhett. Once upon a time, Rhett asked Mac to leave their old pack with him but Mac refused. Mac broke his heart but Rhett can't give up, knowing Mac is his fated mate. When Rhett learns Mac is held captive by a sadistic killer, he drops everything to save the Omega, even at the cost of his life. Loyalties are about to be tested. A fight's about to break out between the beasts of Iron Stone and Mac's old pack. Will Mac stand with the man who owns him, body, heart, or soul, or the father who raised him?
","amazon:B07KY1WDQF,google:AD18DwAAQBAJ,isbn:9781642434255,goodreads:42271112","","Romance","Paranormal · Lobos/Shifters, Paranormal · Fated mates, Tono · Cautiverio/Trata, Subgenero · Paranormal romance, Paranormal · Omegaverse","Paranormal [REVISAR]","","","","","",""
"Dangerous Transaction","Jane Perky","_Biblioteca.Romance.Contemporaneo, M M Romance, English.Romance.Contemporary Romance","Mated Happily Ever After","2.0","[Siren Classic ManLove: Alternative Contemporary Paranormal Romantic Suspense Romance, MM, shape-shifter, werewolves, HEA] To escape his fate as an unwilling Omega breeder for a cruel werewolf Alpha, Allan Foster signs up with the Mated Happily Ever After agency. When Allan's matched with a scary werebear, Allan intends to hide in Mason's home a little longer before moving on. Allan never expected to fall hard and fast for the sexy, crude but tender werebear Alpha. Mason Bell thinks Allan's a poor match for a rough Alpha and his crew of misfits. Allan deserves better but his bear know Allan is his mate and Mason has no intention of letting Allan go. Mason soon learns his Omega is hiding secrets from him, but Mason intends to find out what and help Allan nip the problem in the bud. When Allan's enemies come for him, Mason and his bears are ready. He'll rip apart anyone who dares to get between him and his fated match.
","isbn:9781642436471,amazon:B07QF1VQQG,google:xPOPDwAAQBAJ,goodreads:44778056","","Romance","Paranormal · Lobos/Shifters, Ambientacion · Small town, Subgenero · Paranormal romance, Paranormal · Fated mates, Paranormal · Omegaverse, Subgenero · Romantic suspense","Paranormal [REVISAR]","","","","","",""
"Grizzly Beast","Jane Perky","Contemporary, _Biblioteca.Romance.Contemporaneo, Paranormal, English.Romance.Contemporary Romance","Beasts of Iron Stone","4.0","[Siren Classic ManLove: Alternative Contemporary Paranormal Romance, MM, shape-shifter, HEA] Lone werebear James Benson lost everything, including a job he loved thanks to a toxic and corrupted wolf pack. Benson moves in with three exiled werewolf brothers and slowly figures out his next move, only to cross paths with an injured Omega wolf. Steve calls to his bear, completes it, but claiming Steve might mean setting the beasts of Iron Stone on a warpath to hell. Considered a traitor by his own pack, Omega wolf Steve bolts after nearly being killed by the Alpha, only to run into Benson. Benson's unlike any dominant shifter Steve's ever met. Protective and possessive, Benson also has an unexpected sweet side, which calms and centers his wolf. When Benson declares he wants to kill the Alpha wolf who hurt Steve, Steve's terrified he might end up losing his mate right after finding him.
","isbn:9781642434262,google:PSl-DwAAQBAJ,goodreads:42749784,amazon:B07L84QCZG","","Romance","Paranormal · Lobos/Shifters, Paranormal · Fated mates, Tono · Cautiverio/Trata, Subgenero · Paranormal romance, Paranormal · Omegaverse","Paranormal [REVISAR]","","","","","",""
"Mate of Convenience","Jane Perky","_Biblioteca.Romance.Contemporaneo, English.Romance.Contemporary Romance","Mated Happily Ever After","3.0","[Siren Classic ManLove: Alternative Contemporary Paranormal Romance, MM, shape-shifter, werewolves, HEA] To inherit his father's company, Omega werewolf and hardworking businessman Kip Bridges needs to find a mate by the end of the year or he'll lose everything. As a desperate solution, Kip signs up with the Happily Mated Ever After agency. When his match turns out to be a rough-and-tumble and incredibly rude Alpha werebear, Kip thinks he's made a mistake. But his heart tells him to wait and see what fate has in store for them both. Small town bar owner Noah knows Kip and he belong from two different worlds, but his bear's telling him Kip's the one for him. Kip has ulterior motives, but Noah intends to find out what motivated Kip to sign up with a matchmaking agency. When Noah finds out the truth, would he think his match is a monumental mistake, or will he claim Kip as his?","isbn:9781642436488,goodreads:44540317,amazon:B07QTQFBDR","","Romance","Paranormal · Lobos/Shifters, Ambientacion · Small town, Subgenero · Paranormal romance, Paranormal · Fated mates, Paranormal · Omegaverse, Subgenero · Romantic suspense","Paranormal [REVISAR]","","","","","",""
"Outcast Beast","Jane Perky","Contemporary, _Biblioteca.Romance.Contemporaneo, Paranormal, English.Romance.Contemporary Romance","Beasts of Iron Stone","1.0","[Siren Classic ManLove: Alternative Paranormal Romance, MM, shape-shifters, werewolves, HEA] After losing his job and breaking up with his boyfriend, Remy Torrance drives out to a cabin in the woods to recharge. Remy immediately encounters a massive problem, a terrifying but gorgeous werewolf squatter by the name of Ford. Ford is one of the beasts of Iron Stone, a savage and outcast werewolf with no pack. Will Remy risk opening his heart again to a stranger who shares his skin with a beast? Ford's on the verge of losing his human half and turning into a wild animal but he never expected one defiant human to save him. Rey's vital to keeping his sanity but more important than that, Remy is his fated mate. Torn between vengeance for the pack that wronged his brothers and himself, and Remy, Ford is forced to choose between family or newfound happiness with his mate.","amazon:B07K1LRVTG,isbn:9781642434231,goodreads:41889705","","Romance","Paranormal · Lobos/Shifters, Paranormal · Fated mates, Tono · Cautiverio/Trata, Subgenero · Paranormal romance, Paranormal · Omegaverse","Paranormal [REVISAR]","","","","","",""
"Outlaw Beast","Jane Perky","Contemporary, _Biblioteca.Romance.Contemporaneo, Paranormal, English.Romance.Contemporary Romance","Beasts of Iron Stone","2.0","[Siren Classic ManLove: Alternative Paranormal Romance, MM, shape-shifters, werewolves, HEA] Scarred inside and out from an intense battle with his former wolf pack, werewolf Cord Briggs wants to be left alone to heal. The last thing he expects is to catch the scent of his mate during a run. Cord knows Cam is the one but will the human be able to look past his flaws and give him a chance? Needing a vacation, Cameron decides to spend some few days in the country. When Cam's car breaks down and he's suddenly attacked by two shifters, Cam thinks he's doomed. The last thing Cam expects is to be rescued by one of the fearsome beasts of Iron Stone. Cord frightens him, but he also can't help but be drawn to the sexy werewolf. Cord might think his old injuries will get in the way of their relationship, but Cam's out to prove to Cord that his scars don't matter.","isbn:9781642434248,amazon:B07KJQH3C2,goodreads:41958286","","Romance","Paranormal · Lobos/Shifters, Paranormal · Fated mates, Tono · Cautiverio/Trata, Subgenero · Paranormal romance, Paranormal · Omegaverse","Paranormal [REVISAR]","","","","","",""
"Repaying His Debt","Jane Perky","Contemporary, _Biblioteca.Romance.Contemporaneo, Paranormal, English.Romance.Contemporary Romance","Mated Happily Ever After","1.0","[Siren Classic ManLove: Alternative Paranormal Romance, MM, shape-shifter, HEA] Ten years ago, the love of his life broke Reggie's heart. Reggie's never learned to move on, but he doesn't want to spend the rest of his life alone. Reggie signs up with the Mated Happily Ever After agency only to find out he's been paired with Hunter. The angry boy he knows is all grown up, and Hunter's made it clear he won't take refusal for an answer. Grizzly bear shifter Hunter's number one regret is letting his one true mate go. But Hunter's no longer the terrified boy afraid of his abilities any longer. He's more in control of his animal and he knows the one thing missing in his life is Reggie. Hunter's prepared to repay his debt to Reggie, but to do that, he must earn Reggie's trust. Will his persistence pay off in the end, or will Hunter lose his mate again?
","google:1t6GDwAAQBAJ,goodreads:43672435,amazon:B07NGRJ6FN,isbn:9781642435566","","Romance","Paranormal · Lobos/Shifters, Ambientacion · Small town, Subgenero · Paranormal romance, Paranormal · Fated mates, Paranormal · Omegaverse, Subgenero · Romantic suspense","Paranormal [REVISAR]","","","","","",""
"Night Huntress","Sk. Prince","Themes.Explicit Sex, Paranormal, _Biblioteca.Romance.Contemporaneo, Fiction, Romance, Shifters","","1.0","Bitten by a rogue in the Louisiana bayou, I only want one thing - freedom from the beast under my skin. The talisman that could break my curse lies in Alpha Anthony Holder's penthouse. I tried to steal it.
He caught me. Now the most dangerous man I've ever met offers me protection, a place in his pride... and a heat I can't resist. His touch burns. His voice commands. His body feels like fate itself. But the rogue who cursed me is still killing, and every secret in the bayou could tear us apart. I came for freedom.
I found an Alpha I can't walk away from. If you love sexy, feline shifters, action-packed battles between good and evil, and Alpha vibes that sizzle on the page, you'll love this trilogy. Read the now completed Urban Jungle Shifters trilogy-including Night Huntress, Night Runner, and Night Predator. Enjoy!
","isbn:9798333871183,google:cIAi0QEACAAJ,mobi-asin:B0BT5SXCRV","","","Tono · Picante/Erotico, Paranormal · Lobos/Shifters","Paranormal [REVISAR]","","","","","",""
"Night Predator","S. K. Prince","Themes.Explicit Sex, Paranormal, Spicy, _Biblioteca.Romance.Contemporaneo","The Urban Jungle Shifters","3.0","I, Maury Powell, am hunting a dark witch who is threatening my newfound family. She strikes from the shadows, casting spells to attack and harass the cat shifter pride.  Then, she murders my stepmother, leaving her brutalized body in the bayou.  It is up to me and my fated mate, Alpha Anthony Holder, to track down the witch and protect the pride . . . and our unborn baby.  But the witch seems to be one step ahead, having secured a deadly weapon that could destroy the pride from the inside out.  With time running out and everything I love on the line, I must be strong enough to stand up to the darkness and protect my family from the forces of evil?","goodreads:89573979,mobi-asin:B0BT7YXVFM","","","Tono · Picante/Erotico, Paranormal · Lobos/Shifters, Paranormal · Fated mates, Paranormal · Brujas/Magos","Paranormal [REVISAR]","","","","","",""
"Night Runner","S. K. Prince","Themes.Explicit Sex, General, _Biblioteca.Romance.Contemporaneo, Fiction, Romance","The Urban Jungle Shifters","2.0","I’d pretty much given up on family. Raised in the foster system, I’ve always been on my own and thought it would be that way forever.  But now I have a new cat shifter pride, I’ve been reunited with the father who never knew I existed, and I have a new love -- my Alpha, Anthony Holder.  Anthony is my fated mate, and I’m drawn to him like I’ve never been to another person. Our bond is hot and irresistible, and for the first time I see a future no longer marred by loneliness and solitude.  But the rogue shifter who bit me is still out there, and he’s bent on vengeance against the Alpha, and everyone in the pride. If we don’t track him down before he strikes again, more innocents could be at risk, and that bright future could drift away before it even begins.  Not to mention, an even bigger threat lurks on the horizon . . .","isbn:9781644514368,mobi-asin:B0BT7Y6TMC,goodreads:89089459,google:TmxP0AEACAAJ","","","Tono · Picante/Erotico, Paranormal · Lobos/Shifters, Paranormal · Fated mates, Paranormal · Brujas/Magos","Paranormal [REVISAR]","","","","","",""
"The Silver Pact: The Omega Accords","Tea Ravine","Themes.Explicit Sex, Themes.Reverse Harem, Omegaverse, _Biblioteca.Romance.Contemporaneo","The Omega Accords","6.0","**I’m the bad twin, the one sent far from prying eyes. People like me don’t get happy endings.** *My three years at the Omega Refuge are over, it’s time for me to stand on my own two feet. Except, how can I when the entire city hates me? I’m the cursed omega who destroyed hearts and tried to steal my sister's pack. I’m the omega Silver Davies, reviled, hated, scorned.* ***But there’s worse out there than hate.* **  *We’re the pack rejected by the omegas we courted, twice. Silver is the omega who broke our hearts. We were glimpsing forever when she turned away from us. She’s not our scent match, but she’s our choice. We watched her burn in the scorching fire of society's tongue. Now she’s here, back again, no pack, no family, needing help, our help.* *And we can’t turn away.* *Silver’s secrets are as deep a mystery as we’ve always believed, but maybe with her, we can have a final chance. One last attempt to find happiness. And maybe we can pull her out of the flames too.* ***After all, third times a charm, right?* **  *This is a novella. A short story set two years after the events in the Packaged Deal*","mobi-asin:B0D9GQFM1S,amazon:B0D9GQFM1S,goodreads:216489070","","","Dinamica · Harem inverso/Why choose, Tono · Picante/Erotico, Paranormal · Lobos/Shifters, Paranormal · Omegaverse","Paranormal [REVISAR]","","","","","",""
"Forsaken Royals","Vera Rivers","Themes.Explicit Sex, Themes.Reverse Harem, _Biblioteca.Romance.Contemporaneo, Fiction, Romance, Fantasy","","1.0","I've been kidnapped by the three most powerful men in our world, and I shouldn't like being caged by them as much as I do... After a life of abandonment, I've learned I can only depend on myself.
That's why my side hustle is working for a criminal organization. A fae girl's got to pay the bills, after all.
When the leaders offer me a life-changing sum of money for a new job, who am I to refuse? But when the heist doesn't go as planned, I end up in a cage guarded by the three forbidden Royals. The wolf is powerful and commanding. He holds me to such high standards that I tremble at the thought of disappointing him.
The dragon is fierce, but my heart feels warm when he smiles at me.
And the demon shifter is a complete wild card. I've grown to enjoy every second of his torture. Ready or not, I've been thrust into a life of money, power, and magic.
And now the four of us have to face our biggest challenge yet...learning not to betray each other.*This is a standalone reverse harem / why choose shifter novel. Get ready to devour this high-heat, fast-paced fae romance. Readers 18+.
","amazon:B0BMFL8146,isbn:9798367436983,google:gbCLzwEACAAJ,mobi-asin:B0BMFL8146","A Reverse Harem Romance","","Dinamica · Prohibido, Dinamica · Harem inverso/Why choose, Tono · Picante/Erotico, Paranormal · Lobos/Shifters, Paranormal · Dragones, Paranormal · Fae/Feerico, Paranormal · Angeles y demonios, Subgenero · Heist/Atraco, Tono · Cautiverio/Trata","Romantasy [REVISAR]","","","","","",""
"Lost Fate","Vera Rivers","Themes.Reverse Harem, Themes.Explicit Sex, _Biblioteca.Romance.Contemporaneo","Wolves of Oakwood","5.0","#### Waking up with no memory and a gorgeous stranger wasn't part of the plan. The only thing I know is that Ember, the woman who found me, triggers something deep inside.  As we work to uncover my past, the connection between us grows stronger. But when bits of my memory come back, hinting at a mission involving Ember, I'm caught between two worlds.  I have to choose between a duty I barely remember and protecting the woman who makes me feel alive again.  * ###### This is an insta-love romance—a condensed shifter romance intended to be read in under two hours!","goodreads:213822007,amazon:B0D53Z64ZM,mobi-asin:B0D53Z64ZM","","","Dinamica · Harem inverso/Why choose, Dinamica · Amor a primera vista, Tono · Picante/Erotico, Paranormal · Lobos/Shifters","Paranormal [REVISAR]","","","","","",""
"Sufre por mi","Pablo Roa","Español.Romance, _Biblioteca.Romance.Contemporaneo","","1.0","Encerrada en un convento en contra de su voluntad, Nieves Lobo revive en un diario su apasionada relación con Aníbal. Con el cabello encanecido y el rostro ajado por el paso del tiempo, recuerda los años en que se divertía provocando sin piedad al capataz de la finca. 
Sor Nieves esconde celosamente bajo una baldosa este diario íntimo que refleja su vida en Tierra de Lobos y, sobre todo, guarda un terrible secreto. 
La llegada al convento de un misterioso personaje encapuchado dará vida a los fantasmas del pasado y precipitará sorprendentes acontecimientos. 
¿Quién se esconde bajo la elegante capa oscura? ¿Por qué está sor Nieves enclaustrada en el convento? ¿Cuál es el terrible secreto que guarda en su diario? ¿Qué sucedió con Aníbal? ¿Será posible un final feliz para esta historia imposible de pasión?
","goodreads:19477423","","Romance","Paranormal · Lobos/Shifters, Paranormal · Fantasmas","Ficción general [REVISAR]","","","","","",""
"Sufre por mi","Pablo Roa","Español.Romance, _Biblioteca.Romance.Contemporaneo","","1.0","Encerrada en un convento en contra de su voluntad, Nieves Lobo revive en un diario su apasionada relación con Aníbal. Con el cabello encanecido y el rostro ajado por el paso del tiempo, recuerda los años en que se divertía provocando sin piedad al capataz de la finca. 
Sor Nieves esconde celosamente bajo una baldosa este diario íntimo que refleja su vida en Tierra de Lobos y, sobre todo, guarda un terrible secreto. 
La llegada al convento de un misterioso personaje encapuchado dará vida a los fantasmas del pasado y precipitará sorprendentes acontecimientos. 
¿Quién se esconde bajo la elegante capa oscura? ¿Por qué está sor Nieves enclaustrada en el convento? ¿Cuál es el terrible secreto que guarda en su diario? ¿Qué sucedió con Aníbal? ¿Será posible un final feliz para esta historia imposible de pasión?
","goodreads:19477423","","Romance","Paranormal · Lobos/Shifters, Paranormal · Fantasmas","Ficción general [REVISAR]","","","","","",""
"Freeze Line","Moira Rogers","Paranormal Romance, Romance, Shapeshifters, Fantasy, Paranormal, Dystopia, Novella, Werewolves, Post Apocalyptic, Science Fiction Romance, _Biblioteca.Romance.Contemporaneo","","1.0","She can't survive in his world; he can't stay sane in hersA twenty-first century ice age dulls the magic that emanates from the earth. Shane Sullivan is a lone wolf above the freeze line. He has no desire to join the packs that range closer to the border, where feral instincts can turn a man into a monster. Not until the winter solstice, when he stumbles across a dying witch who needs his help to get back to her people—and her magic—in the south. 
Nadia is a powerful woman in her own world, but she's been drained by her escape from captivity in a northern lab. She knows it's foolhardy to trust a werewolf, but he's her only chance to survive the vast white wilderness. The farther south they travel, the harder it is for Shane to keep the beast within under control, and as their mutual attraction intensifies, Nadia's no longer sure she wants him to.25,000 words
","goodreads:8645476,google:jv7LMCxRJw8C,isbn:9781426890895,amazon:B004CJ812O","","","Paranormal · Lobos/Shifters, Paranormal · Brujas/Magos, Subgenero · Distopia, Subgenero · Apocaliptico/Postapocaliptico, Tono · Cautiverio/Trata, Subgenero · Paranormal romance","Fantasía [REVISAR]","","","","","",""
"Forever Innocent","Deanna Roy","English.Romance.Contemporary Romance, Contemporary, series, Emotional, English.Romance.New Adult Romance, USA Today bestseller, bad boy, New Adult Contemporary Romance, grief, _Biblioteca.Romance.Contemporaneo","Forever","1.0","## Book 1 of the USA Today bestselling series
**""Our baby died on prom night, and nothing was ever the same again.""**
Corabelle doesn't feel like any of the other college girls. On what should have been one of the happiest nights of her life, she and her boyfriend Gavin watched a nurse disconnect the ventilator from their seven-day-old baby. During the funeral two days later, Gavin walked out and never returned. 
Since then, her life has been a spiral of disasters. The only thing that has helped is her ability to black out whenever the pain gets too hard to bear, a habit that has become an addiction. 
When Gavin shows up in her astronomy class four years later, he is hell-bent on getting her back, insisting she forgive him. Corabelle knows she can't resist the touch that fills the empty ache that has haunted her since he left. But if he learns what she has done, if he follows the trail back through her past, her secrets will destroy their love completely. And once again, she'll lose the only person who always believed she was innocent. 
A New Adult Contemporary Romance  
HEA. 288 print pages 
**Written with great authenticity and depth, FOREVER INNOCENT is a love story about tragic loss, second chances and the infinite capacity of the human heart to forgive.**  
John J Asher, author of A DIGNIFIED EXIT 
**FOREVER INNOCENT is a new adult romance you won't soon forget.**  
Mimi Strong, author of FOR YOU
**
### Review
**""One of my favorite love stories, ever.""***Brittany and Bianca Blab Books***** *** *  
""As I read I felt I had a vise gripped around my heart.""*** ****Lovin' Los Libros***  
""Deanna Roy has crafted a remarkable story about love, loss, and moving forward."" ***Burning Impossibly Bright Blog***** ** 
""I have been waiting for a New Adult book to bring me out of my funk. One that is different, original and is able to stand out from the others and all those pesky clichés that we have been seeing. A book that will blow me away. *Forever Innocent* has done just that.""***Lily Bloom Books*** ** 
* * *
""Romantic and sexy."" ***BJ's Book Blog*  
""I cried between sobs.""***Emily-Jane's Book Corner** *  
""A love you wish everyone could experience.""*** Book Drunk Blog** *  
""Different from any other new adult book.""*** Head Stuck in a Book** *  
""I am stunned.""*** 2 Bookaholics** *  
""A very emotional read.""*** Her Juicy Reads** *  
""Touching and tender.""*** Vicci's Crazy Book Addiction*  
**
### From the Author
**All five books of this series are now out!**
*Forever Innocent* is an emotional read. Losing a baby and its effect on a relationship isn't something very many people talk about. Ihope the book fills you with hope that no matter what trouble lifepresents you, it can be overcome through forgiveness and love. 
*Forever Innocent* is the first book of Corabelle and Gavin's journey into healing andrediscovery. It was originally written as a standalone and only after early advance readers said they needed more did I realize that there was actually more of their story to tell. 
This book was not intended to have a cliffhanger ending -- I really did imagine a soaring soundtrack and ambulance ride into the sunset. I absolutely respect those readers who feel the couple needed more happy time at the end. (I'm sure Corabelle and Gavin would agree!) But the book, like life, is pretty messy. 
To stay up to date on the ** series**, join the mailing list at deannaroy.com/news or text DEANNAROY to 22828. 
Join the conversation about *Forever Innocent* on Facebook or at my website DeannaRoy.com. 
Thank you for reading, and I would love to hear your experience with the book in reviews. 
","goodreads:18168448,mobi-asin:B00FGHY0YO,isbn:9781938150180,amazon:B00FGHY0YO,barnesnoble:w/forever-innocent-deanna-roy/1116968528","","Romance, Contemporary, series, Emotional, college romance, USA Today bestseller, bad boy, new adult contemporary romance, Grief","Dinamica · Amor a primera vista, Paranormal · Lobos/Shifters, Tono · Picante/Erotico, Dinamica · Enemigos a amantes, Dinamica · Age gap, Tono · Angst/Drama emocional, Ambientacion · Navideno/Festivo, Representacion · LGBTQ+ (FF), Dinamica · Amigos a amantes, Dinamica · Hermano del mejor amigo/a, Paranormal · Fae/Feerico, Paranormal · Angeles y demonios, Ambientacion · Small town, Dinamica · Segunda oportunidad, Arquetipo · Bad boy, Publico · New adult, Tono · Trauma/Salud mental, Tono · Oscuro, Arquetipo · Billonario/CEO","Romance contemporáneo","","","","","",""
"Heart Sick Hate","Eva Simmons","Themes.Explicit Sex, Workplace, Contemporary, Dark, Spicy, English.Romance.Mafia Romance, Contemporary Romance, Enemies To Lovers, Dark Romance, Suspense, _Biblioteca.Romance.Contemporaneo, Romance, forbidden romance","Twisted Roses Tattoo","2.0","I chose wrong.  While my future is promised to one man, my heart wants Crew Kingsley.  My enemy. My addiction. My boyfriend’s brother.  Crew isn’t the prince in any girl’s story. He doesn’t want to win my love, he wants to steal it—simply so he can make me regret ever letting him.  If only I wasn’t addicted to his pain.  Crew’s hate burns too hot.   His heart is too cold.   But his punishment… *is just right.* When given two choices, a smart girl picks the safest. But Crew made me sick, I made my choice, and even if they think they already wrote our ending, the story is about to change.  Heart Sick Hate is an emotionally twisted, dark romance with a morally grey hero, heavy subject matter, mature content, and explicit scenes. Content/TWs (which contain spoilers) can be found on author's website. 18+ only.","google:IcCT0QEACAAJ,goodreads:219878697,mobi-asin:B0CG6PTY33,amazon:B0CG6PTY33,isbn:9798867267612","","","Dinamica · Enemigos a amantes, Dinamica · Prohibido, Tono · Oscuro, Tono · Picante/Erotico, Tono · Morally grey/Antiheroe, Arquetipo · Mafia, Tono · Trauma/Salud mental, Paranormal · Lobos/Shifters","Romance contemporáneo [REVISAR]","","","","","",""
"Lies Like Love","Eva Simmons","Themes.Explicit Sex, General, _Biblioteca.Romance.Contemporaneo, Fiction, Romance","Twisted Roses Tattoo","1.0","I made a mistake.  Hearts are the most fragile part of the body, and I trusted mine with Jude Carlisle.  My villain. My weakness. *My stepbrother.* Fairytales have a way of turning the most innocent things wicked.  Jude lied through his teeth, and I fell for every word. Then he burned both our families to the ground in a sick game of revenge and never looked back.  When I see him again years later—tattooed, pierced, as vicious and lethal as ever—I should know better. Except this time, I'm not the girl looking for a hero. And I'm tempted to let Jude eat me alive if it means I'll finally be his.  *I thought I knew the truth.   I thought I unmasked all the monsters.   I thought I understood how our story would end.* But the trouble with wolves is they’re always lying. And what big lies mine told. Lies Like Love is an emotionally twisted, dark, stepbrother romance with a morally grey hero, heavy subject matter, mature content, and explicit scenes. Content/TWs (which contain spoilers) can be found on author's website. 18+ only.","google:kpCr0QEACAAJ,goodreads:219878693,mobi-asin:B0C459ZWGS,amazon:B0C459ZWGS,isbn:9781970633146","","","Dinamica · Enemigos a amantes, Dinamica · Prohibido, Tono · Oscuro, Tono · Picante/Erotico, Tono · Morally grey/Antiheroe, Arquetipo · Mafia, Tono · Trauma/Salud mental, Paranormal · Lobos/Shifters","Romance contemporáneo [REVISAR]","","","","","",""
"Embers & Effigies: Fairytales with a Twist","Mila Sin","Why Choose, M M Romance, Contemporary, Retellings, Dark, _Biblioteca.Romance.Contemporaneo, M F Romance, Romance, Themes.Explicit Sex, Fantasy, Omegaverse, Spicy","","1.0","My Omega life was on a carefully planned path until my sister and best friend kidnapped me for my bachelorette bash at a strip show.  One thong to the face later…I have a scent match.  Here's the catch: the thong owner is part of a sold-out traveling show, and I'm already engaged to someone else.  But rules be damned. Fueled by an erratic oncoming heat and a determination to follow my instincts, I flip tradition the finger and hit the road to chase them across the country. After all, if Prince Charming can find Cinderella with a shoe, surely the same can be done with a thong. Unbeknownst to me, Fate has more in store – not just one scent match, but three who will reshape my path in ways I never saw coming.  Embers & Effigies is a standalone novel in the Fairy Tales with a Twist shared world. Every book can be read on its own. This is an omegaverse reverse Cinderella retelling with no third-act breakup, minimal angst, and lots of shenanigans. Some situations are only for adult readers.","mobi-asin:B0BDS8KGX6,goodreads:64664613","","","Dinamica · Harem inverso/Why choose, Tono · Picante/Erotico, Tono · Angst/Drama emocional, Paranormal · Lobos/Shifters, Paranormal · Omegaverse, Tono · Cautiverio/Trata, Subgenero · Retelling de cuento","Romance contemporáneo [REVISAR]","","","","","",""
"Priceless","Devyn Sinclair","Themes.Explicit Sex, Billionaires, Polyamory, Themes.Reverse Harem, _Biblioteca.Romance.Contemporaneo, Fiction, Romance, romantic comedy","Clarity Coast Omegaverse","2.0","**NOW AN AMAZON TOP 30 BESTSELLER  Three billionaire Alphas. A marriage of convenience. What can possibly go wrong?**  Being an Omega is incredible. Being a fat Omega no one wants? Not so much.  But I don’t need to be wanted, I only need to survive. There’s five years left until I get my trust fund, and I can put my toxic, abusive, fatphobic family in my rearview mirror.  That’s my plan, and I’m sticking to it—until three Alphas offer my family a deal.  Three Alphas who are ridiculously rich, scorchingly hot, and claim they need me. For one year.  The deal: Marry them for one year to help save their company, and I walk away with my trust and my freedom. Simple. Easy. I don’t even blink before I sign on the dotted line.  I thought it was just a marriage of convenience and nothing more. I didn’t count on my husbands caring about me. Protecting me. Craving me. Seducing Me. Making me feel things I never have before.  Now a year doesn’t feel like long enough. But that’s what we agreed. One year, and we all walk away.  All good things come to an end. I just hope I can keep my heart from breaking when it does.  Priceless *is a standalone reverse harem Omegaverse. No choosing, no cheating, and a guaranteed HEA!* This book is part of a series of standalones, and can be enjoyed on its own, without reading any other books in the series.*Content Warnings available on the author's website.*","google:Zy8k0gEACAAJ,goodreads:214525438,isbn:9798889650591,amazon:B0D6RLTDRM,mobi-asin:B0D6RLTDRM","","","Dinamica · Matrimonio por conveniencia, Dinamica · Harem inverso/Why choose, Dinamica · Poliamor/Trio, Tono · Picante/Erotico, Arquetipo · Billonario/CEO, Paranormal · Lobos/Shifters, Paranormal · Omegaverse, Subgenero · Comedia romantica","Romance contemporáneo [REVISAR]","","","","","",""
"Predators & Prey: Complete Series","Scarlett Snow","Themes.Explicit Sex, English.Romance.Dark Romance, Themes.Reverse Harem, _Biblioteca.Romance.Contemporaneo","","1.0","**Read the COMPLETE SERIES now, including exclusive bonus content!  WICKED REJECTION (Book #1):**  On the night of my claiming, I’m betrayed by my pack in the most brutal of ways.   Left for dead by those I had trusted, my only hope for survival is to form an alliance with the most feared leader in the Shadowlands.   The only problem is, Killian hates me as much as I hate him.   And I did try to kill him.   Twice.   Fuelled by our resentment for each other, the passion that rises and burns between us lights a fire in me others have tried to extinguish. But in return for Killian's help, he leaves me with a life-changing decision to make that will strip me of everything, including my freedom.    Either I become Killian's mate or remain his prisoner forever.   I have until the full moon to decide.   Killian might be a predator in this world but I will never be his prey, as every predator out there will soon find out.   Starting with the one who tried to kill me.  **CRUEL DELIGHTS (Book #2):** I escaped one prison only to wake up in a crueler one.   This time, I’m surrounded by light instead of darkness and a wicked captor bloodthirsty for revenge.   Solas makes Killian look like a saint now that I know what Solas truly intends to do with me, and for the first time in my life, I want the shadows to find me.   I want Killian, the cruel, seductive Shadowland leader who wrecks me into pieces every time he touches me, and Fenrik, the grumpy, protective fire wolf whose flames weld me back together again. I also want my best friend now more than ever, but only time will tell if Tristan made it out of the Dawnlands alive.   Or if I will, either.   With three powerful wolves on my side and the wrath of the gods, I think my chances for survival are high enough to wage war on the one who rejected me...and make him pay.  **BITTERSWEET REVENGE (Book #3):** I've survived until now but my journey is far from over.    Just when I think I'm free again, I'm brought to the Fae Realm where I'll stand trial for a crime I didn't even know I committed. There's spies everywhere—even on the fae council—but I won't go down without a fight.   I *need* to get back to Tristan.   His cure is within reach and we can finally be together. I just need to slay a cursed dragon, steal an ancient flower, unite our packs, and then Solas will at long last answer for all the crimes he's committed.   That's if he doesn't kill me first.   But with Killian and Fenrik at my side, and the help of a powerful goddess, I think *his* chances are slim this time.   It's time for the Light Alpha to fall and for the Dawnlands and the Shadowlands to be united under one pack.   I'll do whatever it takes to ensure that happens...even sacrifice myself.","goodreads:64413036,amazon:B0BMZMY4MH,mobi-asin:B0BMZMY4MH","","","Dinamica · Harem inverso/Why choose, Tono · Oscuro, Tono · Picante/Erotico, Paranormal · Lobos/Shifters, Paranormal · Dragones, Paranormal · Fae/Feerico, Subgenero · Policiaco/Detective","Romantasy [REVISAR]","","","","","",""
"Bossy Billionaire Twin","Eden Storm","Themes.Explicit Sex, _Biblioteca.Romance.Contemporaneo","The Taming the Boss Series","2.0","I have been given three months to see three potential suitors hand-picked by my conniving mother but I have my heart set on Nick Parker, the new addition to my company.  However, things don’t go as planned.  Nick was attacked on the way home and thankfully rushed over to Emergency.  While in the hospital, something weird starts to happen; he slowly see glimpses of a life he once had.  Two years before meeting me, he was a billionaire and the right choice for taking over his father’s company. Nick was not alone, he had his twin by his side and together they were an unstoppable force.  So what goes wrong?  Acknowledged as dead by the rest of the world, Nick is set on getting his rightful place as the President of Parker Corp.  Enjoy the thrills, passion and suspense the sequel of ***‘Taming The Boss’* **has to offer.","amazon:B0BSYQ651M,goodreads:118929898,mobi-asin:B0BSYQ651M","","","Dinamica · Obsesion/Stalker, Tono · Picante/Erotico, Arquetipo · Billonario/CEO, Paranormal · Lobos/Shifters","Romance contemporáneo [REVISAR]","","","","","",""
"Bossy Billionaire Wedding","Eden Storm","Themes.Explicit Sex, _Biblioteca.Romance.Contemporaneo","The Taming the Boss Series","3.0","I can now breathe calmly with my brother tucked away in the insane asylum  Or can I?  After spending weeks in an asylum, he is finally freed by the person he least expects.  Now out of his cage, my twin seeks revenge. But something or someone makes him tether on balance between revenge and emotion he never knew he had.  Meanwhile, I'm supposed to be planning my wedding  However, when has planning a wedding gone smoothly?  Who is the stalker that hunts the Hunter?  Would Blake finally quench his thirst for blood?  Questions that need answers and passion that needs to be fanned by the heat of sex.  A desire to love the unlovable and forgive the unforgivable.  All these and more are in the last and final book of The Taming The Boss series.  It's A Bossy Billionaire Wedding.  And you are invited.","mobi-asin:B0C4PP8NL9,goodreads:151400416,amazon:B0C4PP8NL9","","","Dinamica · Obsesion/Stalker, Tono · Picante/Erotico, Arquetipo · Billonario/CEO, Paranormal · Lobos/Shifters","Romance contemporáneo [REVISAR]","","","","","",""
"Taming the Boss","Eden Storm","Themes.Explicit Sex, _Biblioteca.Romance.Contemporaneo","The Taming the Boss Series","1.0","Follow the story of the hunter and the prey in this trilogy as each chapter promises you the thrill of passion, love, suspense and an insane drive to flip the pages.  Unleash your inner Wolf.  Or simply tame it.  The hunt begins.  **The Boss Will Not Be Tamed… Or so she thinks** Nick’s touch is different than anyone I’ve been with.  If I’m not careful the feeling he gives me could crack my shell.  But trust is not something I give easily.  It’s why I never get involved.  But seeing him with someone else makes me want one thing… him.  Aria stings me from the moment i lay my eyes on her  Why does she make me restless?  Her touch feels like dejavu  Faces and names I know but can’t remember where.  Will I ever understand why these feelings keep reoccurring?  Will I ever stand on equal footing with the boss ?","goodreads:61794365,amazon:B0B6SV8KPW,mobi-asin:B0B6SV8KPW","","","Dinamica · Obsesion/Stalker, Tono · Picante/Erotico, Arquetipo · Billonario/CEO, Paranormal · Lobos/Shifters","Romance contemporáneo [REVISAR]","","","","","",""
"Never Mine to Hold","Jennifer Sucevic","English.Romance.Contemporary Romance, Contemporary, Themes.Explicit Sex, _Biblioteca.Romance.Contemporaneo","Western Wildcats Hockey","3.0","Wolf Westerville.   There was a time when my world revolved around him, and I’d foolishly thought he’d be the one to claim all my firsts. Those dreams shattered into a million jagged pieces when the unthinkable happened.  Five years later and we both attend the same college. He’s a superstar goaltender for the Western Wildcats with a ticket to the NHL. I’m just trying to make it through the last year and a half of college all the while doing my best to avoid him.   Wolf has decided that it’s time for us to get reacquainted. As far as I’m concerned, he can shove that idea where the sun doesn’t shine.  Better yet, he can bend over, and I’ll happily do it for him.  He might not realize it, but my life is splintering apart at the seams. My parents have lost everything and can’t pay my tuition for the second semester, which means I need to figure something out.  *Fast.* Or I’ll be forced to drop out and move back home.  Unwilling to allow that to happen, I decide to sell the only thing I have of value.  My V-card.","goodreads:204892962,amazon:B0CRL25N4Y,isbn:9798874021139","","","Tono · Picante/Erotico, Arquetipo · Deportistas, Paranormal · Lobos/Shifters","Romance contemporáneo [REVISAR]","","","","","",""
"Falling for You","Sarah Taylor","Themes.Explicit Sex, Romance, _Biblioteca.Romance.Contemporaneo","Big Hot Heroes","4.0","Wolf  I’m a cop and my life revolves around my work. My colleagues on the force are like my family.  Although I’m a bit rough around the edges I like to think I have a bit of charisma to offset it.  I’ve known Violet almost all my life. I used to hang out with her brother Liam back in the day, but to me she was always just his kid sister.  Seeing her at that wedding recently changed my opinion. She’s no longer the annoying little kid she once was.  But she’s still a lot younger than me and although I’m attracted to her it still feels wrong and I’m not ready to commit.  Or am I?  Violet  I’ve always been the ambitious type. Above all I want to make my family proud of me.  But taking over the family veterinary business has caused a rift between me and my brother Liam. It should have been his by right, but he’s gone off the rails.  Studying to become a vet and running the business was never my first choice, but what else can I do?  And then there’s Wolf. He was Liam’s friend back in school and I had the biggest crush on him. He’s a cop now and seeing him again for the first time in years brought back a lot of memories.  But if he’s not ready for commitment and I’m not willing to be strung along it might be pointless, no matter how great he looks.  Or is it?  Are you craving a sweet insta-love story? No cliffhangers? Guaranteed HEA? Falling for You is the perfect short, steamy read you've been waiting for.","mobi-asin:B08BZVPMMV,goodreads:54379672","","","Dinamica · Amor a primera vista, Tono · Picante/Erotico, Paranormal · Lobos/Shifters","Romance contemporáneo [REVISAR]","","","","","",""
"The Medic for You","Sarah Taylor","Themes.Explicit Sex, Romance, _Biblioteca.Romance.Contemporaneo","Big Hot Heroes","5.0","Noah  I work as a paramedic and I enjoy life as much as the next guy.  When I first saw Ava in the hospital she really caught my eye. There was something about her. But we never got the chance to meet properly.  Then my buddy Wolf threw a party and guess who was there?  We couldn’t keep our hands off each other but relationships aren’t my thing and I swore it would just be for that one night.  I can’t deny that something was different that night and now I’m confused about what I want, or if she even wants me.  Now it seems like she’s rubbing salt into the wounds and telling me that I’ll never have her.  And that suits me fine.  Ava  The first time I saw Noah he was bringing a patient into the hospital where I work.  He looked great and just the kind of guy I would go for, but I have this rule; never date anyone in the medical profession. I get enough of them at work.  When I met him at Wolf and Violet’s party I got quite a shock.  And of course, with a bit too much to drink, one thing led to another and…  That one night stand turned my life upside down. Now I’m pregnant with Noah’s baby and I don’t know how to tell him.  He was always unlikely to want to have anything to do with me once he found out and now that’s come true.  So I’ve decided. I’m going to keep it a secret. If I can.  Are you craving a sweet insta-love story? No cliffhangers? Guaranteed HEA? Complete with You is the perfect short, steamy read you've been waiting for.","mobi-asin:B08CZ4QN3B,goodreads:54573640","","","Dinamica · Amor a primera vista, Tono · Picante/Erotico, Paranormal · Lobos/Shifters","Romance contemporáneo [REVISAR]","","","","","",""
"Caught Up","Liz Tomforde","Contemporary, English.Romance.Contemporary Romance, Themes.Explicit Sex, _Biblioteca.Romance.Contemporaneo","Windy City","3.0","KaiI'm a single dad and starting pitcher for Chicago's MLB team. 
I'm stretched too thin, but I don't want help raising my son. 
Each of his previous nannies only lasted a few weeks before I let them go. 
Now, my coach is putting his foot down by hiring the one person I can't fire-his daughter. 
Miller Montgomery is the last woman I should fall for. Too wild, too young, and too unattached. 
Chicago is just a quick stop for her. I thought I'd be counting down the days until she left, but summer feels too short when I start thinking about forever. MillerAs a high-end pastry chef who recently won the most prestigious award in my industry, I'm desperate to prove I deserve it. But with a new title comes new pressure, and I can't create a fresh and inspiring dessert to save my life. 
With only two months to get back on track, I should be focusing in the kitchen, but instead, I let my dad talk me into using my time off to nanny for his star player's kid. 
Kai Rhodes forgot how to have fun, and I'm eager to jog his memory. But when he and his son start to feel like home, I have to remind us both that my time in Chicago ends with the summer. 
Besides, I've always been a runner, and the last thing I want is to get caught.
","isbn:9798868972201,goodreads:88151671,ff:t/liz-tomforde/caught-up,amazon:B0BSL6GMZX,google:LB9Y0AEACAAJ","","Contemporary, Romance, Sexual Content","Tono · Picante/Erotico, Arquetipo · Deportistas, Dinamica · Hermano del mejor amigo/a, Arquetipo · Mafia, Paranormal · Lobos/Shifters, Dinamica · Padre/Madre soltero/a","Romance contemporáneo","","","","","",""
"Mile High","Liz Tomforde","Contemporary, English.Romance.Contemporary Romance, Themes.Explicit Sex, _Biblioteca.Romance.Contemporaneo","Windy City","1.0","ZANDERS   
Chicago hockey isn't complete without me - everyone's favourite player to hate. I know my role, and I play it well. In fact, I thoroughly enjoy spending the majority of my game time in the penalty box before leaving the arena with a new girl on my arm each night.   
What I don't like is the new flight attendant on our team's private plane. She works for me, not the other way around. But I'll be sure to remind her of that, and I can guarantee, by the end of the season, she'll be begging to quit her job.   
But every road trip blurs the lines, and I can't quite figure out if I keep pushing that flight attendant call button in order to push her buttons, or if it's more than that.   
STEVIE   
I've been a flight attendant for years. I thought I'd seen it all, but when my new job lands me onboard working for the most egotistical and self-righteous diva in the NHL, I start to second guess everything. Including the promise I made to myself of never hooking up with an athlete again . . . no matter how annoyingly tempting he may be.   
Evan Zanders is unfiltered, unapologetic, and too attractive for his own good. He loves his image, but I hate everything about it.   
Everything but him.
","mobi-asin:B09X4PVC6F,amazon:B09X4PVC6F,ff:t/liz-tomforde/mile-high,goodreads:123014107","","Contemporary, Romance, Sexual Content","Tono · Picante/Erotico, Arquetipo · Deportistas, Dinamica · Hermano del mejor amigo/a, Arquetipo · Mafia, Paranormal · Lobos/Shifters, Dinamica · Padre/Madre soltero/a","Romance contemporáneo","","","","","",""
"The Right Move","Liz Tomforde","Contemporary, English.Romance.Contemporary Romance, Themes.Explicit Sex, English.Romance.Mafia Romance, _Biblioteca.Romance.Contemporaneo","Windy City","2.0","RYAN   
Shes a distraction, thats what she is.   
Im the newest Captain of the Devils, Chicagos NBA team, and the last thing I needed this year was for Indy Ivers, my sisters best friend, to move into my apartment. Shes messy, emotional, and way too tempting.   
But when the teams General Manager vocalizes his blatant disapproval of my promotion to Captain, referring to me as an unapproachable lone wolf with no work-life balance, I cant think of a better way to convince him otherwise than pretending to date my outgoing roommate.   
The only problem? Faking it feels far too natural.   
Having a fake girlfriend wasnt supposed to be messy but having Indy under my roof and in my bed is complicated, especially when she wants all the romantic parts of life that I could never give her.   
INDY   
I never imagined Id be living with my best friends brother, NBA superstar Ryan Shay. Even more unbelievable? He needs me to act as his loving girlfriend whos suddenly changed him into a friendly and approachable guy.   
Because, well hes not. Hes controlling of his space and untrusting of others.   
Our arrangement isnt one-sided, though. Im in a wedding coming up, one where every one of my childhood friends, including my ex-boyfriend, will be in attendance, and theres no better date than my exs celebrity hero.   
Blurred lines make it almost impossible to separate real from fake. Falling for my roommate was never part of the deal, especially when Ryan is quick to remind me that he doesnt believe in love.   
Im a romantic and cant help fantasizing that hell change, but soon enough, I find myself questioning if sharing a roof with my best friends brother was the right move after all
","amazon:B0B2L6CBXQ,goodreads:84943172,ff:t/liz-tomforde/right-move,mobi-asin:B0B2L6CBXQ","","Contemporary, Romance, Sexual Content","Tono · Picante/Erotico, Arquetipo · Deportistas, Dinamica · Hermano del mejor amigo/a, Arquetipo · Mafia, Paranormal · Lobos/Shifters, Dinamica · Padre/Madre soltero/a","Romance contemporáneo","","","","","",""
"Surrender","Stephanie Tyler","military romance, _Biblioteca.Romance.Contemporaneo","Section 8","1.0","**Desperate, fearless, and hunted  
**  
For former Navy SEAL Dare O’Rourke, Section 8 was legendary. The son of one of its missing members, he grew up in the shadow of its secrets. All he knew was that it was a cabal of operatives discharged from branches of the military and reassigned to extremely dangerous, off-the-books international missions. And that their handler was as shrouded in mystery as the missions themselves.  

**Nothing can stop them. Nothing can break them.**  

Now the handler of Section 8 has given extreme orders to kill any remaining members, along with their families. Dare must save his long-lost half sister, Avery, whom he was never meant to meet. Determined to fight for their lives and find their missing father, Dare and Avery bring together those who are in danger because of their relationship to Section 8 for one last mission—to avenge their families and to survive.  

### Review
Praise for the Novels of Stephanie Tyler  

“Unforgettable.”— *New York Times* bestselling author Cherry Adair  

“Red-hot romance. White-knuckle suspense.”— *New York Times* bestselling author Lara Adrian  

“No one writes a bad-boy hero like Tyler.”— *New York Times* bestselling author Larissa Ione  

“A story that kept me on the edge of my seat.”— *New York Times* bestselling author Alexandra Ivy  

“Stephanie Tyler is a master.”— *Romance Junkies*  

“Sexy and witty.”— *Fresh Fiction*  

“A thrill ride with twists and turns to keep the reader guessing.”— *Night Owl Reviews*  

“Takes murder, suspense, psychic gifts, and passion; twists them all up; and then tosses them out in a way that will keep you wondering what will happen next.”— *Joyfully Reviewed*  

“Heart-stoppingly exciting.”— *Romantic Times  
*  
“A very satisfying romantic thriller.”— *Publishers Weekly*  

### About the Author
**Stephanie Tyler** is the *New York Times* extended bestselling author of two previous military romantic suspense series, as well as the Eternal Wolf Clan series. *Surrender i* s the first novel in the Section 8 series. Stephanie lives in New York with her husband, kids, and a crazy Weimaraner named Gus.  

","isbn:9780451413499,amazon:0451413490","","Military romance","Arquetipo · Militar/SEAL, Paranormal · Lobos/Shifters, Subgenero · Superpoderes, Subgenero · Romantic suspense","Romance contemporáneo [REVISAR]","","","","","",""
"Surrender","Stephanie Tyler","military romance, _Biblioteca.Romance.Contemporaneo","","1.0","**Desperate, fearless, and hunted  
**  
For former Navy SEAL Dare O’Rourke, Section 8 was legendary. The son of one of its missing members, he grew up in the shadow of its secrets. All he knew was that it was a cabal of operatives discharged from branches of the military and reassigned to extremely dangerous, off-the-books international missions. And that their handler was as shrouded in mystery as the missions themselves.  

**Nothing can stop them. Nothing can break them.**  

Now the handler of Section 8 has given extreme orders to kill any remaining members, along with their families. Dare must save his long-lost half sister, Avery, whom he was never meant to meet. Determined to fight for their lives and find their missing father, Dare and Avery bring together those who are in danger because of their relationship to Section 8 for one last mission—to avenge their families and to survive.  

### Review
Praise for the Novels of Stephanie Tyler  

“Unforgettable.”— *New York Times* bestselling author Cherry Adair  

“Red-hot romance. White-knuckle suspense.”— *New York Times* bestselling author Lara Adrian  

“No one writes a bad-boy hero like Tyler.”— *New York Times* bestselling author Larissa Ione  

“A story that kept me on the edge of my seat.”— *New York Times* bestselling author Alexandra Ivy  

“Stephanie Tyler is a master.”— *Romance Junkies*  

“Sexy and witty.”— *Fresh Fiction*  

“A thrill ride with twists and turns to keep the reader guessing.”— *Night Owl Reviews*  

“Takes murder, suspense, psychic gifts, and passion; twists them all up; and then tosses them out in a way that will keep you wondering what will happen next.”— *Joyfully Reviewed*  

“Heart-stoppingly exciting.”— *Romantic Times  
*  
“A very satisfying romantic thriller.”— *Publishers Weekly*  

### About the Author
**Stephanie Tyler** is the *New York Times* extended bestselling author of two previous military romantic suspense series, as well as the Eternal Wolf Clan series. *Surrender i* s the first novel in the Section 8 series. Stephanie lives in New York with her husband, kids, and a crazy Weimaraner named Gus.  

","isbn:9780451413499,mobi-asin:2bd0104c-29bf-43c7-bf08-7ee3f4b7b1d3","","Military romance","Arquetipo · Militar/SEAL, Paranormal · Lobos/Shifters, Subgenero · Superpoderes, Subgenero · Romantic suspense","Romance contemporáneo [REVISAR]","","","","","",""
"Forever Yours","Jennifer J. Williams","Themes.Explicit Sex, Contemporary, Booktok, Friends To Lovers, Contemporary Romance, Small Town Romance, _Biblioteca.Romance.Contemporaneo, Romance","Forever","2.0","Olivia  I fell in love when I was only twelve to my older brother’s best friend. Despite the years-old crush, he still didn’t know how I felt until he saw me in a Christmas elf costume, and I acted very out of character. It might be time to change our cordial friendship to something a little more uncordial. With love in the air, can I resist the pull I feel toward the man I know should be off-limits?  Liam  I was only a teen when I fell in love with my best friend’s little sister. But I’ve shut down any connection to anyone outside of platonic friendships. My childhood trauma haunts me. But watching my best friend fall in love makes me realize my happiness may be within reach with Liv. Can I leave my demons behind and give Liv the life I know she deserves?  Forever Yours is a small-town contemporary romance. It is book two of the Forever Series but can be read as a standalone. It features a brother's best friend and a guaranteed Happily Ever After. Forever Yours features sexually explicit material, profanity, and some content that may be triggering. This book is intended for readers 18+.","asin:B0BJJ4TD2C,goodreads:63049620","","","Dinamica · Amor a primera vista, Paranormal · Lobos/Shifters, Tono · Picante/Erotico, Dinamica · Enemigos a amantes, Dinamica · Age gap, Tono · Angst/Drama emocional, Ambientacion · Navideno/Festivo, Representacion · LGBTQ+ (FF), Dinamica · Amigos a amantes, Dinamica · Hermano del mejor amigo/a, Paranormal · Fae/Feerico, Paranormal · Angeles y demonios, Ambientacion · Small town, Dinamica · Segunda oportunidad, Arquetipo · Bad boy, Publico · New adult, Tono · Trauma/Salud mental, Tono · Oscuro, Arquetipo · Billonario/CEO","Romance contemporáneo","","","","","",""
"Worth the Risk","Jennifer J. Williams","Themes.Explicit Sex, Contemporary, General, _Biblioteca.Romance.Contemporaneo, Fiction, Romance, Sports","Eternity","1.0","HannahThe night before starting my new job was not when I wanted to meet my neighbor. Certainly not in the middle of the night, wearing next to nothing, as I bang on his door to tell him to quiet down. And when he answers the door, I almost swallow my tongue. He's possibly the hottest guy I've ever seen. But when he opens his mouth, my Southern upbringing rears its ugly head, and I slam up those carefully constructed walls around my heart.
Luca calls me Pixie, and suggests I need to loosen up. When I finally decide to lower my walls with him however, he walks into my work office. As the social media manager for the Denver Wolves hockey team, I'd been warned about one specific hot player, both on and off the ice. Of course, he'd be that hot player. But I just can't stay away ... until I'm forced to.
LucaI'm the black sheep of the Wolves. The one who has too much bad publicity. Everyone, including my family, thinks I'm a player. No one believes that I'm tired of the partying. The lifestyle. The games. But I don't know how to change things, until she moves in next door.
Hannah makes me want to be a better man. But life on the ice has gotten murky, and my coach is clearly looking to get rid of me. I've never taken chances on anyone before, but something tells me Hannah is worth the risk.
Worth the Risk is a small town contemporary romance. It is book one of the Eternity Series, but can be read as a standalone. It features a neighbors, workplace, hockey romance and a guaranteed Happily Ever After. Worth the Risk features sexually explicit material, profanity, and some content that may be triggering. This book is intended for readers 18+.
","asin:B0CJ7L1J93,isbn:9781967829019,goodreads:199036788,google:iGaP0QEACAAJ","","","Tono · Picante/Erotico, Arquetipo · Deportistas, Paranormal · Lobos/Shifters, Paranormal · Fae/Feerico, Ambientacion · Small town","Romance contemporáneo [REVISAR]","","","","","",""
"Believe It or Knot: Part Two","Harper Wylde","Themes.Explicit Sex, Paranormal, Erotica, Contemporary, Dark, English.Romance.Mafia Romance, Omegaverse, Themes.Reverse Harem, Dark Romance, Why Choose, _Biblioteca.Romance.Contemporaneo, Romance, Fantasy","Runaway Omega","2.0","**Fate gave me everything… and then my past came back and stole it all away.** In the blink of an eye, I lost my freedom, my fated pack, and my only shot at happiness.  Alone and outnumbered, I’m held captive by my worst nightmares. My old pack thinks I’m worthless and weak, but I’m not the same Omega they once knew. They have no idea how hard I’ll fight to get back to them—the six men who claimed my heart. My scent matches. My perfect pack.  I’ll go to any lengths, walk through any hell, if it means getting to see them again.  Now that I’ve had a taste of love, I’m not giving it up.  I know my mates are coming for me, but if life has taught me anything, it’s that sometimes, you have to claim your destiny for yourself.  The promise of our future hangs just out of reach, dangled in front of me like a carrot on a stick. But I’m done being a pawn in the wicked games of others.  There’s power in being an Omega, and for the first time in my life, I’m ready to embrace who I am.  I’m Demi Leigh, an Omega who never used to believe in happily ever afters. But since I met my pack, I know they exist.  And I’m willing to do whatever it takes to make mine come true.  *Believe It or Knot: Part Two is the second book in a reverse harem (MFMMMMM) Omegaverse duet (now complete) with no choosing, no cheating, and a guaranteed HEA! Please read the content warning at the start of the book for possible triggers.*","asin:B0CNSKLBTF,amazon:B0CNSKLBTF,goodreads:202508142","","","Dinamica · Harem inverso/Why choose, Tono · Oscuro, Tono · Picante/Erotico, Arquetipo · Mafia, Paranormal · Lobos/Shifters, Paranormal · Fated mates, Paranormal · Omegaverse, Tono · Cautiverio/Trata","Romantasy [REVISAR]","","","","","",""
"Harlequin Nocturne October 2018 Box Set","Barbara J. Hancock","","","1.0","Do you harbor passionate otherworldly desires where the normal and paranormal collide? Let <strong>Harlequin&#174; Nocturne</strong> bring you into dark and dangerous territory where your senses will be awakened. <br>This box set includes:<br><strong>LEGENDARY BEAST<br>by Barbara J. Hancock</strong><br>Once upon a time, Madeline was trapped in an enchanted sleep, her baby wrapped tight in her arms. Then the white wolf woke her, and her son disappeared. For centuries, Lev Romanov searched for his wife and their child, and the search drove him half-mad. Can Madeline trust the wolf to be the man who can help her save their son?<br><strong>WITCH HUNTER<br>by Shannon Curtis</strong><br>When a name appears on Dave Carter's skin, he goes hunting. It's his job to find and kill witches who transgress natural law. He can't believe that sweet, naive empath Sully Timmerman is the murderer he's seeking. Is she dangerous, in danger, or both? Dave wants to protect her, but he can't protect his...","","","","Paranormal · Lobos/Shifters, Paranormal · Brujas/Magos","Paranormal [REVISAR]","","","","","",""
"Thrown to the Wolves","Persephone Black","","The Red Rivals Duet","1.0","***Lyssa can't resist a damsel in distress…but she'll wish she resisted this one.** * 
The ferocious Styx Syndicate enforcer and trainer known as ""the Wolf"" has always been the hunter, never the hunted. So when Lyssa sees the gorgeous Scarlett getting harassed by thugs in a dive bar she's visiting for intel, she jumps straight into protective mode. 
But Lyssa soon discovers that not every damsel needs saving. 
And sometimes, wolves wear sheep's clothing… 
Lyssa thought she'd buried her past, but now it's rushing back with a vengeance—literally. Scarlett has a score to settle, and she’s not going to back off. 
The Styx Syndicate wants Scarlett dead. But Lyssa sees potential in her nemesis—and maybe something more. Something Lyssa has never allowed herself to want. 
Something she didn’t think was even an option. 
Can Lyssa persuade the Syndicate to give Scarlett a chance? Or will she follow orders like she always has, and destroy the one person who makes her feel like something more than a monster? 
*Thrown to the Wolves* is part one of the Red Rivals Duet, a twisty, steamy contemporary Sapphic mafia romance based (very) loosely on the Little Red Riding Hood fairytale. Reader discretion is advised, and content notes are available on the Copyright page.
","mobi-asin:B0CW1HLSGW,goodreads:213682838,amazon:B0CW1HLSGW","","","Tono · Picante/Erotico, Arquetipo · Mafia, Paranormal · Lobos/Shifters, Representacion · LGBTQ+ (FF)","Paranormal [REVISAR]","","","","","",""
"Brutal Surrender","Em Brown","","Dark Mafia Omegaverse","2.0","**This dark mafia romance is an enemies-to-lovers romance with revenge, morally grey characters and Omegaverse elements. Full list of triggers listed inside. Read at your own risk.** My conscience died years ago, and there's no limit to my savagery.  I kept my would-be assassin alive just so I could make her life a living hell.  Sadistic f*** that I am, I relish all the ways I can use her own body against her. She's helpless to stop me. All she can do is submit.  Except...she's not like anyone I've ever come across. She doesn't just push my buttons in a way that makes me want to pound her into oblivion. Somehow, she's reaching into my past and pulling it to the forefront, ripping my heart open in the process.  She's going to pay a brutal price for making me bleed.  *Reading* BRUTAL SUBMISSION (Book 1 of the Dark Mafia Omegaverse) *is not required but recommended.*","goodreads:214969155,asin:B0D7DSCSPY,grvotes:291,amazon:B0D7DSCSPY","","","Tono · Morally grey/Antiheroe, Arquetipo · Mafia, Paranormal · Lobos/Shifters, Paranormal · Omegaverse","Romance contemporáneo [REVISAR]","","","","","",""
"Wild Angel","Logan Fox","mafia romance, Enemies To Lovers, Dark Romance, Romance, Dark","A Crime Family Affair","2.0","**I’m her only hope. She’s my greatest weakness.** I told myself a long time ago that women had no place in my kill-or-be-killed world.   I had rules: don’t get distracted, don’t get tied down, and don’t get *weak*.   But then Nyx comes along and breaks every single one of those rules. All tempting curves, blue eyes, and as ruthless as I am.   I should have killed her. The gorgeous assassin was after my own father, for God’s sake.   But instead of killing her, I saved her from a rival cartel.   Now she needs my help. Again.   I was weak before. I can’t get caught up in her again. Not when my enemies know me as a savage killer.   My rules have kept me alive and in power. Breaking them again could have the wolves at my door.   Or worse, *hers*.   But instead of pushing her away, I keep pulling her closer. I should put her in the ground, not in my bed.   Now I don’t know which is worse: that this wild angel might have her hooks in me, or that I might just *like* them there…","amazon:B08ZQ8D512,goodreads:58360380,mobi-asin:B08ZQ8D512","A Dark Mafia Romance","","Dinamica · Enemigos a amantes, Tono · Oscuro, Arquetipo · Mafia, Paranormal · Lobos/Shifters, Paranormal · Angeles y demonios, Subgenero · Policiaco/Detective","Romance contemporáneo [REVISAR]","","","","","",""
"Que sea la última vez...","Màxim Huerta","","","1.0","Margarita Gayo, reina indiscutible e indiscutida de la televisión, recibe una carta de la revista TP que hará tambalearse su vida: quieren darle el premio a toda una carrera... Lo que debería ser motivo de alegría se convierte en una auténtica pesadilla. ¡La están llamando VIEJA! ¡¡¡Le están anticipando la jubilación!!! 
Desde ese mismo día Margarita vivirá sin vivir en sí. Tiene que hacer algo. Por ejemplo, acercarse a la clínica de su amiga Rita para que le dé unos pinchacitos que la hagan parecer más joven, irse de compras a las tiendas haute couture para darse un baño de masas y quitarse la depresión, programar un viajecito a París para adquirir el último modelo de Christian Lacroix... Y todo ello mientras los problemas se suceden a su alrededor: Luchi Lobo, que fue salir de Miss España, ponerse unos pechos enormes en la clínica Mallorca y tener programa para ella solita, le quiere quitar su puesto; en su pueblo, en vez de ofrecerle una plaza conmemorativa, sólo le dan una simple calle... y encima, en París, conoce a un modelazo guapísimo, divertido e inteligente de sólo ¡23 años! que la seduce y la conquista. Y así transcurre su vida hasta que llegue el día de la gran gala, ensayando el discurso una y mil veces: “El PREMIO que hoy tengo entre manos quiero que sea el alimento profesional de todas las demás aspirantes a presentadoras, todas esas misses, putones verbeneros, lobas, carroñeras, perras, busconas, zorrongas, descentradas, arribistas, liantas, alimañas peliteñidas, siliconadas, bichos, perversas, sabandijas, bestias, musarañas, rastreras escotadas, minifalderas golfas y frescas que empiezan en la televisión”...
","mobi-asin:c67e8a56-9611-49f8-b719-d74c7692be5c,goodreads:16077186,isbn:9788427021228","","","Paranormal · Lobos/Shifters, Tono · Trauma/Salud mental","Romance histórico [REVISAR]","","","","","",""
"The Groom Wore Leather","Taylor Manning","Contemporary Romance, Texas, motorcycle","The Grooms Trilogy","4.0","<p>The Ladies Prayer Circle of Ophelia, Texas, has undertaken the task of seeing that Hannah Murphy gets married. But when a bad-boy biker in leather and skin-tight jeans rolls into town, will stubborn Hannah be the first to ruin the Prayer Circle's long string of successes?","isbn:9781601740755","","Contemporary Romance, Texas, motorcycle","Paranormal · Lobos/Shifters","Romance contemporáneo [REVISAR]","","","","","",""
"The Groom Wore White","Taylor Manning","Love stories; American, Texas, Contemporary Romance","The Grooms Trilogy","3.0","<p>Texas rancher Winnie Davis had a husband and doesn't want another one. She keeps men at arm's length with wolf whistles, dragging them to the dance floor, and calling out her appreciation of the ""stock."" But her sassy behavior is only a wall to keep men away and protect the secret she has kept from everyone, even her very best friends. Winnie's great aunt, Miss Daisy Hemphill and the ladies of the Ophelia, Texas, Prayer Circle seek heavenly assistance in finding husbands for the town's single women. When they take on Winnie's case, she's not glad for the attention.<p>Ophelia's new doctor, Will Barker, is fascinated by the sexy lady rancher, and intrigued by her brash sassiness. He's not looking for anything permanent while he establishes himself in his new hometown, but Winnie's charms are too much to ignore.<p>To send the Prayer Circle ladies on to another victim, Winnie agrees to Will's plan for a pretend romance...until it becomes more.","isbn:9781601741301","","Love Stories; American, Texas, Contemporary Romance","Paranormal · Lobos/Shifters","Romance contemporáneo [REVISAR]","","","","","",""
"Cardinal House","K. L. Taylor-Lane","_Topics.Forced Proximity, _Topics.Dark","The Blackwell Brothers","4.0","Obsession.  As a Blackwell, it’s my curse.  It lives in all five of my brothers. Two hearts thriving with it, three of them rotting, but I didn’t believe in it. Didn’t want to believe that it would latch itself onto me, sink its claws bone deep and never let go.  Until I meet her.  Suddenly, my whole world shifts, my focus is her and only her, and I won’t stop until she’s mine.  Then, all too quickly, she’s gone.  Stolen away from me in the night, my heart is in pieces.  Rain. Blood. Coffin.  But I won’t give up.  I’ll fight to bring her back to me, uncover her past, and hunt the people that hurt her. Can I defeat the monsters that haunt her, or will I end up being the worst monster of them all?  Cardinal House is a dark gothic MF romance featuring Wolf Blackwell.  Cardinal House can be read as a standalone, but for maximum enjoyment I recommend you read the entire series in order.","goodreads:128079005,grvotes:128,mobi-asin:B0C21GLBDN,amazon:B0C21GLBDN","","","Dinamica · Proximidad forzada, Dinamica · Obsesion/Stalker, Tono · Gotico, Paranormal · Lobos/Shifters, Dinamica · Amor a primera vista","Romantasy [REVISAR]","","","","","",""
"Howling for More","Bailey Bradford","LGBT Romance Fiction","","1.0","<P><B>FROM BESTSELLING AUTHOR OF LGBTQIA ROMANCE BAILEY BRADFORD</B></P><P><B>Book one in the Triple Threat series &amp;#8211; a newly revised edition of <I>Bowen's Battle</I></B></P><P><I>What happens when the wolf is unleashed?</I></P><P>Bowen's used to life as a lone wolf. He has the occasional hook-up, but rarely with the same man twice. Chiz is an exception to his rule, and one night's adventure that neither of them expected forces Bowen to see Chiz as more than just a pretty sub he can scratch his itch for rough sex with.</P><P>Chiz has his own rules for getting off with guys. His secret crush on Bowen was supposed to remain just that—a secret—until the one night that changes everything, and hiding things is impossible.</P><P>Then there's Dare, the big tough bar owner who has questions for Bowen and Chiz and whose attraction to them is too strong to resist...and is just as powerful as the feelings Bowen and Chiz have for him.</P><P>But giving in to the overpowering sexual...","","","LGBT Romance Fiction","Dinamica · Amor no correspondido/Pining, Paranormal · Lobos/Shifters","Paranormal [REVISAR]","","","","","",""
"Bad Wolf","Claire Ivy","second chance romance, Explicit Sex, Romance","","1.0","Knox   Ours was an epic love. Sure, we were young but it seemed like we had it all. And we had our whole lives ahead of us.   Then she broke me. Tore my heart right out of my chest leaving me alone and betrayed. She turned me into a cold, live-for-the-moment playboy who built walls up to protect myself. I’d never let anyone get that close again.   Now it’s six years later and I just hope those barricades are strong enough to withstand her.  Wren   We were so in love. Crowned Prom queen and king and named most likely to get married and start a family. I found my soulmate at fifteen and we had our whole lives ahead of us.   But mistakes were made. I had to break him. Had to put myself between him and that which would ruin him, while shattering my own heart to pieces. Wishing and hoping that one day he’d be able to forgive me.   Now it’s six years later and it’s time he finally knew the truth.","mobi-asin:B0CL8M829Z,amazon:B0CL8M829Z,isbn:9781739769161,goodreads:200091995","","","Dinamica · Segunda oportunidad, Tono · Picante/Erotico, Paranormal · Lobos/Shifters, Paranormal · Fated mates","Romance contemporáneo [REVISAR]","","","","","",""
"She Wolf","Claire Ivy","Explicit Sex, Hockey, Hockey Romance, Romance, Sports, Sports Romance","Wolves Hockey","2.0","Friends to Lovers, Teammates sister, Best friends sister, Single Mom  Book Two in the Wolves Hockey Series - Available for Pre Order Now!  Releasing January 1st 2023  Gunner  Have you ever wanted someone so bad it hurts? Been so consumed by need, you wonder how you function? Except, it’s so sweet and addicting, you just can’t help but keep coming back for more. Well, that’s me and let me tell you it’s like constantly being in penalty kill mode. And the worst part of it all?  It’s so close and almost mine for the taking. Notice the “almost” there? Yep, technically the girl with the butt that won’t quit belonged to someone else and my poor caveman heart couldn’t stand it. But now the divorce is final and I’m about to make the biggest play of my life.  Four years ago, my best friend introduced me to his twin sister and it’s time to make her mine.  Coralie  Have you ever wanted someone so bad it hurts? Been so consumed by need, you wonder how you function? Except the pull is so strong, you can’t help but keep wishing for just that little bit more? Well, that’s me and let me tell you, it’s not easy. And the worst part of it all? It’s so close and almost mine for the taking.  Notice the “almost” there? Yep, I’m the one who married the wrong man, and my lonely, wasted heart pined for the boy in plaid. But now the divorce is final and I’m about to take the biggest leap of my life.  Four years ago, my brother introduced me to his best friend and it’s time to make him mine.  She Wolf is a full-length sports romance with a HEA and is book two in the Wolves hockey series. Can be read as stand alone but probably best enjoyed in order.","isbn:9781739769123,amazon:B0BPJVSR87,goodreads:64664099","","explicit sex, Find Orgasm, Romance, Find Magic","Dinamica · Amigos a amantes, Dinamica · Hermano del mejor amigo/a, Dinamica · Padre/Madre soltero/a, Tono · Picante/Erotico, Arquetipo · Deportistas, Paranormal · Lobos/Shifters","Romance contemporáneo [REVISAR]","","","","","",""
"Amor en Directo","Carol Higgins Clark","","Regan Reilly Mysteries","7.0","EL SHOW DEBE CONTINUAR…  
  
Roscoe Parker está decidido a formar un imperio en Las Vegas, a ser el nuevo Howard Hughes. Ya tiene propiedades, coches, novias espectaculares… pero le falta algo: un programa rompedor para su televisión estrella, el canal Balloon. Y para ello, nada mejor que la sana competencia: dos shows enfrentados por un solo puesto, con la única condición de que en ellos aparezcan globos aerostáticos. Claro que la competencia, muchas veces, implica juego sucio. Bubbles Ferndale está al frente de una comedia llena de actores desastrosos. Danny dirige un reality show donde suceden extraños accidentes… y la sombra de Roscoe planea sobre todos ellos. Sólo una persona rápida y aguda como Regan Reilly puede poner paz en este embrollo.  
  
…TANTO EN TIERRA COMO EN EL AIRE  
  
Regan echa realmente de menos a su novio Jack, que sigue con su trabajo de policía en Nueva York, cuando comienza a investigar qué está sucediendo en el plato de Amor sobre el nivel del mar. Al parecer, una de las parejas concursantes es un falso matrimonio, pero todos parecen llevar muchos años peleándose juntos. ¿Cómo encontrar a los farsantes? Es sólo uno de los misterios que tiene que desentrañar Regan, mientras se sumerge en una aventura que la llevará desde las avenidas siempre iluminadas de Las Vegas a hoteles de tercera categoría y hasta la más famosa carrera de globos del mundo en el árido desierto de Albuquerque.
","mobi-asin:7095c689-92f4-453f-a8aa-ef3101df8c2b,goodreads:25728085","","","Paranormal · Lobos/Shifters","Romance contemporáneo [REVISAR]","","","","","",""
"The Accidental Boyfriend","Lori Freeland","Young Adult, _Biblioteca.Fantasia.Contemporanea, Romance","","1.0","Jess is everything Gabe wants. Gabe is everything Jess doesn’t know she needs.    Some accidents were meant to be.  Gabe isn't a werewolf. He just plays one on TV. Jess isn't a guy magnet. She just writes teen romance. TV heartthrob Gabriel Wade has never met a party he couldn't rock, a problem he couldn't dodge, or a crowd he couldn't play. Homeschooled Jessica Thorne has never met a party she couldn't wallflower, a problem she couldn't stress over, or a crowd she couldn't escape. But they both know what it's like to lose someone . . . someone who's still here.  After a hotel escalator dumps Jess into Gabe's spotlight and he unknowingly hijacks her first kiss, he decides she'll be the perfect decoy for the paparazzi. If he can convince her to play his ""girlfriend of the week."" Except Jess wants nothing to do with TV's Hottest Hairball or his Hollywood ego. And by the time she figures out he isn't who she thought, it might be too late to say she needs him as much as he needs her. Even if he wants her for real.  More than just a romance, The Accidental Boyfriend is the story of what happens when two people from very different worlds are thrown together only to discover they’re both struggling to figure out who they are and how to navigate a loss they didn’t plan.","goodreads:190402991,amazon:B0BXYXFXT6","","","Paranormal · Lobos/Shifters, Publico · Young adult/Juvenil","Romance contemporáneo [REVISAR]","","90","","Contemporary romance with fake relationship between TV star and wallflower.","",""
"Hero","Leighton Del Mia","Abuse, Arquetipo · Billonario/CEO, Arquetipo · Universitario/New adult, Genero · Ciencia ficcion, Genero · Misterio/Thriller, Genero · Romance, Genero · Romance contemporaneo, Paranormal · Fae/Feerico, Paranormal · Lobos/Shifters, Publico · Adultos (+18), Subgenero · Aventura/Quest, Subgenero · Superpoderes, Tono · Gotico, Tono · Oscuro, Tono · Picante/Erotico","Hero","1.0","**Calvin Parish**   They call me Hero.   I defend.   I protect.   I ask for nothing in return, and that makes me good.   Doesn’t it?  That which makes me the ultimate predator also feeds dark impulses I’ve learned to control—until I bring her too close. For years I’ve watched her from afar, but what started out as duty has become obsession.  **Cataline Ford**   I work hard.   I play by the rules.   I’m content.   My scars are quiet and invisible, and that keeps me hidden.   Doesn’t it?  One fateful walk home, I’m taken by someone I didn’t know I should fear. Captive and afraid, nobody will tell me why I’m confined to this hauntingly beautiful mansion. I’m given everything; I have nothing. He takes what he needs from me, and for that I hate him. But I might have loved him once.  And just because you’re reading this doesn’t mean I survive him.  ***""Escape is now her singular obsession, the need for it all but physiological. But freedom is the only thing I can't give her, because I have an obsession of my own: her safety. Or, maybe now, just her.""** *  *HERO is a dual POV, standalone erotic novel. WARNING: meant for a mature audience due to dark themes including non- or dubious-consent.*","goodreads:20262477,mobi-asin:B00IOQDZPY","","","Tono · Picante/Erotico, Tono · Gotico, Arquetipo · Billonario/CEO, Publico · New adult, Paranormal · Lobos/Shifters, Paranormal · Fae/Feerico, Subgenero · Superpoderes","Paranormal [REVISAR]","","95","","Obsesión, cautiverio, erotismo oscuro. Romance contemporáneo con tintes de thriller.","",""
"The Girl's Guide to (Man) Hunting","Jessica Clare","_Genre.Literary.Literary Fiction, Adults (18+), _Genre.Romance.Erotica, _Genre.Fiction.Contemporary, English.Romance.Contemporary Romance, _Biblioteca.Romance.Contemporaneo, _Topics.Adult Content, Contemporary, _Genre.Romance.Contemporary Romance","Bluebonnet","1.0","**Once, Miranda felt a little exposed…** Miranda Hill can’t believe her eyes—her cocky ex-boyfriend, pro-hockey player Dane Croft, is back in Bluebonnet, Texas, after all these years. He ditched her – and their little town – just as some rather shocking photos showed up on the internet for the whole town to see. Miranda wasn't so lucky. Stuck in Bluebonnet and left to fend for herself, she’s never really shaken the scandal — or his betrayal. After nine long years, he's back, and she has the chance to turn the tables on Dane…  **It’s time she got even.** Former NHL hotshot playboy Dane Croft has returned home to open a survival training school on an old ranch, and reinvent himself. When his former high school girlfriend enrolls in his school, he has no idea that Miranda's plan is to get him in a compromising position—not the one he’s imagining, anyway. But soon Miranda realizes that to carry out her deviously sexy revenge, she'll have to get up close and personal with Dane all over again. Being a good girl got her nowhere for nine years, and now it's time to be a little naughty. But falling in love with the man that broke her heart was never part of the plan….","ff:c/jessica-clare/girl-s-guide-to-hunting,google:wuoboF4CEasC,isbn:9781101569108,grvotes:2536,goodreads:12415946,amazon:B0DLTBB4KC","","Romance Contemporaneo, Erótica - Romance","Tono · Picante/Erotico, Arquetipo · Deportistas, Arquetipo · Vaquero/Western, Arquetipo · Bad boy, Subgenero · Supervivencia, Subgenero · Estafa/Con artist, Dinamica · Enemigos a amantes, Dinamica · Relacion fingida, Tono · Humor, Arquetipo · Alpha male, Ambientacion · Small town, Paranormal · Fantasmas, Tono · Cozy/Ligero, Arquetipo · Billonario/CEO, Paranormal · Lobos/Shifters, Subgenero · Romantic suspense","Romance contemporáneo [REVISAR]","","","","","",""
"The Care and Feeding of an Alpha Male","Jessica Clare","English.Romance.Contemporary Romance, Sexual Content, _Biblioteca.Romance.Contemporaneo","Bluebonnet","2.0","**Beth Ann needed a hero...   
**   
Beth Ann Williamson has finally had it with her on-and-off fiancé of nine years. The problem? No one in town seems to believe her when she says it's really over. Now Beth Ann is determined to show the small town of Bluebonnet, Texas, that she can take care of herself. That means opening her own salon and not taking the help that her ex-fiancé seems determined to offer.   
Of course, even the best laid plans go awry when she's stranded in the woods in the middle of a downpour. Some independent woman she is. She can't even find her way out of the woods without the help of a handsome, but scowling, Marine.   
**She got more than she bargained for...**  
A die-hard survivalist, Colt Waggoner's none too pleased when he's sent to find the town's pampered princess. He's even more annoyed when Beth Ann isn't grateful for the rescue. Fine, then. He'll just have to teach the sexy blonde a lesson--a weekend of roughing it out in the wild. Just the two of them, alone, in muddy, wet clothing that needs to come off...   
But Beth Ann isn't the spoiled princess he thought. And when she propositions him for a one night stand, he knows he should turn it down. Because this alpha male might need more than just one night in her bed to satisfy him...
","isbn:9780425263402,goodreads:13516163,google:xb93MgEACAAJ","","Fiction, Romance, erotic","Tono · Picante/Erotico, Arquetipo · Deportistas, Arquetipo · Vaquero/Western, Arquetipo · Bad boy, Subgenero · Supervivencia, Subgenero · Estafa/Con artist, Dinamica · Enemigos a amantes, Dinamica · Relacion fingida, Tono · Humor, Arquetipo · Alpha male, Ambientacion · Small town, Paranormal · Fantasmas, Tono · Cozy/Ligero, Arquetipo · Billonario/CEO, Paranormal · Lobos/Shifters, Subgenero · Romantic suspense","Romance contemporáneo [REVISAR]","","","","","",""
"The Care and Feeding of an Alpha Male","Jessica Clare","English.Romance.Contemporary Romance, Sexual Content, _Biblioteca.Romance.Contemporaneo","Bluebonnet","2.0","**Beth Ann needed a hero...   
**   
Beth Ann Williamson has finally had it with her on-and-off fiancé of nine years. The problem? No one in town seems to believe her when she says it's really over. Now Beth Ann is determined to show the small town of Bluebonnet, Texas, that she can take care of herself. That means opening her own salon and not taking the help that her ex-fiancé seems determined to offer.   
Of course, even the best laid plans go awry when she's stranded in the woods in the middle of a downpour. Some independent woman she is. She can't even find her way out of the woods without the help of a handsome, but scowling, Marine.   
**She got more than she bargained for...**  
A die-hard survivalist, Colt Waggoner's none too pleased when he's sent to find the town's pampered princess. He's even more annoyed when Beth Ann isn't grateful for the rescue. Fine, then. He'll just have to teach the sexy blonde a lesson--a weekend of roughing it out in the wild. Just the two of them, alone, in muddy, wet clothing that needs to come off...   
But Beth Ann isn't the spoiled princess he thought. And when she propositions him for a one night stand, he knows he should turn it down. Because this alpha male might need more than just one night in her bed to satisfy him...
","google:xb93MgEACAAJ,goodreads:13516163,isbn:9780425263402","","Fiction, Romance, erotic","Tono · Picante/Erotico, Arquetipo · Deportistas, Arquetipo · Vaquero/Western, Arquetipo · Bad boy, Subgenero · Supervivencia, Subgenero · Estafa/Con artist, Dinamica · Enemigos a amantes, Dinamica · Relacion fingida, Tono · Humor, Arquetipo · Alpha male, Ambientacion · Small town, Paranormal · Fantasmas, Tono · Cozy/Ligero, Arquetipo · Billonario/CEO, Paranormal · Lobos/Shifters, Subgenero · Romantic suspense","Romance contemporáneo [REVISAR]","","","","","",""
"The Virgin's Guide to Misbehaving","Jessica Clare","English.Literary.Contemporary Women, English.Romance.Erotica, English.Literary.Literary Fiction, Themes.Adult Content, English.Romance.Contemporary Romance, Adults (18+), Contemporary, _Biblioteca.Romance.Contemporaneo","Bluebonnet","4.0","**Playing innocent is easy.**  
After being the quiet, shy girl her whole life, Elise Markham is ready for a mental makeover. She’s done keeping to herself and staying out of trouble—it’s time to break out of her shell and maybe meet someone intriguing in the process. So, on a photography trip to Bluebonnet, she has a whole lot more on her mind than snapping photos, especially when Rome walks into the picture.   
**Playing dirty is fun.**  
The newest instructor at Wilderness Survival Expeditions has a colorful past, to say the least. Having come from a family of notorious con artists that destroyed his credit and reputation, all before his eighteenth birthday, Rome just wants a decent job and a quiet life in a town where no one knows his name. He’s exactly the kind of bad boy that an innocent girl like Elise should stay far away from.   
But Elise is tired of doing what’s right. She’s ready to throw caution to the wind—and let Rome show her just how exciting being bad can be…
","isbn:9780425262375,barnesnoble:w/the-virgins-guide-to-misbehaving-jessica-clare/1116779449,ff:c/jessica-clare/virgins-guide-to-misbehaving,goodreads:18143104,amazon:0425262375,google:qfugngEACAAJ,grvotes:1370","","Romance Contemporaneo, Erótica - Romance","Tono · Picante/Erotico, Arquetipo · Deportistas, Arquetipo · Vaquero/Western, Arquetipo · Bad boy, Subgenero · Supervivencia, Subgenero · Estafa/Con artist, Dinamica · Enemigos a amantes, Dinamica · Relacion fingida, Tono · Humor, Arquetipo · Alpha male, Ambientacion · Small town, Paranormal · Fantasmas, Tono · Cozy/Ligero, Arquetipo · Billonario/CEO, Paranormal · Lobos/Shifters, Subgenero · Romantic suspense","Romance contemporáneo [REVISAR]","","","","","",""
"The Virgin's Guide to Misbehaving","Jessica Clare","English.Romance.Contemporary Romance, Adults (18+), Contemporary, _Biblioteca.Romance.Contemporaneo","Bluebonnet","4.0","**Playing innocent is easy.**  
After being the quiet, shy girl her whole life, Elise Markham is ready for a mental makeover. She’s done keeping to herself and staying out of trouble—it’s time to break out of her shell and maybe meet someone intriguing in the process. So, on a photography trip to Bluebonnet, she has a whole lot more on her mind than snapping photos, especially when Rome walks into the picture.   
**Playing dirty is fun.**  
The newest instructor at Wilderness Survival Expeditions has a colorful past, to say the least. Having come from a family of notorious con artists that destroyed his credit and reputation, all before his eighteenth birthday, Rome just wants a decent job and a quiet life in a town where no one knows his name. He’s exactly the kind of bad boy that an innocent girl like Elise should stay far away from.   
But Elise is tired of doing what’s right. She’s ready to throw caution to the wind—and let Rome show her just how exciting being bad can be…
","google:qfugngEACAAJ,goodreads:18143104,isbn:9780425262375","","Fiction, Romance, Contemporary","Tono · Picante/Erotico, Arquetipo · Deportistas, Arquetipo · Vaquero/Western, Arquetipo · Bad boy, Subgenero · Supervivencia, Subgenero · Estafa/Con artist, Dinamica · Enemigos a amantes, Dinamica · Relacion fingida, Tono · Humor, Arquetipo · Alpha male, Ambientacion · Small town, Paranormal · Fantasmas, Tono · Cozy/Ligero, Arquetipo · Billonario/CEO, Paranormal · Lobos/Shifters, Subgenero · Romantic suspense","Romance contemporáneo [REVISAR]","","","","","",""
"The Bad Boy of Bluebonnet","Jessica Clare","English.Romance.Contemporary Romance, Humour, Adults (18+), Contemporary, _Biblioteca.Romance.Contemporaneo","Bluebonnet","4.5","Emily Allard-Smith enjoys running her tiny bed and breakfast in quiet Bluebonnet, Texas. The only problem? It’s haunted, and she’s got no one to call when things go bump in the night.   
Enter Jericho Lozada. He’s tall, sexy, mohawked, and good with his hands. He’s also not scared of Em’s ghost. And just when Em decides that she needs a man in her life with lots and lots of tattoos…her ex shows up again.   
Now Emily has to figure out if she wants to keep a hold on the ghosts of her past…or look into a future with Jericho. But does Jericho even want a future with her?   
This novella contains a Harley, a hero with a mohawk, and not a single paranormal event. Promise!
","isbn:9781311640451,goodreads:23149932","","Romance, Contemporary, Adult, humour","Tono · Picante/Erotico, Arquetipo · Deportistas, Arquetipo · Vaquero/Western, Arquetipo · Bad boy, Subgenero · Supervivencia, Subgenero · Estafa/Con artist, Dinamica · Enemigos a amantes, Dinamica · Relacion fingida, Tono · Humor, Arquetipo · Alpha male, Ambientacion · Small town, Paranormal · Fantasmas, Tono · Cozy/Ligero, Arquetipo · Billonario/CEO, Paranormal · Lobos/Shifters, Subgenero · Romantic suspense","Romance contemporáneo [REVISAR]","","","","","",""
"The Bad Boy of Bluebonnet","Jessica Clare","English.Romance.Contemporary Romance, Humour, Adults (18+), Contemporary, _Biblioteca.Romance.Contemporaneo","Bluebonnet","4.5","Emily Allard-Smith enjoys running her tiny bed and breakfast in quiet Bluebonnet, Texas. The only problem? It’s haunted, and she’s got no one to call when things go bump in the night.   
Enter Jericho Lozada. He’s tall, sexy, mohawked, and good with his hands. He’s also not scared of Em’s ghost. And just when Em decides that she needs a man in her life with lots and lots of tattoos…her ex shows up again.   
Now Emily has to figure out if she wants to keep a hold on the ghosts of her past…or look into a future with Jericho. But does Jericho even want a future with her?   
This novella contains a Harley, a hero with a mohawk, and not a single paranormal event. Promise!
","isbn:9781311640451,goodreads:23149932","","Romance, Contemporary, Adult, humour","Tono · Picante/Erotico, Arquetipo · Deportistas, Arquetipo · Vaquero/Western, Arquetipo · Bad boy, Subgenero · Supervivencia, Subgenero · Estafa/Con artist, Dinamica · Enemigos a amantes, Dinamica · Relacion fingida, Tono · Humor, Arquetipo · Alpha male, Ambientacion · Small town, Paranormal · Fantasmas, Tono · Cozy/Ligero, Arquetipo · Billonario/CEO, Paranormal · Lobos/Shifters, Subgenero · Romantic suspense","Romance contemporáneo [REVISAR]","","","","","",""
"Dominada Por El Deseo","Shayla Black","","Wicked Lovers","1.0","Ella no sabía que había algo por lo que estaría dispuesta a suplicar…  Morgan O’Malley ha sido testigo de muchas cosas extravagantes como presentadora de un programa de televisión sobre sexo. Pero nunca había conocido a un hombre como Jack Cole, un reconocido maestro de las artes eróticas que desea proporcionarle todo aquello por lo que ella suspira en secreto.    Aunque Jack es guardaespaldas y pretende protegerla del acosador que la persigue, Morgan no se siente en absoluto segura en su presencia. Cuando comienza a participar en los juegos sexuales que él le propone, que la someten a su voluntad, intuye que sus motivos no son tan inocentes como parecen, pero no imagina lo personales que pueden llegar a ser. Y así, seduciéndola, dominándola, Jack hará realidad sus más profundas fantasías…  Shayla Black ha escrito una novela con brillantes y vívidos personajes, una turbulenta trama de suspense y unas apasionadas escenas de sexo que mantienen la temperatura elevada hasta la última página.    Just Erotic Romance Reviews  Recomiendo este libro a todas aquellas personas que quieran leer un romance tórrido y sensual. Shayla Black es una autora que no querrás perder de vista.    Love Romances  Me ha dejado sin aliento… nunca había leído un libro tan emocionante de este género. Una lectura excepcional…    Romance Junkies  Todos nos convertiremos en adictos. ¡Sin excepción!    Jenna Petersen, autora de Scandalous  ¡Se te encogerán los dedos de los pies!    Angela Knigh, autora de bestsellers del Usa Today  ¡Desearás más!    Susan Johnson, autora de bestsellers del New York Times","goodreads:25434232,amazon:B00WLGHT14,isbn:9788416331277","","English.Romance.Contemporary Romance, English.Romance.Erotic Romance, Adults (18+)","Tono · Picante/Erotico, Subgenero · Policiaco/Detective, Dinamica · Obsesion/Stalker, Arquetipo · Guardaespaldas, Paranormal · Lobos/Shifters, Subgenero · Paranormal romance, Dinamica · Amor no correspondido/Pining, Dinamica · Harem inverso/Why choose, Arquetipo · Billonario/CEO, Dinamica · Prohibido, Publico · Young adult/Juvenil, Tono · Cautiverio/Trata","Romance contemporáneo","","","","","",""
"The Biker Next Door","Glenna Maynard","Genero · Romance, Genero · Romance contemporaneo, Tono · Picante/Erotico","Royal Bastards MC: Charleston, WV","15.0","Wall Street Journal & USA Today Bestselling Author Glenna Maynard returns with another gritty and thrilling ride in the Royal Bastards MC world.  Stella   My next-door neighbor isn’t a good man. He’s an outlaw biker, and I’m certain he’s stalking me. Leaving threatening notes on my car. Watching my every move. He’s always doing things to scare me. He says I’m playing a dangerous game because I ask too many questions. I make too much noise about his club on my podcast. I don’t care that he’s unbelievably good looking or dangerous. I won’t stop pursuing the truth until I catch my sister’s killer. Until I take down him and his club.   T-bird   My new neighbor is hotter than hell with a stone-cold heart. She’s also considered an enemy. The stubborn woman doesn’t know when to quit. She has no idea what she’s up against. Blaming my club for her sister’s disappearance isn’t going to get her the answers she seeks. I’ve been tasked with silencing her, but I’m falling for the enemy.   Will she learn to trust me, or will she be doomed to her sister’s fate?   The Biker Next Door is book 15 of Royal Bastards MC: Charleston, WV but can be read as a standalone.","amazon:B0C6R5HXZQ,goodreads:169361094","","","Dinamica · Enemigos a amantes, Dinamica · Prohibido, Dinamica · Embarazo sorpresa, Dinamica · Bebe secreto, Dinamica · Age gap, Tono · Picante/Erotico, Tono · Morally grey/Antiheroe, Arquetipo · Mafia, Arquetipo · Moteros/MC, Arquetipo · Bad boy, Paranormal · Lobos/Shifters, Subgenero · Policiaco/Detective, Tono · Cautiverio/Trata","Romance contemporáneo [REVISAR]","","","","","",""
"Decadent","Shayla Black","Fiction, Erotica, General","Wicked Lovers","2.0","How can a virgin seeking happily-ever after with a hot pop star who has a penchant for threesomes win her fantasy man? Kimber Edgington desperately needs a plan to convince Jesse McCall, who's been her friend and secret crush since they spent a summer together as teenagers, that they are meant for each other. But all the tabloid stories about his sexual escapades make her feel oh so inadequate. Determined to prove she's woman enough for Jesse, Kimber turns to bodyguard Deke Trenton for sexual education. Bold and brash, Deke warns Kimber that playing with him is playing with fire. But he can't bear to imagine the innocent beauty in someone else's arms. So Deke and his super-sexy cousin, Luc, take Kimber under their wings and dangerously close to the edge of ecstasy. Though she's saved herself for Jesse, Kimber soon learns he's not the man adept at stoking her aching, endless need. That's Deke, and he can't resist when Kimber begs for more-and more . . . . From the author who 'Make[s] your toes curl!' USA Today bestselling author Angela Knight 'Will . . . have you panting for more!' New York Times bestselling author Susan Johnson 'Will have you grabbing for the nearest fan (or man)!' Jenna Petersen, author of Desire Never Dies
","google:cSoEBoI1YpIC,goodreads:16087865,isbn:9780425217214","","","Tono · Picante/Erotico, Subgenero · Policiaco/Detective, Dinamica · Obsesion/Stalker, Arquetipo · Guardaespaldas, Paranormal · Lobos/Shifters, Subgenero · Paranormal romance, Dinamica · Amor no correspondido/Pining, Dinamica · Harem inverso/Why choose, Arquetipo · Billonario/CEO, Dinamica · Prohibido, Publico · Young adult/Juvenil, Tono · Cautiverio/Trata","Romance contemporáneo","","","","","",""
"Deliciosa rendición","Shayla Black","BSDM, Genero · Romance, Genero · Romance historico, Genero · Romance sci-fi, Tono · Picante/Erotico","Wicked Lovers","3.0","Él no puede controlar su deseo…  
El futuro de Luc Traverson está planificado hasta el último detalle… sólo se interpone un obstáculo en su camino, un obstáculo muy sexy: Alyssa Devereaux. Alyssa es la dueña de un local de striptease que ahora está a punto de abrir un restaurante. No hace muchos meses, Alyssa y Luc compartieron una noche de salvaje abandono que aterrorizó a Luc por su falta de control y sumió a Alyssa en la desesperación pues… 
Ella quiere algo más que la pasión de Luc…  
Luc le ha prometido ser el chef invitado en la inauguración del restaurante. Cuando la ve de nuevo, se vuelve loco de deseo. ¿Cómo podrá sobrevivir una semana sin dar rienda suelta a su pasión, sobre todo cuando ella parece suplicársela? Luc estalla cuando se da cuenta de que no es el único hombre que está loco por ella. Y uno de ellos tiene intenciones muy peligrosas. Éste es solo uno de los muchos secretos que guarda Alyssa… y todos son tan oscuros, misteriosos y tentadores como las fantasías que provoca en él.
","isbn:9788496952669,goodreads:10515336","","","Tono · Picante/Erotico, Subgenero · Policiaco/Detective, Dinamica · Obsesion/Stalker, Arquetipo · Guardaespaldas, Paranormal · Lobos/Shifters, Subgenero · Paranormal romance, Dinamica · Amor no correspondido/Pining, Dinamica · Harem inverso/Why choose, Arquetipo · Billonario/CEO, Dinamica · Prohibido, Publico · Young adult/Juvenil, Tono · Cautiverio/Trata","Romance contemporáneo","","","","","",""
"En las redes del placer","Shayla Black","BSDM, Genero · Fantasia, Genero · Romance, Genero · Romance historico, Genero · Romance sci-fi, Subgenero · Aventura/Quest, Tono · Picante/Erotico","Wicked Lovers","4.0","Una fantasía secreta…  
Hunter tenía todo lo que deseaba hasta que una bala le hizo replantearse su trayectoria como SEAL. Inquieto e inseguro sobre su futuro, acepta una intrigante proposición: realizar con su amigo Ben y la novia de éste, Kata, la más secreta fantasía de la joven: un trío. Lo que iba a ser una aventura sexual sin importancia cambia de cariz al conocerla. Audaz y sexy, Kata es, además, vulnerable y distante. Decidido a que sea suya para siempre, sabe que para conseguirlo necesitará mucho más que una noche y que el tiempo corre en su contra. 
Una obsesión incontrolable…  
Kata jamás deseó renunciar a la cómoda relación que mantenía con Ben y comenzar algo peligroso y prohibido con un desconocido. Sin embargo, a pesar de resistirse a él con todas sus fuerzas, se rinde finalmente al abrumador placer y a Hunter, el hombre capaz de satisfacer todas sus fantasías. Pero mientras se abandonan al poderoso deseo, comienzan a acechar las sombras del pasado. Ahora, para mantenerla a salvo, Hunter le hace una atrevida proposición. Aceptarla le destruirá el corazón, rechazarla podría acabar con su vida.
","isbn:9788496952799,goodreads:15988883","","","Tono · Picante/Erotico, Subgenero · Policiaco/Detective, Dinamica · Obsesion/Stalker, Arquetipo · Guardaespaldas, Paranormal · Lobos/Shifters, Subgenero · Paranormal romance, Dinamica · Amor no correspondido/Pining, Dinamica · Harem inverso/Why choose, Arquetipo · Billonario/CEO, Dinamica · Prohibido, Publico · Young adult/Juvenil, Tono · Cautiverio/Trata","Romance contemporáneo","","","","","",""
"Entregada a Ti","Shayla Black","Genero · Romance, Genero · Romance contemporaneo, Genero · Romance historico, Publico · Adultos (+18), Tono · Picante/Erotico","Wicked Lovers","6.5","El Coronel en la reserva Caleb Edgington lleva dos largos años tratando de conseguir el objetivo más importante de su vida, aunque este no se halla detrás de las líneas enemigas. Quiere conquistar a una mujer con el corazón roto. Carlotta Buckley acaba de dejar atrás un horrible divorcio. Lo último en lo que piensa es en volver a atarse a un hombre y, aunque no puede evitar sentirse atraída por Caleb, se muestra reacia a comenzar una nueva relación. Caleb, sin embargo, ha encontrado por fin la estrategia perfecta para llegar a ella… ¿Será suficiente para que Carlotta le dé una nueva oportunidad al amor? Además, puedes disfrutar de una historia corta con otro de los personajes de la serie como protagonista: si te has preguntado en algún momento qué fue de Brandon Ross, este es el momento de que lo descubras.
","isbn:9788415433446,amazon:8415433441,goodreads:25895891","","","Tono · Picante/Erotico, Subgenero · Policiaco/Detective, Dinamica · Obsesion/Stalker, Arquetipo · Guardaespaldas, Paranormal · Lobos/Shifters, Subgenero · Paranormal romance, Dinamica · Amor no correspondido/Pining, Dinamica · Harem inverso/Why choose, Arquetipo · Billonario/CEO, Dinamica · Prohibido, Publico · Young adult/Juvenil, Tono · Cautiverio/Trata","Romance contemporáneo","","","","","",""
"Entregada a ti","Shayla Black","BSDM, Genero · Romance, Genero · Romance historico, Genero · Romance sci-fi, Subgenero · Belica/Guerra, Tono · Picante/Erotico","Wicked Lovers","6.5","El Coronel en la reserva Caleb Edgington lleva dos largos años tratando de conseguir el objetivo más importante de su vida, aunque este no se halla detrás de las líneas enemigas. 
Quiere conquistar a una mujer con el corazón roto. 
Carlotta Buckley acaba de dejar atrás un horrible divorcio. Lo último en lo que piensa es en volver a atarse a un hombre y, aunque no puede evitar sentirse atraída por Caleb, se muestra reacia a comenzar una nueva relación. 
Caleb, sin embargo, ha encontrado por fin la estrategia perfecta para llegar a ella… ¿Será suficiente para que Carlotta le dé una nueva oportunidad al amor?
","goodreads:19547543","","","Tono · Picante/Erotico, Subgenero · Policiaco/Detective, Dinamica · Obsesion/Stalker, Arquetipo · Guardaespaldas, Paranormal · Lobos/Shifters, Subgenero · Paranormal romance, Dinamica · Amor no correspondido/Pining, Dinamica · Harem inverso/Why choose, Arquetipo · Billonario/CEO, Dinamica · Prohibido, Publico · Young adult/Juvenil, Tono · Cautiverio/Trata","Romance contemporáneo","","","","","",""
"Hot Alphas","Lora Leigh & Laurelin McGee & Shiloh Walker & Kate Douglas","Formato · Antologia/Relatos, Genero · Fantasia, Genero · Romance, Genero · Romance contemporaneo, Genero · Romance paranormal, Genero · Terror, Paranormal · General, Paranormal · Lobos/Shifters","","1.0","*Four sexy short stories featuring four hot alpha heroes, headlined by #1 New York Times bestselling author Lora Leigh.* In *Erin's Kiss* by Lora Leigh, ex-Marine Turk has become Erin's sworn protector. The target of her CIA-operative brother's foes, Turk is the only port Erin has to cling to in a storm. He promised her brother long ago never to touch her—but how can he resist a woman who aches to be with him as much as he burns for her?  In *misTaken* by Laurelin McGee, Jaylene is an independent woman whose feminist values run deep. The last thing she wants is a man telling her what to do. Until she meets her mysterious new neighbor. He makes her realize that you can still be strong and relinquish control... in the bedroom. But as their passion consumes them, Jaylene isn't sure he is who he says he is.  In *Burn for Me* by Shiloh Walker, Tate longs to spend his nights with Ali, a woman he's loved for years. But while Ali's heart aches for him, her head has reservations. Ali knows that Tate has unresolved anger that is a force to be reckoned with...but the heat that blazes between them is undeniable. Now both Tate and Ali are left to wonder: Can love really conquer all?  In *Tangled* by Kate Douglas, Nate shows up to work at Tangled Vineyards ready to do what he loves best—craft award-winning wines. But when something better comes in the form of Cassie, the winemaker and former owner, Nate is completely love-drunk. Getting involved with Tangled's mixologist is a bad way to start off a new job, but with Cassie as a temptation, Nate doesn't stand a chance.","isbn:9781466871984,amazon:1466871989,google:XN0VBQAAQBAJ,goodreads:23453928","","","Arquetipo · Alpha male, Paranormal · Lobos/Shifters, Subgenero · Espionaje/Espias, Subgenero · Paranormal romance, Subgenero · Terror sobrenatural","Romance contemporáneo [REVISAR]","","","","","",""
"Irish on the Rocks","Magan Vernon","Arquetipo · Billonario/CEO, Arquetipo · Universitario/New adult, Embrace, Genero · Romance, Genero · Romance contemporaneo, Genero · Romance de suspense, Paranormal · Lobos/Shifters","","1.0","My family's whiskey empire needs to keep me as CEO. But thanks to my dad's will, to take my place as rightful head of the company, I need to find a wife. If I could just get my brother Sean's pain-in-the-arse best mate, Grace, out of my head long enough to focus on finding a decent woman.
The woman maddens me, but she's a longtime friend of the family, so giving her a job as my assistant is the only way I can keep everyone off my back. But the more time I spend with her, the more I find myself looking differently at this girl from my past.
Too bad she's decided not to give me the time of day.
Each book in the Murphy Brothers series is STANDALONE:  
* Straight Up Irish  
* Murphy Brothers
","isbn:9781640636095","","","Arquetipo · Billonario/CEO, Publico · New adult, Paranormal · Lobos/Shifters, Subgenero · Romantic suspense","Romance contemporáneo [REVISAR]","","","","","",""
"Look on the Bright Side","Kristan Higgins","Genero · Romance, Paranormal · Lobos/Shifters","","1.0","<b>From&#160;the author of<i> Pack Up the Moon</i> comes a funny, romantic, and deeply moving novel about the unexpected rewards that come from life&rsquo;s detours.</b><br>Lark Smith has always had a plan for her life: find a fantastic guy, create a marriage as blissful as her parents&rsquo;, pop out a couple of kids and build a rewarding career as an oncologist.<br>Things aren&rsquo;t going so well.<br>For one, the guy didn&rsquo;t work out. Theoretically, she&rsquo;d love to find someone else, but it hasn&rsquo;t happened. Two, she&rsquo;s just been transferred out of oncology for being too emotional. (Is it her fault she&rsquo;s a weeper?) Three, her parents just split up.<br>Deviating from the plan was&hellip;well, not in the plan. A potential solution comes from the foul-tempered and renowned surgeon Lorenzo Santini (aka Dr. Satan). He needs a date this summer for his sister&rsquo;s wedding. His ancient Noni wants to see him settled. In exchange, he could make a few...","","","","Paranormal · Lobos/Shifters, Subgenero · Paranormal romance","Romance contemporáneo [REVISAR]","","","","","",""
"Love, Loyalty & Mayhem","Ryan Michele & Chelsea Camaron & Autumn Jones Lake & Nina Levine & Bink Cummings & Glenna Maynard & Kristen Hope Mazzola & L. Wilder & M. Robinson & Laura Kaye & Avelyn Paige & Laramie Briscoe & Marialisa Demora & Mary Martel & Nicole Jacquelyn & Nicole James & Sapphire Knight & Terri Anne Browning & Winter Travers & Amo Jones","Genero · Misterio/Thriller, Genero · Romance, Paranormal · Lobos/Shifters, Subgenero · Aventura/Quest","","1.0","**Bad Boy Alpha Alert!**
Twenty of your **favorite MC authors** come together to bring you brand new, **never released stories** from some of your favorite **motorcycle clubs**. 
**Love-**
Life with a **biker** is an adventure full of twists and turns. When love is involved, **MC men never back down from what they want—they fight for it.**
**Loyalty-**
Loyalty is the foundation in any motorcycle club. **Break it, they break you.** There isn't a line they won't cross to protect who or what they claim as their own. 
**Mayhem-**
These men live a life made by their **own set of rules.** Chaos tends to always find them. **You cross them, the consequences are swift.**
**Hold on for the ride** as this talented group of authors come together to bring you an anthology like no other. 
**Your favorite clubs, new clubs, and everything in between can be found in this collection filled with suspense, action, adventure, romance and so much more!**
**Participating Authors Include:**
Amo Jones 
Autumn Jones Lake 
Avelyn Paige 
Bink Cummings 
Chelsea Camaron 
Glenna Maynard 
Kristen Hope Mazzola 
L. Wilder 
Laramie Briscoe 
Laura Kaye 
M. Robinson 
MariaLisa deMora 
Mary Martel 
Nicole Jacquelyn 
Nicole James 
Nina Levine 
Ryan Michele 
Sapphire Knight 
Terri Anne Browning 
Winter Travers 
**All profits from the Love, Loyalty & Mayhem: A Motorcycle Club Romance Anthology will be donated to **Bikers Against Bullies USA**. 
**BAB USA** is a national not-for-profit organization created by bikers to raise awareness and empower the community to fight the terrible effects of bullying on young people through education, community outreach and fundraising. https://www.bikersagainstbulliesusa.com/ **
**
","","A Motorcycle Club Romance Anthology","","Arquetipo · Moteros/MC, Arquetipo · Bad boy, Paranormal · Lobos/Shifters, Subgenero · Paranormal romance","Romance contemporáneo [REVISAR]","","","","","",""
"Me perteneces","Shayla Black","BSDM, Genero · Romance, Genero · Romance historico, Genero · Romance sci-fi, Subgenero · Aventura/Quest, Subgenero · Young adult/Juvenil, Tono · Picante/Erotico","Wicked Lovers","5.0","A pesar de haberse visto obligado a romper con Tara de forma traumática hace ya diez años, Logan ha sido incapaz de superar su amor por ella, lo que le ha llevado, entre otras cosas, a enrolarse en el ejército y convertirse en un Amo especializado en dominación. 
Ahora, Tara, que ha terminado siendo una mujer de espectacular belleza y agente del FBI, se ve en la obligación de salvar a su mejor amiga, secuestrada por una red de trata de blancas oculta tras la fachada de un elitista club de Dominación. Para conseguir su objetivo, tendrá que introducirse en un mundo completamente desconocido para ella, que va en contra de sus principios más elementales, pero que descubre con sorpresa que la excita mucho más de lo que hubiera podido llegar a imaginar. 
Sin embargo, se encuentra con un problema: Logan reaparece en su vida, ya que resulta ser el Amo que la preparará para llevar a cabo la peligrosa misión, que puede acabar con su vida y, peor aún, romperle de nuevo el corazón...
","isbn:9788496952911,goodreads:15717035","","","Tono · Picante/Erotico, Subgenero · Policiaco/Detective, Dinamica · Obsesion/Stalker, Arquetipo · Guardaespaldas, Paranormal · Lobos/Shifters, Subgenero · Paranormal romance, Dinamica · Amor no correspondido/Pining, Dinamica · Harem inverso/Why choose, Arquetipo · Billonario/CEO, Dinamica · Prohibido, Publico · Young adult/Juvenil, Tono · Cautiverio/Trata","Romance contemporáneo","","","","","",""
"Meet Me Under the Mistletoe","Claire Contreras & Giana Darling & Pam Godwin & Alta Hensley & Katee Robert & M. Robinson & Jenika Snow & Theodora Taylor & Skye Warren & Amelia Wilde","Arquetipo · Bad boy, Arquetipo · Mafia, Formato · Antologia/Relatos, Genero · Romance, Genero · Romance sci-fi, Paranormal · Lobos/Shifters, Subgenero · Fantasia epica, Tono · Oscuro, Tono · Picante/Erotico","","1.0","Brand new holiday stories from bestselling authors! This boxed set contains powerful alpha men and heroines who bring them to their knees.  Enter the world of dark mansions and mysterious heroes. The notorious Morelli family hosts their annual Christmas ball. And you are invited to experience the sensual feast.  HOLIDAY STORIES INCLUDE:  O Holy Night by Pam Godwin  Santa Baby by Claire Contreras  All I Want for Christmas Is You by M. Robinson  Last Christmas by Katee Robert  Carol of the Bells by Maria Luis  Silver Bells by Alta Hensley  O Come All Ye Faithful by Amelia Wilde  Silent Night by Sienna Snow  It Came Upon a Midnight Clear by Jenika Snow  Wrapped in Red by Sam Mariano  Little Drummer Boy by M. O’Keefe  Baby, It’s Cold Outside by Giana Darling  Away in a Manger by Jade West  This Christmas by Theodora Taylor  Hallelujah by Skye Warren  MEET ME UNDER THE MISTLETOE is an exclusive anthology of scorching hot NEW holiday stories. Download your copy and tell a book-loving friend, because it won't last long.","ff:c/claire-contreras/meet-me-under-the-mistletoe","","","Tono · Picante/Erotico, Arquetipo · Mafia, Arquetipo · Bad boy, Paranormal · Lobos/Shifters, Ambientacion · Navideno/Festivo","Romance contemporáneo [REVISAR]","","","","","",""
"Nuestra Para Amarte","Shayla Black","BSDM, Dinamica · Why choose / Haren inverso, Genero · Misterio/Thriller, Genero · Romance, Genero · Romance historico, Genero · Romance sci-fi, Genero · Terror, Subgenero · Aventura/Quest, Tono · Picante/Erotico","Wicked Lovers","7.0","Xander Santiago lleva años ejerciendo a la perfección el papel de playboy millonario. Jamás le dieron la oportunidad de contribuir en el imperio empresarial de la familia, y se convirtió en un maestro del sexo.   
Su hermano Javier se ha erigido en el único responsable del holding y ha conseguido elevarlo a la cúspide empresarial a base de trabajo y dedicación. Pero ese esfuerzo le ha pasado una factura que, unida al asesinato de su esposa, provoca que desde hace un año busque refugio en el fondo de una botella de vodka. La ira y la culpa han tomado las riendas de su vida... hasta que su hermano Xander acude a su rescate y, obsesionado por ayudarlo a salir de la rueda de autodestrucción en la que está inmerso, le aparta del mundo y la rutina. Louisiana parece un buen punto de partida… Y allí conocerán a la única mujer capaz de equilibrar las enormes diferencias entre sus mundos.   
London McLane es una mujer irresistible. Posee un carácter y una tenacidad implacables, lleva una década luchando contra las secuelas de un terrible accidente sufrido cuando era una adolescente y ha decidido que es el momento de vivir la vida en toda su plenitud.   
Los hermanos Santiago están más que dispuestos a ayudarla en todos los sentidos y ella se presta a todas sus sugerencias con la esperanza de poder recompensarlos con un amor limpio, capaz de sanar todas sus heridas.   
Pero un asesino les vigila con la inquebrantable misión de destruir a los hermanos Santiago, su empresa y a la propia London. El miedo y el deseo se enlazan en sus corazones, pues saben que cada latido puede ser el último… 
","goodreads:23905056","","","Tono · Picante/Erotico, Subgenero · Policiaco/Detective, Dinamica · Obsesion/Stalker, Arquetipo · Guardaespaldas, Paranormal · Lobos/Shifters, Subgenero · Paranormal romance, Dinamica · Amor no correspondido/Pining, Dinamica · Harem inverso/Why choose, Arquetipo · Billonario/CEO, Dinamica · Prohibido, Publico · Young adult/Juvenil, Tono · Cautiverio/Trata","Romance contemporáneo","","","","","",""
"An Outlaw Wedding","Jenika Snow","Erotic Romance, Paranormal, Romance, Shapeshifters, Paranormal Romance, Novella, Erotica, Genero · Romance, Contemporary Romance, Adult, Genero · Romance sci-fi","The Grizzly MC","7.0","Nico Landon, son of The Grizzly MC President, Jagger, has wanted Alexis Stein for as long as he can remember. But Alexis is the daughter of the hardcore Sergeant at Arms for the club, Brick. The scarred biker protects his daughter like no other could, but Nico is a patched in Grizzly member, too, and he will go up against anything and anyone to make Alexis his.  The MC is all that Alexis knows, but she wouldn’t change the rough and tough lifestyle for anything. She loves Nico and has since she was a little girl, so she isn’t about to let anyone stop her from being with him, even if her dad and all of the Grizzly members are overprotective.  In the end, though, Nico gets his girl, and even has his outlaw wedding filled with bikers and Harleys, because nothing stops a Grizzly from getting what he wants.","goodreads:22573798,isbn:9781771309493","","","Dinamica · Protector, Tono · Picante/Erotico, Paranormal · Lobos/Shifters, Subgenero · Paranormal romance","Romance contemporáneo [REVISAR]","","","","","",""
"Royally F**ked","Elle Boon","Genero · Romance, Paranormal · Lobos/Shifters, Tono · Picante/Erotico","Royal Bastards MC: Royal Sons CA","6.0","***Lines get blurred. Loyalties get tested. Love and chaos will clash.***
**HE WAS HER KNIGHT IN BLACK LEATHER. SHE WAS HIS CHANCE AT REDEMPTION. TOGETHER THEY WERE GUNPOWDER AND FLAMES, READY TO TORCH ANYONE AND ANYTHING THAT STOOD IN THEIR WAY.**
**COSMO WAS MORE THAN MET THE EYE...** To those who didn't know him he looked like a rich playboy with too much time on his hands. However, to his brothers, he's the guy they called when they needed a private jet, or someone to back them up, no questions asked. Now it's his turn for some no questions asked backup.
**DAITAI TRADED ONE HELL FOR ANOTHER...** She had thought a savior had come at the last hour, offering her a lifeline when she knew her there was no other way out. Only the reality of her situation went from totally screwed, to royally f**ked in the blink of an eye with an entire ocean between everything and everyone she knew.
**WHEN YOUR WORLD SHATTERS...** Cosmo knew his brothers thought he was a playboy with too much money, yet they accepted him. His club president had given him a lot of leeway when it came to the Royal Bastards until he brought a load of trouble to their doorstep. The choice between the woman who sets his blood on fire or walking away from the only real brotherhood was easy. Blood didn't make you family. He had to show his MC where is loyalty lay and keep the woman he planned to claim as his.
**They were supposed to be untouchable. Their club unbreakable.** But there's more than one faction searching for the woman Cosmo's claimed. He's willing to risk it all to keep her safe, even when the stakes are high, the game is deadly and at the end some could be left F**ked or worse. COSMO has always had a feeling when he fell, he'd be an all or nothing man. DAITAI hadn't known she could feel for a man the way she does Cosmo. The term ride or die became her motto, and she was willing to risk it all, even her life to be with him.
****Royally F**Ked is all New Steamy Gritty MC Romance**** with the inked bad boys you love. If you love a dirty talkin', tough-as-nails, sexy-as-get-out, smooth-as-hell hero who'll rock your world and a wicked ride, then the Royal Sons will deliver. If you like your heroes to be tattooed bad boys, then you're sure to love this story. ** From USA Today Bestselling Author Elle Boon Author grab this thrilling jaw-dropping love story for the ages. #Steamy #romanticsuspense #fullofaction, @alphabadboys,  #strongwomen
Note: This book can be read as a standalone. It includes lots of steamy scenes, biker slang, cursing, some violence and, of course, an HEA. If you like alpha males who like to take charge, you're sure to love this story.
","mobi-asin:B089FNJD6X","","","Arquetipo · Alpha male, Tono · Picante/Erotico, Arquetipo · Moteros/MC, Arquetipo · Bad boy, Paranormal · Lobos/Shifters, Subgenero · Paranormal romance, Ambientacion · Navideno/Festivo, Dinamica · Age gap, Paranormal · Angeles y demonios","Romance contemporáneo [REVISAR]","","","","","",""
"Royally Inked","Elle Boon","Genero · Romance","Royal Bastards MC: Royal Sons CA","9.0","***He Was Damaged. Broken. Inked.***
***Until He Met Her.***
**T-Rex aka Theriot Raptor  to his family back home in Louisiana...** He came to California to escape the condemnation of his family. His vengeance makes him a monster in the eyes of those he loves the most, but it became the driving force that kept him from going bacl. He finds another reason to stay, not just because he's too broken, he's no pussy. As an enforcer for the Royal MC, he carries out his duties with unquestionable determination. His vow, his oath is to protect his club and his brothers at all costs. Settling down with one woman isn't part of his plan.
**Lux McDaniel  tattoo artist and fixer of men...** She's not your typical California girl. She's met a lot of men; most are nothing but liars and cheats. When she meets T-Rex, she knows he's unlike any other man. He's not only gorgeous, but he's a walking heartbreak for a girl like her.
When her past crashes into their present and danger comes knocking on her door, T-Rex's fierce desire to protect pushes forward. Lux realizes he's just the man that might be worth taking a risk on, and he also might be the guy who breaks her. T-Rex didn't think he'd love a woman, but he'd do anything to show Lux she didn't need to guard her heart if he can keep them both alive long enough.
  
Royally Inked is written as a standalone. You don't have to read the other books in this series to enjoy this one.
Books in the Royal MC Series:  
-Royally Twisted, Tymber and Ivy  
-Royally Taken, Traeger and Kailani  
-Royally Tempted, King and Ayesha  
-Royally Treasured, Duke and Lennox
-Royally Broken, Keys and Palmer
-Royally Saved, Cosmo and DaiTai
-Royally Chosen Christmas, Hollywood and Talena
-Royally Beloved, King, and Ayesha novella follow up
-Royally Targeted, Mick aka Archer and Tiana
-Royally Inked, T-Rex and Lux
-Royally Ruthess, Coming as part of the Royal Harlot Anthology
**Royally Inked is a Gritty, MC Romance with the inked bad boys you love. If you love a dirty talkin', tough-as-nails, sexy-as-get-out, smooth-as-hell hero who'll rock your world and a wicked ride, then the Royal MC by Elle Boon will deliver. ** ***From USA Today Bestselling Author Elle Boon Author*** grab this thrilling jaw-dropping love story for the ages.
","mobi-asin:B0965T1YR1","","","Arquetipo · Alpha male, Tono · Picante/Erotico, Arquetipo · Moteros/MC, Arquetipo · Bad boy, Paranormal · Lobos/Shifters, Subgenero · Paranormal romance, Ambientacion · Navideno/Festivo, Dinamica · Age gap, Paranormal · Angeles y demonios","Romance contemporáneo [REVISAR]","","","","","",""
"Royally Judged","Elle Boon","Genero · Misterio/Thriller, Genero · Romance, Genero · Romance historico, Paranormal · Lobos/Shifters, Tono · Picante/Erotico","","1.0","***From  USA Today Bestselling Author Elle Boon comes her most Explosive romance to date. A complete stand-alone love story about MC attorney Kash Strickland, and the woman who brings him to his knees***
 *Royally Judged is a thrilling, gritty, romance that's packed with explosive chemistry and a dirty-talking biker named Kash.*
 
***Kash Strickland...** A Biker. A Lawyer. A nice guy, until you mess with what's his. *He's pure adrenaline with tattoos and brains that gets him into an Ivy League School--the kind of guy you look at and know he's going to be a combination of nasty and irresistible.
 
***Verity Ames...*** The moment Verity Ames lays eyes on Kash for the first time and allows herself to touch his hot skin and kiss his full lips, she falls hard and fast. She protects her heart from everyone, until him.
 
***Two Worlds Divided...*** Verity's stalkers step up their game, almost succeeding in killing her. Kash has no plans to allow Verity to slip through his fingers. She's been through hell and back, with scars to prove just how tough she is. However, it's not in his DNA to turn a blind eye when someone he's claimed is targeted, even if she doesn't know she's gonna be his Ole'Lady. The men who dared touch her will find themselves pushing daisies, and there's not an ounce of sadness within Kash for the deeds he plans to do.
  
*Welcome to the Royal MC, y'all.* They might seem like the good guys, but they're hot, they're bad, they're dirty, and they're gonna win your heart and soul. Steamy romantic suspense full of action, alpha bad boys, and strong women.
 
**Note:** This book can be read as a standalone. It includes lots of steamy scenes, biker slang, cursing, some violence, and of course, an HEA. If you like alpha males who like to take charge, you're sure to love this story.
#mc #mcromance #romanticsuspense #book-nerd #bikerromance #darkromance #menofink #bookstagram #mustread #eroticromance #bookblogger
","mobi-asin:B0BN27Q2XB","","","Arquetipo · Alpha male, Tono · Picante/Erotico, Arquetipo · Bad boy, Paranormal · Lobos/Shifters, Subgenero · Romantic suspense, Arquetipo · Nerd/Geek","Romance contemporáneo [REVISAR]","","","","","",""
"Royally Ruthless","Elle Boon","Genero · Romance, Paranormal · Lobos/Shifters","Royal Sons CA","10.0","***The local hog farm in Holiday, MO just outside the Ozarks has never been so well-fed, but that's the price you pay if you come at the Royal Sons MC. They protect their families and their secrets...***
 
**🖤🔥Rita & Lion🖤🔥**
**A Woman On The Run.**
**An Old Threat Resurfaces.**
**Secrets That Could Destroy Them All.**  
 
**Lion...** President of the Royal Sons Ozark Chapter and oldest son of a bastard. He earned his position through blood, sweat, and by taking no prisoners. His motto has always been to protect his family and those weaker than him. That includes a tiny woman who comes into town with enough baggage she should probably have kept on driving.
 
**Rita...** She and her friends finally escape hellish marriages like thieves in the night. They have no doubt that one day they will have to face the bastards who thought they owned them. However, she takes the lifeline Fenix tosses her with both hands. Holiday Missouri is a long way from the Marine housing and hopefully, far enough that they can disappear long enough to get strong again.
 
**Life has a way of giving and taking...** And just like a fairytale, Rita finds that nothing is like what you read in romance novels. The demons from the past don't stay dead forever. Will Lion be able to save her from a trained killer, or will they all go down under the wrath of her ex-husband this time? Lion has always put his family and brothers before anyone else, but he's never had a woman who was his, until Rita. He's going to show her he's a lot more than a tattooed biker. He's a killer who isn't afraid of a little blood on his hands to save those he loves and she's fallen into that group, for better or for worse.  
  
***Hold on for one crazy suspenseful ride with the  Harlots as they show you riding ain't just for the boys! ***
 
""Elle Boon pens another must-read story,"" **New York Times bestselling author LORA LEIGH**
""Ms. Boon always writes a fantastic story"". **USA Bestselling Author PATRICIA RASEY**
""Elle Boon's MC, has it all--dangerous, compelling men, and smart, sassy women."" **New York Times & USA bestselling author N.j. Walters.**
From USA TODAY Bestselling Author, Sexy, Alpha, Bad Boys, and Tough Heroines With Lots of Twists and Turns. Get ready for one heck of a twisted and wild tale that will have you laughing, gasping, and possibly crying. 
","mobi-asin:B0BMWZ328Q","","","Arquetipo · Alpha male, Arquetipo · Bad boy, Paranormal · Lobos/Shifters, Paranormal · Angeles y demonios, Ambientacion · Navideno/Festivo, Subgenero · Paranormal romance","Romance contemporáneo [REVISAR]","","","","","",""
"Royally Targeted","Elle Boon","Arquetipo · Bad boy, Arquetipo · Moteros/MC, Dinamica · Age gap, Genero · Ficcion femenina, Genero · Romance, Genero · Romance historico, Sons of Anarchy, Tono · Picante/Erotico","Royal Bastards MC: Royal Sons CA","8.0","**He Had A Deadly Aim, But She Could Take Him Out Without Pulling A Trigger!**
  
**Mick ""Archer"" Richardson...** has been called many things. Ruthless. Reckless. Enforcer for the Royal MC. Hero? Don't make him laugh. The past he ran from years ago is way  
too twisted. There's only one rule he won't break: keep his hands and his dick to himself when it comes to his Prez's ole' lady's little sister, Tiana. No matter how much she lights up the one spark of decency left in his dark soul.
**Tiana Royal...** is no stranger to making mistakes. Years ago, The Royals dragged Tiana from the gutter and gave her a new life. In return, she's determined to stay on the straight and narrow--and away from the one man who tugs at her deepest needs and wants. Archer.
**Truth and Loyalty Collide...** When Tiana's peace is shattered by demons of her past, she turns to Archer for the protection and love she's always craved. And she finds out what it really means to be his woman. But with enemies both old and new taking aim, will their love rise from the  
ashes…or go down in flames?
***Books in the Royal MC Series:***  
-Royally Twisted, Tymber and Ivy  
-Royally Taken, Traeger and Kailani  
-Royally Tempted, King and Ayesha  
-Royally Treasured, Duke and Lennox
-Royally Broken, Keys and Palmer
-Royally Saved, Cosmo and DaiTai
-Royally Chosen Christmas, Hollywood and Talena
-Royally Beloved, King, and Ayesha novella follow up
-Royally Targeted, Mick aka Archer and Tiana
****Royally Targeted is an all-New Age-Gap, Steamy, Gritty, MC Romance** with the inked bad boys you love. If you love a dirty talkin', tough-as-nails, sexy-as-get-out, smooth-as-hell hero who'll rock your world and a wicked ride, then the Royal MC by Elle Boon will deliver. ** **From USA Today Bestselling Author Elle Boon** **Author** grab this thrilling jaw-dropping love story for the ages.
","mobi-asin:B091MD19JH","","","Arquetipo · Alpha male, Tono · Picante/Erotico, Arquetipo · Moteros/MC, Arquetipo · Bad boy, Paranormal · Lobos/Shifters, Subgenero · Paranormal romance, Ambientacion · Navideno/Festivo, Dinamica · Age gap, Paranormal · Angeles y demonios","Romance contemporáneo [REVISAR]","","","","","",""
"Silver Alpha","Mila T. March","Shapeshifters","Shifters of Blackwell Pass","1.0","My wolf perks up the moment I open the door. Jagger Riggs was the last person I expected to come into the vet clinic during my shift. I hadn’t seen him in years, and I was just there to watch over the inpatients through the night.  He doesn’t acknowledge knowing me. He’s covered in blood and cursing careless drivers on the highway. I put in a call to my supervisor, but we can’t wait for the vet, who is attending a difficult birth on a ranch miles away, to get here. Someone else will come, but for now, I push the cart out to where Jagger has left his truck parked on the sidewalk. In the bed lies a badly injured buffalo calf. One that looks at me with big eyes, one that’s counting on me to keep it alive until the doctor gets here.  We work together to stabilize the animal, and, when we’ve done all we can, we sit and wait for the vet. I had a little crush on my father’s best friend back in the day. But that was only a flicker in my mind as we worked together to save the calf. My dad hates the idea of me becoming a vet. My mom is supportive but worries about met. But their concerns for long hours and the less joyful side of the work couldn’t overpower my love of animals and the need to help as many as I could.  Jagger is well-versed in taking care of his animals, so probably doesn’t come in often. He owns the sanctuary. It’s his life and breath.  Guess that doesn’t leave room for a mate half his age. Still, I can’t deny my need for him, the urge to press my lips to his full ones. Maybe I’m tired. No maybe about it, but not tired enough to let him know my thoughts.  A silver-haired wolf like Jagger belongs to no one. Especially not someone he can never see as more than the daughter of his friend.  *Silver alpha, Book 1 in the Shifters of Blackwell Pass is a* *A dad’s best friend, curvy girl, age-gap romance featuring a hero who runs an animal sanctuary, a heroine who is studying to be a vet and enough of an age gap to make the others in the pack look askance. Each book in the series can be read as a standalone although there are crossover characters.* *If you like strong loving heroes and heroines who know what they want out of life and won’t let gossip stop them from reaching for their destiny, one click Silver Alpha today. Mila promises an HEA and that the talented and caring veterinarians and staff of Blackwell Pass Veterinary clinic will make sure your heart remains intact.*","goodreads:103947083,mobi-asin:B0BS98GYQ9,isbn:9781683617921","A dad’s best friend, curvy girl, age-gap romance.","","Dinamica · Age gap, Arquetipo · Vaquero/Western, Paranormal · Lobos/Shifters","Romance contemporáneo [REVISAR]","","","","","",""
"Taken by the Biker","Glenna Maynard","abduction, Ambientacion · Road trip/Viaje, Arquetipo · Bad boy, Arquetipo · Heroe torturado, Arquetipo · Mafia, Arquetipo · Moteros/MC, bad guy, captive, Criminals, danger, Dinamica · Age gap, Dinamica · Aventura de una noche, Dinamica · Embarazo sorpresa/Bebe secreto, Dinamica · Enemigos a amantes, Dinamica · Prohibido, Dubcon, emotional wounds, Genero · Misterio/Thriller, Genero · Romance, Genero · Romance contemporaneo, Genero · Romance historico, kidnaping, off limits, outlaws, Paranormal · Lobos/Shifters, stolen, Subgenero · Aventura/Quest, Subgenero · Policiaco/Detective, taken, Tono · Morally grey/Antiheroe, Tono · Oscuro, Tono · Picante/Erotico","Royal Bastards MC: Charleston, WV","6.0","Holy is his road name, but there is nothing saintly about him.   Holy   What started as a simple assignment became an obsession.   Hazel’s my Prez’s niece. He tasked me with tracking her down. Falling for her was never part of the plan. I’m not taking no for an answer. She will be mine. If I have to kidnap her to prove my point I will. She belongs to me.    Hazel   I’ve always been on my own. Nowhere to call home. No family to call my own. I don’t answer to anyone. Especially not a bossy biker who claims my family ordered him to find me.   Refusing him was mistake number one. Number two was attempting to seduce my way out of the situation.   I’ve been taken by the biker, but I don’t know if I want him to let me go.   Taken By The Biker is book 6 of the Charleston, WV chapter of Royal Bastards MC. This book can be read as a standalone though for best enjoyment, the series should be read in order.    The Biker’s Kiss   Lady & The Biker   Tempting The Biker   Keeping The Biker    The Biker's Lucky Charm    Taken By The Biker","amazon:B08RCD3M97,ff:m/glenna-maynard/taken-by-the-biker,goodreads:59456649","","","Dinamica · Enemigos a amantes, Dinamica · Prohibido, Dinamica · Embarazo sorpresa, Dinamica · Bebe secreto, Dinamica · Age gap, Tono · Picante/Erotico, Tono · Morally grey/Antiheroe, Arquetipo · Mafia, Arquetipo · Moteros/MC, Arquetipo · Bad boy, Paranormal · Lobos/Shifters, Subgenero · Policiaco/Detective, Tono · Cautiverio/Trata","Romance contemporáneo [REVISAR]","","","","","",""
"The Biker's Lucky Charm","Glenna Maynard","Arquetipo · Bad boy, Arquetipo · Moteros/MC, cheating, Criminals, Genero · Fantasia, Genero · Misterio/Thriller, Genero · Romance, Genero · Romance contemporaneo, Genero · Romance historico, over forty, Subgenero · Aventura/Quest, Tono · Oscuro, Tono · Picante/Erotico","Royal Bastards MC: Charleston, WV","5.0","Link   I messed up. I broke my vows and her heart. The last thing I ever wanted to do was hurt my wife. One moment of liquid regret. One night I cant take back. A stupid mistake that should have never happened jeopardized all that I have. Ill do anything to make it right. All I need is a little luck on my side.    Pam    He promised me forever. All the vows we made were empty. Lies I told myself. Lies I believed in. My husbands betrayal tore my world apart. Hes a biker. A ruthless outlaw who was careless with my heart. Now he claims he wants me back. Can I give him my heart again or has our luck ran out?    The Bikers Lucky Charm is part of the Royal Bastards MC Charleston, WV Chapter.    Suggested reading order    The Bikers Kiss   Lady & The Biker    Tempting The Biker   Keeping The Biker    The Bikers Lucky Charm    Taken By The Biker","ff:m/glenna-maynard/bikers-lucky-charm,goodreads:56902399,amazon:B08VFHQXBZ","","","Dinamica · Enemigos a amantes, Dinamica · Prohibido, Dinamica · Embarazo sorpresa, Dinamica · Bebe secreto, Dinamica · Age gap, Tono · Picante/Erotico, Tono · Morally grey/Antiheroe, Arquetipo · Mafia, Arquetipo · Moteros/MC, Arquetipo · Bad boy, Paranormal · Lobos/Shifters, Subgenero · Policiaco/Detective, Tono · Cautiverio/Trata","Romance contemporáneo [REVISAR]","","","","","",""
"The Billionaire of Bluebonnet","Jessica Clare","Genero · Fantasia, Genero · Romance, Genero · Romance contemporaneo, Genero · Romance de suspense, Genero · Romance historico, Paranormal · Lobos/Shifters, Publico · Adultos (+18), Tono · Cozy/Ligero","Bluebonnet","1.5","****Bluebonnet, Texas, is steamier than ever when a gorgeous and wealthy CEO gets up close and personal with a sexy live-in assistant in this new novella by the author of* The Girl’s Guide to (Man) Hunting*.**  
Risa’s luck was running out…**   
Risa Moore is content with her work as a live-in assistant to an elderly lady—until her boss passes on. Now, she’s stuck in the tiny town of Bluebonnet, Texas, with no job, nowhere to live, and no prospects. Leaving Bluebonnet means starting her life over from scratch, so when Risa gets the opportunity of a lifetime, it’s hard to turn it down. But does her sexy new boss want something more than just an employee?   
**Until she met a man worth his weight in gold.**  
* * *  
Young, hot, and fabulously wealthy, Travis Jesson has no intention of ever returning to his small Texas hometown. Then his grandmother passes away, leaving him her estate and her pet. His plans involve disposing of her things as expediently as possible…until he meets her gorgeous live-in help. And Travis finds himself proposing an entirely different sort of relationship…   
Includes a preview of Jessica Clare’s upcoming novel about Bluebonnet, *The Care and Feeding of an Alpha Male* , available October 2012.
","isbn:9781101611036,goodreads:15749029,google:AFBNiQvHjZIC","","","Tono · Picante/Erotico, Arquetipo · Deportistas, Arquetipo · Vaquero/Western, Arquetipo · Bad boy, Subgenero · Supervivencia, Subgenero · Estafa/Con artist, Dinamica · Enemigos a amantes, Dinamica · Relacion fingida, Tono · Humor, Arquetipo · Alpha male, Ambientacion · Small town, Paranormal · Fantasmas, Tono · Cozy/Ligero, Arquetipo · Billonario/CEO, Paranormal · Lobos/Shifters, Subgenero · Romantic suspense","Romance contemporáneo [REVISAR]","","","","","",""
"The Expert's Guide to Driving a Man Wild","Jessica Clare","Dinamica · Enemigos a amantes, Genero · Fantasia, Genero · Ficcion literaria, Genero · Humor, Genero · Romance, Genero · Romance contemporaneo, Publico · Adultos (+18), Tono · Picante/Erotico","Bluebonnet","3.0","**Being out of control…** The product of a rigid upbringing, Brenna has grown into a sexy free spirit who does things her way. No possessions, no debt, no man, and no rules to tie her down. And if she has to work, what better way than as assistant in a wilderness expedition team? So many opportunities to go wild.  **…can be risky when you’re falling in love.** One person who doesn’t “get” Brenna is her boss, Grant. He prefers order and emotions kept in check, which means Brenna loves to push his boundaries. He’d be impossible to work for if he wasn’t so infuriatingly hot. But when his overbearing, matchmaking mother arrives in town, Brenna volunteers to be Grant’s pretend girlfriend. After all, it’s the perfect opportunity to drive Grant crazy at every turn.  Brenna’s just a little surprised when Grant agrees to her wild, impulsive schemes. And she’s more than a little surprised when their games take them to the bedroom…","grvotes:1382,amazon:0425262367,ff:c/jessica-clare/expert-s-guide-to-driving-man-wild,mobi-asin:B00A30XIDS,goodreads:16056363,isbn:9780425262368,google:xkgoDgAAQBAJ","","","Tono · Picante/Erotico, Arquetipo · Deportistas, Arquetipo · Vaquero/Western, Arquetipo · Bad boy, Subgenero · Supervivencia, Subgenero · Estafa/Con artist, Dinamica · Enemigos a amantes, Dinamica · Relacion fingida, Tono · Humor, Arquetipo · Alpha male, Ambientacion · Small town, Paranormal · Fantasmas, Tono · Cozy/Ligero, Arquetipo · Billonario/CEO, Paranormal · Lobos/Shifters, Subgenero · Romantic suspense","Romance contemporáneo [REVISAR]","","","","","",""
"The Man with the Money","Lynn Raye Harris","Genero · Romance, Genero · Romance contemporaneo, Paranormal · Lobos/Shifters","","1.0","<br><br>Notorious gambler Jack no longer gets a buzz from the risks, or the money, he takes at the card table. In fact, it bores him. Until one night he wins more than he ever bargained for....<br><br>His prize is the stunning Cara Taylor--she might be down on her luck but she certainly doesn't need rescuing by a maverick card-shark like Jack! Now she's stuck with him and she doesn't know whether to love him or loathe him. But, cut from the same pack, playing Jack at his own game is the most fun she's ever had!","isbn:9781459215467","","","Paranormal · Lobos/Shifters, Subgenero · Horror de criaturas","Romance contemporáneo [REVISAR]","","","","","",""
"Trusting the Biker","Glenna Maynard","Genero · Romance, Genero · Romance contemporaneo, Tono · Picante/Erotico","Royal Bastards MC: Charleston, WV","14.0","Zoe   I’m no stranger to bikers. My brother is a member of Royal Bastards MC. Notorious outlaws who live, ride, and die by their code. I know better than to set my heart on a motorcycle man, and yet, I do it anyway. I know Prodigy will break my heart, but I crave the pain, like an addict. To remind myself that I’m damaged goods. After a failed marriage, I know the score. Only love can hurt like this.   Prodigy   I swore I wouldn’t get involved with Zoe. She’s independent and proven time and again she doesn’t need a man. Nor does she want one. However, when her no good ex husband rides into town to cause havoc in her life, I step in to send a message loud and clear. No one messes with our property and like it or not, Zoe’s ours. I’m going to make her mine, but first, she needs to trust me.   I’ll do whatever it takes to prove to her and anyone else who gets in my way, that this biker is putting in his claim.","amazon:B0BMB4XR6R,goodreads:63369292,isbn:9798869898319","","","Dinamica · Enemigos a amantes, Dinamica · Prohibido, Dinamica · Embarazo sorpresa, Dinamica · Bebe secreto, Dinamica · Age gap, Tono · Picante/Erotico, Tono · Morally grey/Antiheroe, Arquetipo · Mafia, Arquetipo · Moteros/MC, Arquetipo · Bad boy, Paranormal · Lobos/Shifters, Subgenero · Policiaco/Detective, Tono · Cautiverio/Trata","Romance contemporáneo [REVISAR]","","","","","",""
"Wicked Favor","Sawyer Bennett","BSDM, Genero · Romance, Genero · Romance historico, Genero · Romance sci-fi, Paranormal · Lobos/Shifters, Tono · Picante/Erotico","A Wicked Horse Vegas","1.0","New York Times bestselling author, Sawyer Bennett, is happy to introduce a new Wicked Horse club in Las Vegas and you’re cordially invited to attend the grand opening... 
As the owner of The Wicked Horse, an elite sex club located along the Vegas Strip, Jerico Jameson never spends the night alone. Gorgeous, ripped, and totally alpha, Jerico doesn’t grant favors and will rarely give you the time of day—unless he wants you in his bed. So when the sister of his sworn enemy shows up asking for help, saying no should be easy. But when Jerico takes one look at her and sees an opportunity to help this beautiful woman while exacting revenge on her brother, he’s not about to pass that up. 
Beaten and bruised, Trista Barnes is running out of options, and Jerico is her last chance to get out of the mess she’s in. She doesn’t know why Jerico despises her brother so much, but as long as he can help her, she doesn’t care. Jerico offers her safety while opening her up to a sinful world she never knew existed. 
As she succumbs to Jerico’s erotic charm, Trista lets herself fall into the wicked world of guilt free pleasure with no regrets. Under his strong alpha hand, she blooms, and so does Jerico’s possessiveness. But what happens when Trista finds out she was a pawn in Jerico’s game all along, and that the price for his favor was steeper than she ever imagined – her heart. 
**
","isbn:9781940883786,goodreads:34537412","","","Tono · Picante/Erotico, Paranormal · Lobos/Shifters","Romance contemporáneo [REVISAR]","","","","","",""
"Wicked Ties","Shayla Black","Genero · Misterio/Thriller, Genero · Romance, Paranormal · Lobos/Shifters, Tono · Picante/Erotico","Wicked Lovers","1.0","**She didn’t know what she wanted…**
Morgan O’Malley has seen a lot of kinky things as the hostess of a cable sex talk show. But she’s never met a man like Jack Cole before. A self-proclaimed dominant, he’s as alpha as a male can get—and good for Morgan to have around when an obsessed stalker ratchets up his attempts to get to her.
**Until he made her beg for it.**
Though Jack is a bodyguard, Morgan feels anything but safe in his presence because, slowly and seductively, Jack is bringing her deepest fantasies to the surface. And when he bends her to his will, what’s more shocking than her surrender is how much she enjoys it—and starts to crave his masterful touch. A willing player in Jack’s games, Morgan knows that his motives aren’t pure, but she has no idea how personal they are…
### Review
""A wicked, sensual thrill from first page to last. I loved it.!""--#1 *New York Times* Bestselling Author Lora Leigh  

""Filled with scrumptious, burning love...and impassioned sex that keeps the heat on high until the very last page.""--*Just Erotic Romance Reviews*  

""Intense, erotic, and sizzling hot.""--*Fresh Fiction*  

""A deliciously kinky and naughty thriller...A satisfying tale of suspense and sexual awakening.""--*Joyfully Reviewed*  

""Absolutely took my breath away.""--*Romance Junkies*  

### About the Author
**Shayla Black** is an award-winning erotic romance author who lives in the South with her family.
","isbn:9780425268179","","","Tono · Picante/Erotico, Subgenero · Policiaco/Detective, Dinamica · Obsesion/Stalker, Arquetipo · Guardaespaldas, Paranormal · Lobos/Shifters, Subgenero · Paranormal romance, Dinamica · Amor no correspondido/Pining, Dinamica · Harem inverso/Why choose, Arquetipo · Billonario/CEO, Dinamica · Prohibido, Publico · Young adult/Juvenil, Tono · Cautiverio/Trata","Romance contemporáneo","","","","","",""
"Dragon Protector: A WILD Security Book","Ruby Forrest","","","1.0","I’m a Dragon. I was hired for a reason. Protect.   But there’s a lot more I want to do to the bosses daughter.  Her   My father is dead. I’m taking over the business.   I meet Fang, the head of the security team. He’s serious, sexy and he means business.   He takes up the position of my security guard.   It’s just business, just common sense…so why do I find him so irresistible?  Him   When I was in the USA, I made a mistake and revealed myself as a dragon shifter. After that, I took the first job out of the country I could. But now the boss is dead and his daughter is here instead.   She’s trouble and keeping her safe is the biggest challenge in my career. I don’t date clients. I don’t get involved outside of business. So why can’t I keep my hands off her?  **A steamy shifter romance from the WILD Security collection. No cliffhangers. Very mature themes. And a HEA. HEAPS of Bonus Content!**","goodreads:39717412,amazon:B07BTYHXQJ","","","Tono · Picante/Erotico, Paranormal · Lobos/Shifters, Paranormal · Dragones","Romance contemporáneo [REVISAR]","","","","","",""
"Wolfe","Krissy Adol","","The Red Falls","1.0","The Wolf:  Red Falls has never felt like home to me. The darkness hidden literally beneath the town has always left a sick feeling in my stomach. Sure, I’m not so great myself, I have secrets of my own. I hadn’t felt the need to sink the whole town down just yet, that is until I saw her. The first time I saw little red I knew she would be mine. I bid my time watching and waiting for just the right moment and when the darkness tried to take her, I knew the time had come to burn it all down.  Ana:  I just didn’t want to be alone anymore. After every person I loved died, how was I supposed to survive being all alone in the world? How could they leave me? I thought the loneliness would consume me until one day, I felt him watching me. He set a trap I couldn’t resist, and I helplessly fell into it.  Warning: This is a dark romance novel and contains dark adult themes that may be triggering for some. The full list of trigger warnings can be found in the beginning of the book.  Wolfe is the first book in an interconnected series. It can be read as a standalone. The couple in this book will get their HEA but the plot continues in the next book with a different couple.  Welcome to Red Falls","grvotes:60,goodreads:215703063,amazon:B0D8GPSK5R","","","Tono · Oscuro, Paranormal · Lobos/Shifters","Romance contemporáneo [REVISAR]","","","","","",""
"Her Wild Magic","Karen Benjamin","","","1.0","Maxine is a witchy woman from Louisiana but she's determined to live a normal life.   
  
Sheriff McCain is a werewolf and nothing about him is normal. But he wants her, and he's not giving up.   
  
He recognizes her fears, and he's ready to tangle with---Her Wild Magic. 
","isbn:9781600886553","","","Paranormal · Lobos/Shifters, Paranormal · Brujas/Magos","Romance contemporáneo [REVISAR]","","","","","",""
"Princess Mine","Brindle Chase","","","1.0","<p>Princess Briareth'lianna traverses Drearwood forest every full moon&#8212;for the exhilarating thrill of the chase. Her heart pounds rapid and furious in her Elven chest as Daeven, the sexy human werewolf, tracks her with bestial hunger. A hundred times she has escaped the dark and incredibly hot wereling, but the adrenaline-laden lust that scorches her veins each time leaves her yearning to know what would transpire if caught. His ravenous need and powerful body could destroy her...or engulf them both in the fire that fuels her erotic dreams.<p>Visions of the beautiful and exotic Briareth'lianna torment Daeven with sexual promise every night that passes between each lunar cycle. Their game of cat and mouse had long been more for him. To pin her in his arms and taste her, just once, he would risk a forbidden love between Elf and Human. This full moon, he vows she will be his.","isbn:9781419935183","","","Dinamica · Prohibido, Tono · Picante/Erotico, Paranormal · Lobos/Shifters, Paranormal · Fae/Feerico","Romance contemporáneo [REVISAR]","","","","","",""
"Erotica- Forever His/ Spanking","Skylar Faye","","Erotica","91.0","Teri Pennington is a faery shape-shifter on the run from her family and duties she doesn’t want. She is weary of her current job as a photographer and ready for a change when she gets stranded in the middle of Kansas and meets her reluctant white knight. He wants to help her for the night and send her on her way the next day. But she isn’t that easy to get rid of…not when she’s attracted to the handsome, gruff, secretive cowboy. Yet she can’t stay with him for long and risk exposing her secret, something he could never understand.
Seth Stevenson is an alpha werewolf without a pack, struggling to live a somewhat normal life as a rancher and keep his secret. He’s been successful, until a delicate woman so wrong for him suddenly crashes into his life. His protective instincts and his strong desire for her bring danger to his life. He can’t afford to fall in love with her and risk her learning what he really is. But how can he let go of the one woman he’s met that accepts the dominant side of him?
","isbn:9781609686420","","","Tono · Picante/Erotico, Arquetipo · Vaquero/Western, Paranormal · Lobos/Shifters, Subgenero · Supervivencia","Romance contemporáneo [REVISAR]","","","","","",""
"Dingo","Harley Wylde","new adult romance, English.Romance.Dark Romance, _Biblioteca.Romance.Contemporaneo","Devil's Fury MC","1.0","Meiling -- All I’ve ever known is pain. My life has been far from a fairy tale. No parents. No friends. Just an endless nightmare that I can’t wake from. Until the day a man offered me his hand and promised to keep me safe. I’ve never trusted anyone before, but there’s something about him. Maybe it’s insane, but I know he won’t hurt me, and when he puts his arms around me, for the first time in my life I feel loved.  Dingo -- I’ve always had a soft spot for women and kids in trouble. One look at Meiling, and I knew I had to protect her at any cost. The beautiful girl with the wounded soul. After all she’s suffered, all I want is to make her smile, make her feel secure, and give her a chance to find happiness. But first, I need to take out the men and women responsible for hurting her. It might get ugly, and messy, but they don’t call me Dingo for nothing. I’m a crazy bastard, and I won’t stop until she’s safe. I just didn’t count on falling for her along the way.  Warning: Meiling’s past isn’t pretty. Dingo and Meiling’s story deals with issues of human trafficking, bureaucratic corruption, and vigilante justice. This book contains darker themes that may trigger some readers.","goodreads:50544648,amazon:B0848M1H1C,ff:w/harley-wylde/dingo","","BIN 009235-02990","Tono · Oscuro, Publico · New adult, Tono · Cautiverio/Trata, Arquetipo · Bad boy, Arquetipo · Alpha male, Tono · Picante/Erotico, Arquetipo · Mafia, Paranormal · Dragones, Dinamica · Age gap, Arquetipo · Moteros/MC, Paranormal · Angeles y demonios, Paranormal · Lobos/Shifters, Dinamica · Segunda oportunidad","Romance contemporáneo","","","","","",""
"Outlaw","Harley Wylde","English.Romance.Contemporary Romance, Contemporary, _Biblioteca.Romance.Contemporaneo","Devil's Fury MC","2.0","**Elena** \-- I lost my parents as a kid, but a reverend and his wife took me in. They were good to me, even if there had never been many hugs. Then they started pushing me to marry a man I didn’t want, so I ran. I should have known the moment I walked through the clubhouse doors of the Devil’s Fury my life would never be the same. I just didn’t count on a bad boy biker being the one to finally make me feel wanted.  **Outlaw** \-- The Devil’s Fury are my family, my brothers, but I’m not the same man I was years ago. I’m scarred and broken, or so I’d thought. The little Latina who came to the clubhouse, then pulled out a damn book to read had my attention right away. When someone tries to hurt her, I know that I’ll keep her safe. In fact, I’ll just keep her. She’s awakened a part of me I’d thought I’d lost. Didn’t count on her bringing trouble with her, or nearly losing her, but she’s mine and I will fight for her to the very end.","amazon:B0854952YW,goodreads:51827739","","BIN 009265-03000","Tono · Oscuro, Publico · New adult, Tono · Cautiverio/Trata, Arquetipo · Bad boy, Arquetipo · Alpha male, Tono · Picante/Erotico, Arquetipo · Mafia, Paranormal · Dragones, Dinamica · Age gap, Arquetipo · Moteros/MC, Paranormal · Angeles y demonios, Paranormal · Lobos/Shifters, Dinamica · Segunda oportunidad","Romance contemporáneo","","","","","",""
"Dragon","Harley Wylde","Themes.Explicit Sex, English.Romance.Dark Romance, _Biblioteca.Romance.Contemporaneo","Devil's Fury MC","3.0","A woman and a baby aren’t in my plans, but as usual, Fate will have the last laugh.  Lilian -- I may have survived my time with the Colombian cartel, but it nearly broke me. Even now, I can’t stand to be touched by men. But there’s one man who makes me feel safe. Dragon. He’s intrigued me for so long. I never counted on things getting heated between us, or me ending up pregnant. He made it clear he doesn’t want me, or a baby, so I ran. I thought I’d found sanctuary with the Reckless Kings, but it only put me in the crosshairs of a lunatic intent on revenge.  Dragon -- I knew Lilian was still skittish with men. When she asked for my help in learning self-defense, I’d been surprised. I never counted on those lessons bringing us closer together, or that she’d ask the unthinkable of me. Now she’s carrying my kid, and I f *cked sh* t up six ways to Sunday. When she’s kidnapped, I realize it’s time to bring her home. My home. Whatever it takes, I’ll make sure Lilian knows she’s mine. Even if I have to grovel a little.  WARNING: This is a romance with darker themes that may trigger some readers. It has strong language and graphic violence, a heroine who is tougher than she realizes, and an alpha hero who will stop at nothing to make her his. If you’ve read this author’s work before, please be advised Dragon is more violent than the previous books. Guaranteed HEA and no cliffhanger!","goodreads:53349530,amazon:B087D6JLZ3","","BIN","Tono · Oscuro, Publico · New adult, Tono · Cautiverio/Trata, Arquetipo · Bad boy, Arquetipo · Alpha male, Tono · Picante/Erotico, Arquetipo · Mafia, Paranormal · Dragones, Dinamica · Age gap, Arquetipo · Moteros/MC, Paranormal · Angeles y demonios, Paranormal · Lobos/Shifters, Dinamica · Segunda oportunidad","Romance contemporáneo","","","","","",""
"Dagger","Harley Wylde","_Biblioteca.Romance.Contemporaneo","Devil's Fury MC","4.0","Zoe -- I would give my life to protect my son, and it nearly ripped my heart out when I learned the person I’d trusted with my most precious possession had turned on us. Luis is in trouble, held captive by the cartel, and there’s only one way I know to save him. Marry Dagger. He’s an outlaw, a biker, and hasn’t made it a secret that I’m not his first choice. Accepting him is one thing, but accepting his lover as part of the deal is harder for me. Until I end up falling for both of them. Dagger and Jared have shown me what it means to love someone, and I only hope they’ll have enough love for me and Luis as well.  Dagger -- Being bisexual in a club full of alpha bikers means walking a fine line. They don’t care what I do behind closed doors, as long as I don’t flaunt that part of my life in front of them. The only way I could ever have an acceptable relationship with another man is if there’s a woman between us. I didn’t count on that woman being a sexy señorita with a little boy. It doesn’t take long for Zoe and Luis to wrap me around their fingers, and I can tell Jared is falling for them too. I have the family I’ve always wanted, and I’ll do anything to keep them safe. Even wage war with the Mexican cartel if that’s what it takes.  Jared -- The Devil’s Fury are my family, the only place I’ve felt like I had a home in what seems like forever. The thought of jeopardizing that is the only thing holding me back from telling Dagger how I really feel. When I find out he’s married, the pain and anger nearly consume me. It never occurred to me he’d want to share Zoe, or that the three of us could be together permanently. But first we have to get Luis, her son, back, and end the threat that could take our family from us.  Warning: This book contains scenes of graphic violence, sexual scenes with MMF, MM, and MF pairing; and a darkness that some readers may find objectionable. Guaranteed HEA and no cheating.","amazon:B089541ZCJ,goodreads:53583379","","BIN 009385-03040","Tono · Oscuro, Publico · New adult, Tono · Cautiverio/Trata, Arquetipo · Bad boy, Arquetipo · Alpha male, Tono · Picante/Erotico, Arquetipo · Mafia, Paranormal · Dragones, Dinamica · Age gap, Arquetipo · Moteros/MC, Paranormal · Angeles y demonios, Paranormal · Lobos/Shifters, Dinamica · Segunda oportunidad","Romance contemporáneo","","","","","",""
"Steel","Harley Wylde","Contemporary, English.Romance.Age Gap Romance, _Biblioteca.Romance.Contemporaneo","Devil's Fury MC","5.0","Rachel -- Getting pregnant in high school hasn’t exactly made my life easy, especially since my daughter’s father wants nothing to do with us and his parents hate us. Starting over in a new town sounded easy enough, but finding work and a place to stay isn’t so simple in Blackwood Falls. I never counted on a knight in shining armor coming to my rescue, or that he’d be riding a Harley. There’s something about the sexy silver fox that makes me feel safe. Steel might be some big, tough biker, but anyone who rescues a pug and names her Victoria can’t be all bad, right? I only hope I’m not falling for the wrong guy yet again. My heart can’t handle it, and neither can my daughter’s.  Steel -- I may have seen a lot in my time, and done things that would give most people nightmares, but I’m admittedly a softie when it comes to kids and animals. Little Coral might have enchanted me at first, but her mom is the one I can’t get off my mind. I can tell she’s running from something, and I’ll find out what one way or another. She thinks she’s all alone, but she’s wrong. She has me -- because I always go after what I want and I’m going to make her mine. Doesn’t matter I’m more than two decades older than her. I pity anyone who stands in my way or dares to harm any of my girls -- I won’t hesitate to put the bastards six feet under.  WARNING: This age-gap romance contains graphic language and sex, animal abuse, graphic violence, and a big bad biker with a heart of gold. Guaranteed HEA, no cheating, and no cliffhanger.","goodreads:54244551,amazon:B08BLVHX6Y","","BIN 009424-03053","Tono · Oscuro, Publico · New adult, Tono · Cautiverio/Trata, Arquetipo · Bad boy, Arquetipo · Alpha male, Tono · Picante/Erotico, Arquetipo · Mafia, Paranormal · Dragones, Dinamica · Age gap, Arquetipo · Moteros/MC, Paranormal · Angeles y demonios, Paranormal · Lobos/Shifters, Dinamica · Segunda oportunidad","Romance contemporáneo","","","","","",""
"Demon","Harley Wylde","Happily-Ever-After Romance, _Biblioteca.Romance.Contemporaneo","Devil's Fury MC","6.0","A Devil’s Fury MC Romance  Farrah -- I’ve spent my entire life at the Dixie Reapers MC compound. One of the perks of being the VP’s daughter. Except it’s suffocating. Leaving to start a life of my own was the only solution. I knew what it would mean if I went to the Devil’s Fury MC compound, even more so to flirt with their Sergeant-at-Arms. Getting involved would ruin the little bit of freedom I’ve found. Then I ended up in the man’s bed. Leave it to me to find trouble around every corner. My daddy is going to be so pissed, especially when I run from Demon, get snatched off the streets, and shoved into a trunk. I’m not winning at the adulting thing.  Demon -- She was a one-night stand. Until the condom broke. Then I found out she’d lied to me. The hot little number in my bed wasn’t just any woman, she was the daughter of a Dixie Reaper. Maybe I shouldn’t have barked orders at her, or spanked her a$$. Feisty little Farrah ran, pissing me off even more. When she disappeared and I realized trouble had found her, I knew I’d do whatever it took to make sure she was safe. Only after I had her back did I realize she was f * *king perfect for me. Watching her handle the club wh* res was hot as hell, and she didn’t take sh*t off anyone.  I’ll make her mine -- permanently.  WARNING: Demon’s book contains graphic violence and sex, bondage, spanking, bad language, and scenes that may be difficult for some readers. But it also has a heroic dog and a man who will move heaven and earth to protect the feisty, smart-mouthed woman he loves. There’s no cliffhanger and a guaranteed happily-ever-after.","goodreads:55071245,amazon:B08GKX4VMF","","BIN 009508-03081","Tono · Oscuro, Publico · New adult, Tono · Cautiverio/Trata, Arquetipo · Bad boy, Arquetipo · Alpha male, Tono · Picante/Erotico, Arquetipo · Mafia, Paranormal · Dragones, Dinamica · Age gap, Arquetipo · Moteros/MC, Paranormal · Angeles y demonios, Paranormal · Lobos/Shifters, Dinamica · Segunda oportunidad","Romance contemporáneo","","","","","",""
"Slash","Harley Wylde","_Biblioteca.Romance.Contemporaneo","Devil's Fury MC","7.0","***Shella** * -- The Devil’s Fury are the only family I’ve ever truly had. My mom was a junkie. When she died, no one wanted me. Except Grizzly. I had a home, until things went horribly wrong. I went wild, pushed too many boundaries, and overstayed my welcome. So I ran and didn’t look back. Trouble always seems to find me, so it’s no surprise I ended up pregnant, alone, and scared out of my mind. Then Slash shows up. Out of all the Devil’s Fury brothers to come for me, why did it have to be the one I’ve been crushing on since I was a teenager?  ***Slash** * -- Little Shella was always a pretty girl. Spoiled. Outspoken. A complete terror. Now that she’s all grown up, she’s stunning. I needed to keep my hands to myself, and maybe I would have if she hadn’t been adamant not to disclose the name of her baby-daddy. Only way to protect her is to give her my name. Doesn’t matter I’m old enough to be her father. When I find out her secrets, and the reason she’d behaved so badly, I know I’ll do whatever it takes to make her feel safe… even if it means burying a few men. I already have blood on my hands. What’s a little more?  **WARNING** : *Slash’s book contains graphic violence and sex, bad language, and scenes that may be difficult for some readers.*","amazon:B08LW5ST8F,goodreads:55889063","","BIN 009583-03106","Tono · Oscuro, Publico · New adult, Tono · Cautiverio/Trata, Arquetipo · Bad boy, Arquetipo · Alpha male, Tono · Picante/Erotico, Arquetipo · Mafia, Paranormal · Dragones, Dinamica · Age gap, Arquetipo · Moteros/MC, Paranormal · Angeles y demonios, Paranormal · Lobos/Shifters, Dinamica · Segunda oportunidad","Romance contemporáneo","","","","","",""
"Grizzly","Harley Wylde","Contemporary, Happily-Ever-After Romance, _Biblioteca.Romance.Contemporaneo","Devil's Fury MC","8.0","May -- I know what everyone sees when they look at him. A rough biker from the wrong side of town. But they don’t know John the way I do. He’s kind, protective, and there’s no one I’d rather be with. Unfortunately, he’s keeping me in the friend zone. He’s saved me multiple times, but when he finds me being attacked by the town’s golden boy, I see the Grizzly his club has named him for… but even at his most vicious I’m not scared of him. I don’t care that he’s a little older than me, or that people whisper when he walks past. I love him, and I know I’ll keep loving him until the day I die.  Grizzly -- She’s too sweet, too good. Too perfect. May deserves the best life can offer, a respectable guy. That isn’t me. She might see me as some cuddly teddy bear, but there’s blood on my hands. I earned the name the Devil’s Fury gave me, and I wear it proudly. So I push her away, keep her at arm’s length, and make sure she thinks I don’t desire her even a little. It’s a lie. Biggest one I’ve ever told. There’s only one thing I want more than my club, more than my next breath -- and that’s May.  WARNING: This is for everyone who’s ever asked, “Will Grizzly get a book?” Grizzly’s story is a shorter Devil’s Fury MC novella and contains some violence, bad language, and graphic physical relationships. It takes place outside the series timeline. Guaranteed happily-ever-after, no cheating, and no cliffhanger.","amazon:B08W4PCSVL,goodreads:57032039","","BIN 009715-03150","Tono · Oscuro, Publico · New adult, Tono · Cautiverio/Trata, Arquetipo · Bad boy, Arquetipo · Alpha male, Tono · Picante/Erotico, Arquetipo · Mafia, Paranormal · Dragones, Dinamica · Age gap, Arquetipo · Moteros/MC, Paranormal · Angeles y demonios, Paranormal · Lobos/Shifters, Dinamica · Segunda oportunidad","Romance contemporáneo","","","","","",""
"Wolf","Harley Wylde","Happily-Ever-After Romance, _Biblioteca.Romance.Contemporaneo","Devil's Fury MC","9.0","Glory – Who up and moves to another state where they don’t know anyone and don’t have a job or a place to live? Me, that’s who. When I heard Devil’s Fury was running an underground clinic for women like me -- victims of boys pretending to men -- I knew I had to be a part of it. What I didn’t count on was falling for an alpha biker with a heart of gold, or turning to mush every time he holds my daughter. There’s more to Wolf than most people realize, and now that he’s decided I’m his and he’s mine, I’m holding on and never letting go. I won’t even let a killer stand in the way of my happily-ever-after.  Wolf – When my ex left for greener pastures I should have been broken-hearted. So why wasn’t I? One look at the angel who walks into Church and I know… Glory's meant to be mine, and so is her adorable little girl. Just one problem. Well, two. She’s skittish -- she's been badly hurt by men before, and I’m not exactly a prize. I came back from the war broken physically and mentally. I know Glory can do better. But I always get what I want, and I want Glory. When someone tries to destroy my new family, I know I’ll do whatever it takes to keep them safe… even if it means letting Glory see the darkness inside me.  WARNING: Wolf’s story is part of the Devil’s Fury MC series and contains some violence, bad language, sensitive issues, and adult situations. Guaranteed happily-ever-after, a baby who will steal your heart, no cheating, and no cliffhanger.","amazon:B092W75CN8,goodreads:57650436","","BIN 009778-03171","Tono · Oscuro, Publico · New adult, Tono · Cautiverio/Trata, Arquetipo · Bad boy, Arquetipo · Alpha male, Tono · Picante/Erotico, Arquetipo · Mafia, Paranormal · Dragones, Dinamica · Age gap, Arquetipo · Moteros/MC, Paranormal · Angeles y demonios, Paranormal · Lobos/Shifters, Dinamica · Segunda oportunidad","Romance contemporáneo","","","","","",""
"Savage","Harley Wylde","English.Romance.Dark Romance, Happily-Ever-After Romance, _Biblioteca.Romance.Contemporaneo","Devil's Fury MC","10.0","A Dixie Reapers Bad Boys Romance  Mariah — I knew my dad, a Dixie Reaper, wouldn’t understand why I wanted to date a cop. It’s why I’d planned to elope with Ty, until it all went so very wrong. My dad caught me, tossed me into the car, and drove me hours away to the Devil’s Fury. I didn’t know he’d already promised me to someone else. Savage. The Devil’s Fury MC Treasurer. A man who set butterflies loose in my stomach at first sight.  The man might have claimed me as his, but he runs every time we’re in the same room together. I can’t tell if he’s just that turned off by me, or if there’s another woman. Whatever it is, he either needs to let me go, or make me his — in all ways. I just never expected the surprise left at the gates, and the way it would make my heart break, or the fact my ex would be a lunatic. I should have known life would throw me a curveball. Or two. Nothing is ever easy.  Savage — Claiming a woman sight unseen didn’t seem like such a bad thing. It wasn’t like I had anyone I wanted to settle down with. The fact she’s two decades younger than me might have given me pause at one point, but not anymore. Then she arrives, spitting and hissing like an angry kitten. I try to do the right thing and give her time. Except clearly that was the wrong thing to do.  I’ll make her realize she’s the only one I want, claim her in every way possible, but first… I need to take care of business. The dirty cop who preys on women and children will be taught a lesson he won’t soon forget. Should have known the daughter of Dixie Reaper wouldn’t shy away from getting her hands dirty and wouldn’t need saving. Not sure how I got so lucky to call her mine, but I’m holding on tight to Mariah. She’s the best thing to ever happen to me.  WARNING: Savage is part of the Devil’s Fury MC and contains bad language, adult situations, dark content, and violence some may find difficult to read. But there’s a guaranteed happily-ever-after, no cliffhanger, no cheating, a super cute little girl, and some adorable kittens.","amazon:B09DXF12JH,goodreads:58908068","","BIN 009985-03240","Tono · Oscuro, Publico · New adult, Tono · Cautiverio/Trata, Arquetipo · Bad boy, Arquetipo · Alpha male, Tono · Picante/Erotico, Arquetipo · Mafia, Paranormal · Dragones, Dinamica · Age gap, Arquetipo · Moteros/MC, Paranormal · Angeles y demonios, Paranormal · Lobos/Shifters, Dinamica · Segunda oportunidad","Romance contemporáneo","","","","","",""
"Doolittle","Harley Wylde","new adult romance, second chance romance, Happily-Ever-After Romance, _Biblioteca.Romance.Contemporaneo","Devil's Fury MC","11.0","Minnie -- The Reckless Kings told me it was pointless to pine after Satyr. I kept offering myself to him, hoping he’d see me as something more. I was a fool. All that man will ever see when he looks at me is a club girl. I’ll always be trash in his eyes. So when the President offers me a chance at a new life, I grab on with both hands. It might mean living with yet another club -- the Devil’s Fury -- but once I meet Doolittle, my entire world turns upside down. I’d thought myself in love with Satyr, but I was so very wrong. Doesn’t matter. Same situation, different man. I might be starting my life over, but Doolittle knows what I am, what I’ve been… and he’ll never want someone like me as his old lady.  Doolittle -- Beast asked a favor and I gladly agreed. I have no problem with a woman who wants a fresh start. Before I even met Minnie, I’d offered to let her work at my clinic. I don’t know what I expected. But the stunning woman who shows up leaves me tripping over myself. I’ve never met anyone like her before, and the instant connection between us is startling. Just one problem. Well, three. The first is Meredith. The girl won’t take no for an answer and is determined I’ll be hers. The second is that Minnie feels unworthy of being mine. I’ll just have to prove her wrong. The third I never saw coming, and it just might change everything.  WARNING: Doolittle is part of the Devil’s Fury MC romance series and contains bad language, violence, and adult situations. You’ll also find entirely too many adorable animals, no cheating, and a guaranteed happily-ever-after.","goodreads:59958160,ff:w/harley-wylde/doolittle,amazon:B09NYLK9J7","","BIN 010153-03296","Tono · Oscuro, Publico · New adult, Tono · Cautiverio/Trata, Arquetipo · Bad boy, Arquetipo · Alpha male, Tono · Picante/Erotico, Arquetipo · Mafia, Paranormal · Dragones, Dinamica · Age gap, Arquetipo · Moteros/MC, Paranormal · Angeles y demonios, Paranormal · Lobos/Shifters, Dinamica · Segunda oportunidad","Romance contemporáneo","","","","","",""
"Stitches","Harley Wylde","Adults (18+), Happily-Ever-After Romance, _Biblioteca.Romance.Contemporaneo","Devil's Fury MC","13.0","Marci -- My sister and her boyfriend had been my entire world, until I lost them both. Laura died, and Stitches walked away. I’ve lived in hell for the past seven years thanks to a brother who should have protected me. Instead, he used me to further his career, not caring whether I lived or died. Now Stitches is back, right in front of me. I always thought of him as an older brother, so why does he suddenly seem so sexy? What would Laura think if she knew I was falling for the man she loved?  Stitches – When I lost my woman and daughter, I walked away. I should have taken her little sister, Marci, with me. Instead I trusted her family. My mistake. If I’d checked on Marci, kept in touch, I’d have known she was in trouble. Now she’s back in my life, battered and broken. The men who dared to hurt her will pay with their lives. Especially her older brother. I failed her before, but this time I’ll get vengeance for all she’s suffered. It never occurred to me I’d end up falling for her along the way. I only hope if Laura is watching over us, she’d approve, because I don’t think I can hold myself back.  Guaranteed happily ever after, no cliffhanger, no cheating. Recommended for readers 18+ due to adult situations, language, and violence.","goodreads:197376364,amazon:B0CG4YXPRJ","","BIN 010924-03553","Tono · Oscuro, Publico · New adult, Tono · Cautiverio/Trata, Arquetipo · Bad boy, Arquetipo · Alpha male, Tono · Picante/Erotico, Arquetipo · Mafia, Paranormal · Dragones, Dinamica · Age gap, Arquetipo · Moteros/MC, Paranormal · Angeles y demonios, Paranormal · Lobos/Shifters, Dinamica · Segunda oportunidad","Romance contemporáneo","","","","","",""
"Once Upon A Fairytale","Bloomsbury Publishing","","","1.0","<p><b>WARNING: THESE FAIRYTALES ARE <u>NOTHING</u> LIKE THE ONES YOU WERE TOLD AT BEDTIME!</b><br/><br/>What if the Big Bad Wolf didn't <i>eat</i> Grandma, but he decided to date her instead?<br/><br/>And Rapunzel didn't have long hair, but a massive straggly beard?<br/><br/>These hilarious, imaginative retellings of classic fairytales from eight talented new writers give a brand-new perspective on the stories you <i>think</i> you already know. Surprising and delightful, this collection will have you on the edge of your seat as you find out what <u>really </u>happened when Jack climbed the beanstalk (and let me tell you, it's not pretty) ...","isbn:9781526603241","","","Paranormal · Lobos/Shifters, Subgenero · Retelling de cuento","Romance contemporáneo [REVISAR]","","","","","",""
"Shifter Girl Summer","Landon Scott","Fiction, Action & Adventure","Tails & Tan Lines","1.0","**Sun, surf, and sultry shifter girls . . .** The beachside town of Oyster Cove had everything a man could want—endless white sand beaches, plentiful summer activities, and of course, more beautiful women than you could shake a tail at. I came to Oyster Cove to enjoy a leisurely summer of surf and sun, but I find out pretty quickly that there’s more to this town than meets the eye.  My next door neighbor has eyes that are very similar to a cat’s, and I could have sworn the gorgeous waitress at my favorite food spot has scales on her legs. Maybe I’ve been out in the sun too long, but when a foxy redhead asks me to join her volleyball team, I get pulled into a world that I never knew existed.  And for some reason, all these shifter girls are interested in me.  **It looks like my summer is going to heat up quickly.**","goodreads:216241666,isbn:9798332654060,mobi-asin:B0D9349SDQ,google:V4zT0AEACAAJ","","","Paranormal · Lobos/Shifters","Romance contemporáneo [REVISAR]","","","","","",""
"Fight","Jenn Bullard","Omegaverse, Why Choose, Dark Romance, Dark, Fantasy, Romance, M M Romance, Abuse, BDSM","","1.0","Kidnapped, hurt, and left for dead were not on my bingo card this month.  I’ve been running from danger my entire life. I finally have roots, a home, a roommate who is my best friend that I’m secretly in love with. I refuse to take shit from anyone, so when I kicked a belligerent alpha out of my club, I didn’t realize my life would change forever.  Three gorgeous alphas saved me from being eaten by rats, making me think that was the end of my nightmare.  But now I’m locked in a house that would be any other omega’s dream home, but to me it’s a pretty cage. Trapped by the promise of security, I’m so confused by what I’m supposed to feel. Scent matches are what every omega wishes for, but I’ve never wanted one, much less three. Destiny and biology are so unfair.  I’m broken, terrified of not having any options, so I’ll do what I always do. Fight.  If you love omegas that are fierce and wear combat boots, then this book is for you.","mobi-asin:B0D3G8VM21,goodreads:213182239","","","Dinamica · Harem inverso/Why choose, Tono · Oscuro, Paranormal · Lobos/Shifters, Paranormal · Omegaverse, Tono · Cautiverio/Trata","Romance contemporáneo [REVISAR]","","","","","",""
"Forgotten Fairytale","Yumoyori Wilson","Fiction, Fairy Tales; Folk Tales; Legends & Mythology","Starlight Gods","7.0","What if your life was like a forgotten fairytale? Would you cry in despair at losing the memories of a story you held so dearly? Or move on to start a new chapter, deciding to accept your fate? That's exactly how I feel about my current dilemma as I face this new world. My name is Mako, code name: Bloody Butterfly. Adjusting to my new environment is a struggle during the day, while dreams that feel like memories haunt me at night. Regardless of my inability to accept this place as my new home, I have little to no time to consider my predicament.
My mission? To hunt rogues that are kidnapping children and shifters with high potential and throwing them in the hidden facilities across the realms.
My duty? To rid the world of them, one by one, with my new best friend Ann and my mysterious partner who sends tingles of pleasure through me with just a smile or a glance from his gorgeous ruby eyes.
Time is of the essence and my instincts tell me there is a lot more going on than meets the eye. The only problem is that in order to finally connect the dots and discover the meaning of the mark on the back of my hand, I will have to do the one thing I'm fighting so hard to achieve: to remember the fairytale I have little hope of regaining.
All I can do now is pray to the Starlight gods. Maybe then, my lost memories will find their way home to me. ~In Stars, We Trust~
","goodreads:39998972,asin:B07CRCJ2HC,isbn:9781717936516,google:ACT8yAEACAAJ","","","Paranormal · Lobos/Shifters, Tono · Cautiverio/Trata","Romance contemporáneo [REVISAR]","","","","","",""
"Hiding In Plain Sight","Bru Baker","","","1.0","Harris has been in love with his best friend for years, but just as Jackson's wolf takes notice, Jackson accepts a job far from Camp H.O.W.L. Can he balance his career with the love that's been right in front of him?","isbn:978-1-64080-866-9","","Gay Romance","Paranormal · Lobos/Shifters","Romance contemporáneo [REVISAR]","","","","","",""
"The Faceoff","Cali Melle","Romance, Contemporary, Sports Romance, Hockey, Sports, Hockey Romance, Enemies To Lovers, College, college romance, New Adult","Wyncote Wolves","4.0","Eden  After experiencing a nasty break-up during my freshman year, there is one type of guy that I refuse to get involved with.  Anyone from the university’s hockey team.  Hayden King is arrogant, cocky, has a reputation for being a playboy and there isn’t a single thing about him that I like.  One drunken summer night turns into a bad decision with Hayden. One that I swear that I’ll never make again.  But once senior year starts, I can’t seem to get away from him. He’s everywhere I go, everywhere I turn.  He’s under my skin and I find myself making mistake after mistake with him.  We better learn from our mistakes before our hearts get involved…  Hayden  Eden Finley is as cold as the ice that she skates on.  She’s the best figure skater at Wyncote University and I don’t know how I missed her when I first came here.  After one night with her over the summer, I can’t get her out of my head.  She has a chip on her shoulder, a nasty attitude and she hates my guts.  Which all only makes her more appealing.  I live for the chase, for the challenge.  And Eden Finley has no idea what she’s gotten herself into….","goodreads:61401841,mobi-asin:B0B57HBVYW","","","Dinamica · Enemigos a amantes, Arquetipo · Deportistas, Ambientacion · Campus universitario, Publico · New adult, Paranormal · Lobos/Shifters, Representacion · LGBTQ+ (FF)","Romance contemporáneo [REVISAR]","","","","","",""
"Threats of Jasmine","Kitt Lynn","Omegaverse, Why Choose, Dark Romance, Fantasy, M M Romance, Romance, Abuse, Polyamory, M M F, M F M","Broken Omegas","3.0","Carys  I will be perfect.  I haven't been at Havenfield long. Only a year. But in that short time, I have seen many omegas settle for less than perfect packs, as well as a few that were forced into matings they didn't want. Seeing these poor omegas struggle to find love has forced me to see how truly lucky I am.  There are three amazing men that want to keep me, love me, and cherish me forever.  I will listen, and obey, and do everything I can to make my new pack happy.  None of them have so much as raised their voices to me, but they are alphas—their kind all have tempers. But I'm determined to never give them a reason to be cross with me. Because the last time I angered an alpha I loved, I was stabbed over a dozen times and left for dead in a bathtub.  I will be perfect.  The Broken Omega series centers around omegas that are abused, traumatized, or have even broken the law. Each book tells the journey of an omega trying to find love and acceptance in a world that has broken them.  NOTE: This book can be read as a standalone. Threats of Jasmine is a Contemporary (MMMFM) Reverse Harem Omegaverse Romance. It contains violence and dark themes. HEA. Please heed the warnings before reading.","goodreads:214840344,mobi-asin:B0CFM9WDFW","","","Dinamica · Harem inverso/Why choose, Dinamica · Poliamor/Trio, Tono · Oscuro, Paranormal · Lobos/Shifters, Paranormal · Omegaverse, Tono · Picante/Erotico","Romance contemporáneo [REVISAR]","","","","","",""
"Dragon's Choice","Juniper Hart","Paranormal","Misty Woods Dragons","3.0","**Marcus is used to women doing exactly what he wants, until he meets Addison. She’s beautiful, feisty, and precisely what he needs. He will have her.** Marcus has been alive for centuries and has never been in love. Instead, he has always surrounded himself with a harem of beautiful women who cater to his every need in exchange for the lavish lifestyle he provides for them. When he gets bored, he sends them on their way. He has never once reconsidered his dedication to bachelorhood. Then he meets Addison… Addison is young, beautiful, and content with the new arrangement proposed by Marcus. The other women don’t bother her because she refuses to let her feelings get in the way. She’s just having a little fun and doesn’t expect her relationship with Marcus to be long-term. She knows the situation is not ideal, but for some reason, she can’t resist him. Soon she realizes that although he gives her every material possession she wants, he can’t give her the one thing she wants love. Addison decides she has too much respect for herself and leaves Marcus. No one has ever left Marcus on her own accord. With Addison gone, he realizes she was the one he wanted all along. The game is on... If you love **dragon shifter romances, bad boys,** and **alpha shifters who know how to take charge,** then you will love Dragon’s Choice! Content Explicit love scenes and lots of sexy shifters. Intended for 18+ audiences.","goodreads:39334426,mobi-asin:B07C8RDFT2","","","Tono · Picante/Erotico, Arquetipo · Bad boy, Paranormal · Lobos/Shifters, Paranormal · Dragones","Romance contemporáneo [REVISAR]","","","","","",""
"The Memory of Us","Lisa Sorbe","Contemporary Romance","","1.0","When Elena Everhart returns to her hometown in Minnesota to deal with the aftermath of her mother’s death, the first person she runs into is the last one she wants to see. Then again, she always did have a hard time avoiding the boy next door. Only now, Weston Brooks is all man. Escaping the past to save the present worked for Elena once. Now a successful attorney in Phoenix, going back to Wolf Lake is more of a nuisance than anything. She figures it’ll be a quick trip, and then her ties with the past will finally be cut. But once she arrives, the ghosts in the old house become too much to bear, and the strength Elena prides herself in…snaps. And there’s only one person left to lean on when she breaks. Elena knows the decision she made all those years ago was the right one. She walked away from Weston Brooks once, breaking his heart so she could save her own. The only question is…can she do it again? And at what cost?","goodreads:42778239,isbn:9780999348062,mobi-asin:B07KND8S78","","","Paranormal · Lobos/Shifters, Paranormal · Fantasmas","Romance contemporáneo [REVISAR]","","","","","",""
"Lone Wolf","Charlene Hartnady & B. E. Brouillard","Fantasy, Romance, Paranormal, Shapeshifters","Exiled by the Pack","3.0","**Tiffany** I know what I want and how I want it. My life is neat, orderly and all mapped out. I love the high octane, mile-a-minute hustle. My career as a stockbroker consumes me. I don’t mind because I’m great at what I do. Some days it’s like printing money. If I want something, I buy it. I work hard and party even harder.  Then my grandmother dies, and I’m left reeling. Although Nana was eighty-nine, it still comes as a shock. There was a part of me that thought she would live forever. Maybe that same part thinks that I will live forever, too. All of a sudden, my life isn’t feeling as full anymore. I’ve changed. I find I want more. I want something different.  My gran left me a little slice of heaven in the middle of nowhere. Okay, not quite nowhere; it borders the little town of Hope Ridge. I do something crazy. I give it all up and make a new start. This city girl is leaving the flashing lights and bustle. I’m going to build my dream home at the foot of the mountains, next to a crystal blue lake. Then I’m taking up horseback riding. I’m going to learn to smell the flowers. To admire the sunset. I’m going to pen that romance novel I’ve had sitting growing cobwebs in my head. It’s time to live my life for the first time…and I can’t wait.  **Grayson** I was exiled by my pack over ten years ago. Why? Because I’m different and different is apparently bad. They are dead to me. I’m better off without them. I know the feeling is mutual.  I built a cabin in the woods, away from humans…away from everyone and everything. Some might say I’m a hermit, but I like it just fine. The whole world can go to hell for all I care. I’ve carved out a place where I can just be. I’m at peace.  That’s when she blunders onto my land. The silly human has a stupid piece of paper, insisting that I’m trespassing on her property. This city slicker is full of BS. I’m not listening to anything she has to say. I was kicked out once; it isn’t happening a second time. I know if I ignore her long enough, she’ll go away. This is no life for someone like her. Except, she doesn’t leave. Instead, she pitches a tent right outside my front door. It’s a stand-off…and I intend to win.  **Authors note: Lone Wolf is a standalone shifter romance. It features a sassy heroine who knows exactly what she wants. Pity there’s an ornery wolf shifter standing her way of getting it. Beware, this book contains super-hot, growly scenes and naughty language that will make you blush!**","goodreads:58967444,mobi-asin:B09FLL36CP","","","Paranormal · Lobos/Shifters, Subgenero · Paranormal romance","Romance contemporáneo [REVISAR]","","","","","",""
"Rook Point","K. L. Taylor-Lane","_Topics.Dark","The Blackwell Brothers","3.0","It started when I was just a boy.  My obsession.  An inheritance the men in my family seem to be gifted, one that feels a lot like a disease.  It was love at first sight.  Hair the colour of fire, eyes crafted of the deepest jade.  I was captivated by her instantly, enthralled, but it was not meant to be, our worlds were already vastly different. Destinies not meant to intertwine. My family worked for people like her, they didn't marry them. The Princess of the Irish Mob. The eldest son of The Firm's disposal crew.  So, I grew up, I moved on, and I spent long nights in bars drowning dangerous thoughts of her.  But, it seems, with time, things can change. One night, one debt, one single game of cards.  And in a sick twist of fate, a treasure that should never be mine was suddenly within my grasp.","grvotes:161,isbn:9781739989781,goodreads:61683104,amazon:B0B7838P53,mobi-asin:B0B7838P53","","","Dinamica · Proximidad forzada, Dinamica · Obsesion/Stalker, Tono · Gotico, Paranormal · Lobos/Shifters, Dinamica · Amor a primera vista","Romance contemporáneo [REVISAR]","","","","","",""
"A Lover's Heist: Chief and Gianna's Love Story","K. L. Hall","","","1.0","At thirty-two-years old, Dominic “Chief” Snow is about his business. Paid and devilishly enchanting, he isn’t the type to roll out of bed for anything less than six figures. As a real estate investor, he owns multiple properties across the city of Miami. Yet, it’s his illegal practices that produce the most revenue. Every hustler in ‘Magic City’ picks their own poison. For Chief and his brothers, Rome and Baby, it’s a slew of armed robberies that keep them paid and living the life that legacies are made of. While he may seemingly have it all, his outlook on love is bittersweet. Now three years divorced from his high school sweetheart, his only focus is on his sixteen-year-old daughter, Dream, and multiplying his money. But when a bank heist lands him in the presence of an angel, he’s made aware that fate has other plans.  Gianna Austin is a twenty-nine-year-old pastry chef with dreams of opening her own bakery. When her third attempt to get a bank loan backfires, she finds herself amidst an armed robbery which leaves her world spiraling on its axis. After escaping with her life, she’s hit with the news that her young, troublesome brother is being released from prison and has no one to turn to. She finds herself trying to help him get back on his feet while figuring out just how she can manifest a business miracle. When a chance encounter lands Gianna in Chief’s presence, she realizes he may be just the person she needs to make her dream a reality. But what will she do when she finds out that he may be a wolf in sheep’s clothing?  For a woman like Gianna, trust and honesty are everything. And for a man like Chief, loyalty and reverence are king. When an unexpected threat targets Chief’s family, a domino effect ensues. Not only are the Feds threatening to dismantle everything they’ve worked so hard to build, but someone he thought he’d left in his rearview just may be closer than they appear. As plots of deceit unravel around them, so may their chance at love.  **Please This is the first standalone novel in the Heist of Hearts series. Each book in the series will feature a different member of the Snow family with no cliffhangers. **","mobi-asin:B09M4BXJP9,goodreads:59845069","","","Paranormal · Lobos/Shifters, Paranormal · Angeles y demonios, Subgenero · Heist/Atraco","Romance contemporáneo [REVISAR]","","","","","",""
"Four Hearts","Belle Brooks","Dark, Mystery, Thriller Suspense, Novella, Suspense, Action, psychological thriller, Adult","The Game of Life","4.0","""The Wolf can break my bones, but he can't destroy my heart.""  I will never lie down and say die because there are four hearts that beat for me, including my own, and it's the strongest weapon I have. I will defeat the Wolf. I will take his life. He'd better sleep with one eye open, because I'm coming for him.   Who is the Wolf? He's one dead son-of-a-bitch in my eyes. He underestimated me and now he has no clue where I am. I've found my place to hide, and it's only a matter of time until I see my freedom.  ""Ashes to ashes, dust to dust, burn in hell, Red, because I've had enough."" - The Wolf  The game isn't over yet. For me, it's just begun.","goodreads:37981589,mobi-asin:B078S94ZLB,isbn:9780648126379","","","Paranormal · Lobos/Shifters, Subgenero · Thriller psicologico","Romance contemporáneo [REVISAR]","","","","","",""
"Abandoned on His Mountain","Dani Wyatt","Romance, Novella, Spicy, Contemporary Romance, Contemporary, Small Town Romance, Smut, Abuse","","1.0","The only color I've ever been allowed to wear is red.  My grandfather says it's a warning to others that I'm impure. That I have the devil inside me.   When he catches me reading Cosmo and wearing makeup, he takes me to a remote mountain cabin with enough food to last through winter.   Between the howling wolves and the bears at the door, it's clear I won't make it that long. Then, a bearded mountain man as big as a grizzly comes along wielding a shotgun and I know in my heart, he's here to protect me.   Except he says this is *his* mountain and I belong to him now. Have I just traded one devil for another? Or, will my sins be washed away by love?  *Author's* A little impurity might be just what you need! In fact, I'm sure of it, so get your read on with this uber, over-the-top romp in the woods with a hero that takes what he wants and a heroine who deserves a new start. The steam in this quick read starts out fast and never lets up. Let's get it on!  *The Palate Teaser Series...want a quicky? For 99 pennies? Then grab a treat...*   *I got you with these standalone Palate Teaser novellas!   They are designed for those who love a low angst, extremely high heat, no cheating, palate-cleansing treat. The heroes are over the top and obsessed with their one and only. These are trope-heavy, taboo-friendly, and are designed to make you squirm.   So, suspend reality for a bit and get ready for some twisted fun, a happily ever after, and a smile.*","asin:B0CM18DTVM,goodreads:200905188","","","Tono · Picante/Erotico, Tono · Angst/Drama emocional, Paranormal · Lobos/Shifters, Ambientacion · Small town","Romance contemporáneo [REVISAR]","","","","","",""
"Deceived by the Shifter","Juniper Hart","Paranormal","Birch Mountain Alphas","5.0","**After a wild night in Vegas, Hollie wakes up to find out she’s married to a man she just met. But there’s just one problem…he’s gone and she doesn’t know how to find him!** Hollie’s wild Las Vegas adventure doesn’t go as planned. After having too much to drink, Hollie becomes infatuated with a man she met at the blackjack tables.  One bad decision leads to another, and Hollie wakes up the next day to find out she married the handsome stranger. The only problem is that she doesn’t know his last name, or even where to find him. The terrible situation becomes worse when she learns he is a member of her family’s rival pack.  Hollie quickly realizes that what happens in Vegas doesn’t always stay in Vegas, but can end up haunting you for the rest of your life.  Life takes an unexpected turn, when she realizes there might be more to the man she married than she expected. Will Hollie face the consequences from the biggest mistake of her life, or will her love life take an unexpected turn?  If you love **werewolf shifters** , **alpha men who know how to take charge** , and **steamy romantic encounters** that leave you breathless, you will love Deceived by the Shifter!  Content Warning: Explicit love scenes, naughty language, and lots of sexy shifters. Intended for 18+ audiences. Bonus books are included.","goodreads:36648706,mobi-asin:B077PRMBNB","","","Tono · Picante/Erotico, Paranormal · Lobos/Shifters","Romance contemporáneo [REVISAR]","","","","","",""
"Alliance","Natalia Lourose","Romance, mafia romance, Dark Romance, Smut, Enemies To Lovers, Spicy, Dark, Contemporary Romance, Novella, Booktok","Sinners of New Orleans","1.0","**A sinner met a saint,   Two worlds collided,   And everything burned. **  **Lana**   I’ve done everything right.    Playing the part of the demure famiglia daughter,   And hiding my pain beneath makeup and pretty dresses.    But marrying a man ten years my senior?   Whose words cut like knives,   And lips taste like poison.    This is the one thing I can’t do.  **Naz**   I’ve done nothing right.    I’m not a virtuous man,   I balance on the line between light and dark.    My past is littered with sins,   Each of them is haunting me.    I’m not worthy of the angel with long hair and hazel eyes.    And yet, I’d burn the city to the ground to hold her in my arms.  **What’s a sinner to do?** *""Alliance"" is part of the Sinners of New Orleans series. It is a full length stand alone forbidden/arranged mafia romance with spicy scenes and an HEA.  Alliance contains themes of violence, explicit language, depression, and suicidal ideation. Please take caution when reading.*","mobi-asin:B08PDRSF2Y,goodreads:190117506","","","Dinamica · Enemigos a amantes, Dinamica · Prohibido, Tono · Oscuro, Tono · Picante/Erotico, Arquetipo · Mafia, Paranormal · Angeles y demonios, Tono · Trauma/Salud mental, Paranormal · Lobos/Shifters","Romance contemporáneo [REVISAR]","","","","","",""
"The Cowboy's Baby: Mpreg Romance","Giovanna Reaves","","Black Meadow Ranch","1.0","Cole Bradford needed a new start for him and his unborn child. After leaving his ex, he goes to the two people who could center him: his parents. Promising himself that he would solely focus on raising his child, he's completely blindsided by his sudden attraction for his parents' boss, Kane Cartwright. Kane Cartwright's only focus is the successful management of his dude ranch, the Black Meadow. He's satisfied with his life as a bachelor and does not want the responsibility of a lover or children. Until the smart-mouthed New Yorker showed up on his ranch looking for his dads. And suddenly, Kane found himself attracted and wanting a man who's pregnant with another man's baby. This story is an Omegaverse and Non-shifter.","mobi-asin:B079SX1ZB9,amazon:B079SX1ZB9","","","Arquetipo · Vaquero/Western, Paranormal · Lobos/Shifters, Paranormal · Omegaverse","Romance contemporáneo [REVISAR]","","","","","",""
"Christmas in Wine Country","Addison Westlake","","","1.0","A romantic comedy set in Northern California's wine country.  

It's Lila's big debut as an event planner and the company holiday party is going to be her chance to shine. At a Tuscan-style vineyard near the Northern California coast in the perfect little black dress she's sure to impress commitment-phobe Phillip. What could go wrong?   
72 hours later with no job and no boyfriend, Lila finds herself with all kinds of answers to that question. Like mistaking the glowering Jake Endicott of Endicott Vineyards for the groundskeeper. Or a new video on YouTube featuring Lila pawing her way through drunken karaoke of ""Hungry Like the Wolf.""   
Solo on the romantic holiday getaway she'd booked for her and Phillip near the vineyard, Lila at least gets to visit with her old friend Annie who lives nearby in the coastal town of Redwood Cove. Drawn into the local bookstore with gleaming wooden floors and welcoming armchairs, Lila chats with the owner and impulsively accepts a job offer.   
Sleepy, misty Redwood Cove is the perfect place for Lila to take a break from her horrible track record with guys. The only one she finds even remotely attractive knows her as the holiday party crazy lady. Ranked in Bay Area magazine's 10 hottest bachelors, Jake Endicott is just the type Old Lila would have wasted years pining after.   
Join Lila on her year of comedy, adventure and self-discovery on the Northern California coast, with all kinds of ups, downs and misadventures and a full cast of small-town wine country characters. Thankfully, even the greatest misunderstandings can all be worked out with a little Frank Sinatra and mistletoe.
### About the Author
I'm excited to share my new romantic comedy with you, ""Christmas in Wine Country."" It's the perfect read for this holiday season. Curl up with a glass of wine and get ready to laugh out loud!  
I made my debut as an author around 13 years old rewriting Sweet Valley High books. In one version Elisabeth and Jessica Wakefield were younger and living in a British orphanage.  
Later in my teens I launched into an unfortunately self-important Personal Reflection Phase with a lot of thought pieces, meditations on themes and poetry reflecting in sad words about sad things, sadly.  
My 20s ushered in an even more self-important Political Phase with a lot of angry, partially informed commentary raging against the machine, the lever operating the machine and the guy funding the production of the lever and the machine.  
I'm happy to say that I've now returned From Whence I Came! I'm back, baby, on the main quad of Sweet Valley High where hot guys drive hot cars and it only rains when you don't have a date for the prom. And then the sun comes out, anyway, because everything works out after all! Also, the only kinds of British orphanages now allowed near my writing are the ones where beautiful young girls with bright spirits triumph over adversity and end up marrying super well. 
","","","","Dinamica · Amor no correspondido/Pining, Paranormal · Lobos/Shifters, Ambientacion · Small town, Ambientacion · Navideno/Festivo, Subgenero · Comedia romantica","Romance contemporáneo [REVISAR]","","","","","",""
"High School Bites","Rachael Alcobia","","","1.0","I'd once heard that your senior year in high school is supposed to be the time of your life. I guess they forgot to mention the crazy girl who thinks you're after her boyfriend or the wolf that attacks you in the woods during the senior class camping trip. Between strange dreams that border on nightmares and Kodi Barrett, a fellow senior that I've been inexplicably drawn to for years at the center of it all, i was positive that life at Mountain Falls High School was about to get much more complicated. I didn't need my senior year to be perfect; I just needed to survive it!","amazon:B076ZX1DF4,grvotes:422,goodreads:36506451,mobi-asin:B076ZX1DF4","","","Paranormal · Lobos/Shifters","Romance contemporáneo [REVISAR]","","","","","",""
"Corrupt Me","N. Slater","Omegaverse, Why Choose, Romance, Dark Romance, M M Romance, Fiction","Beta Accepted","2.0","Smile. Keep your head down. *Be a good girl.* All the things my father shoves down my throat on a regular basis.  *Be good for the Alpha who decides you’re worthy of him.* My insides churn at the thought of spending the rest of my life with an Alpha I don’t love but Betas don’t have the luxury of choice. We mean nothing to the hierarchy of biological designation.  Until one night, I attend a friend’s birthday party across the street at The Temple, the hottest club in town. It’s full of debauchery and chaos, everything my father would disapprove of.  It offers me a world I’ve never thought about, tempting me into the darkness that threatens to consume me. I’m terrified and out of my comfort zone until I meet the pack that owns the club.  They’re willing to open my eyes and broaden my horizons.  All I have to do is say yes. My answer?  *Corrupt Me.*","goodreads:216409121,mobi-asin:B0CW1ZMHGB","","","Dinamica · Harem inverso/Why choose, Tono · Oscuro, Paranormal · Lobos/Shifters, Paranormal · Omegaverse","Romance contemporáneo [REVISAR]","","","","","",""
"Owned","Luna Voss","Omegaverse, Dark Romance, Romance, Dark, Science Fiction, Paranormal Romance, Paranormal, Aliens, Smut, Adult","Barion","1.0","**This isn’t just need. It’s *obsession.*** From the moment I scented her heat, I knew she was mine. Mine to claim. Mine to knot. Mine to correct firmly when she disobeys.  As the underboss of a *Vostra* crime family, I’m used to getting what I want.  My world is cloaked in darkness. I’m not here to show her the light.  I’m here to claim what belongs to me.","mobi-asin:B096CGHM15,goodreads:58315028","","","Tono · Oscuro, Tono · Picante/Erotico, Paranormal · Lobos/Shifters, Paranormal · Omegaverse, Subgenero · Policiaco/Detective, Subgenero · Paranormal romance","Romance contemporáneo [REVISAR]","","","","","",""
"Taken by the Wolf Daddy","Laura Wylde","Paranormal, Shapeshifters","Fated Mountain Mates","1.0","**There are some guy you shouldn’t fall in love with …   And your daddy’s best friend is top of that list.** So why can’t I keep my mind off Jesse Rivers?   He’s a single dad, my father’s best friend,*and* my new boss.  Looking after Jesse’s cute little girl is fun.   But being around Jesse is a serious perk of the job.  And the looks he’s giving me say I’m not the only one fighting to keep things professional.  Keeping my daddy in the dark is hard.   He still thinks I’m his little girl.   And Jesse’s off-limits.  What will it take for my father to learn that his little girl is all grown up?   Maybe the rogue wolf who shows up with murder in mind will convince him.   Especially when I might be the next victim.  **But when wolf-shifters go bad, they go BAD.   And even Jesse's skills might not be enough to save me.**","asin:B0D6GR2GTN,goodreads:214381989","","","Dinamica · Padre/Madre soltero/a, Paranormal · Lobos/Shifters, Paranormal · Fated mates","Romance contemporáneo [REVISAR]","","","","","",""
"Ese abrazo que pretendía darte","Karin Kallmaker","","","1.0","Sarah MacNeil está a punto de entregar su corazón a una hermosa mujer, que puede ser su salvación... o su perdición. Melissa Hartley, escritora y guionista que se mueve por lo más in de la cultura lèsbica, es deliciosamente peligrosa. Conoce a todas las personas que hay que conocer, va a las fiestas a las que hay que ir y dice lo que hay que decir. Cuando conoce a Sarah MacNeil, una mujer tranquila y elegante, en el bar de un hotel, Melissa hace los movimientos precisos para llevarse a Sarah a la cama. Después, hará las promesas necesarias para convencer a aquella agente de patentes, habitualmente tan prudente, para que se vaya con ella a vivir a San Francisco. Absolutamente cautivada por primera vez en su vida, Sarah se entrega por completo. Cegada por el resplandor de la ardiente sensualidad de Melissa, ¿se estará metiendo Sarah en la boca del lobo? Karin Kallmaker, la maestra indiscutible del romance lésbico, es la autora de best-sellers que han superado todos los récords: Pintando la luna, Si el destino quiere, In Every Port, Paperback Romance y Wild Things.","","","","Tono · Picante/Erotico, Paranormal · Lobos/Shifters, Representacion · LGBTQ+ (FF)","Romance contemporáneo [REVISAR]","","","","","",""
"Christmas in Wine Country","Addison Westlake","","","1.0","A romantic comedy set in Northern California's wine country.  

It's Lila's big debut as an event planner and the company holiday party is going to be her chance to shine. At a Tuscan-style vineyard near the Northern California coast in the perfect little black dress she's sure to impress commitment-phobe Phillip. What could go wrong?   
72 hours later with no job and no boyfriend, Lila finds herself with all kinds of answers to that question. Like mistaking the glowering Jake Endicott of Endicott Vineyards for the groundskeeper. Or a new video on YouTube featuring Lila pawing her way through drunken karaoke of ""Hungry Like the Wolf.""   
Solo on the romantic holiday getaway she'd booked for her and Phillip near the vineyard, Lila at least gets to visit with her old friend Annie who lives nearby in the coastal town of Redwood Cove. Drawn into the local bookstore with gleaming wooden floors and welcoming armchairs, Lila chats with the owner and impulsively accepts a job offer.   
Sleepy, misty Redwood Cove is the perfect place for Lila to take a break from her horrible track record with guys. The only one she finds even remotely attractive knows her as the holiday party crazy lady. Ranked in Bay Area magazine's 10 hottest bachelors, Jake Endicott is just the type Old Lila would have wasted years pining after.   
Join Lila on her year of comedy, adventure and self-discovery on the Northern California coast, with all kinds of ups, downs and misadventures and a full cast of small-town wine country characters. Thankfully, even the greatest misunderstandings can all be worked out with a little Frank Sinatra and mistletoe.
### About the Author
I'm excited to share my new romantic comedy with you, ""Christmas in Wine Country."" It's the perfect read for this holiday season. Curl up with a glass of wine and get ready to laugh out loud!  
I made my debut as an author around 13 years old rewriting Sweet Valley High books. In one version Elisabeth and Jessica Wakefield were younger and living in a British orphanage.  
Later in my teens I launched into an unfortunately self-important Personal Reflection Phase with a lot of thought pieces, meditations on themes and poetry reflecting in sad words about sad things, sadly.  
My 20s ushered in an even more self-important Political Phase with a lot of angry, partially informed commentary raging against the machine, the lever operating the machine and the guy funding the production of the lever and the machine.  
I'm happy to say that I've now returned From Whence I Came! I'm back, baby, on the main quad of Sweet Valley High where hot guys drive hot cars and it only rains when you don't have a date for the prom. And then the sun comes out, anyway, because everything works out after all! Also, the only kinds of British orphanages now allowed near my writing are the ones where beautiful young girls with bright spirits triumph over adversity and end up marrying super well. 
","asin:B00A9I292U","","","Dinamica · Amor no correspondido/Pining, Paranormal · Lobos/Shifters, Ambientacion · Small town, Ambientacion · Navideno/Festivo, Subgenero · Comedia romantica","Romance contemporáneo [REVISAR]","","","","","",""
"Fun With the Wolf Pack","Carrie Kelly","","","1.0","Elisabeth is a lonely girl looking for some action, but who’s going to want a curvy girl like her?Then a gorgeous werewolf answers her call and persuades her to meet his other pack members. Elisabeth is overwhelmed. Four men! Now that sounds like a dream come true. However, when it comes down to it the girl shies away. Fearing what the four will think of her flawed figure.Elisabeth tries to flee, but the wolves aren't going to let her back out now. She’s their mate and they’ll stop at nothing to catch her and make her theirs forever.This 8,300 word story contains graphic love between a bbw and four hot werewolves.Excerpt“We’ll give you a head start,” Shaun said and hunched down to all fours. Then his bones cracked and his body twisted as white fur prickled and covered his pale skin. Hands became paws and his snout lengthened. Lifting his head, his green eyes shone, ears perked and his tail swished.Sam and Connor followed and shifted.In a matter of seconds I was surrounded by wolves. Werewolves! Like in the damn movies.Connor took a step towards me. His form so big he looked like a dire wolf. His amber eyes studied and followed my every move like I was his prey.Sam sat down and I could swear he grinned. Baring his sharp fangs. His fur was the same chestnut brown with spots of white.I blinked my eyes and shook my head. No! This can’t be real. Someone spiked that water or something. Although, I wouldn’t know why they’d do that.I looked behind me and glanced at Brandon. He was still human, but he looked as if he was fighting the change. He ran a shaky hand through his hair. “Brandon, tell them to turn back please,” I said and walked behind Connor’s desk.Connor, the wolf with the rusty red coat, growled and leaped in front of it. I yelped and stood still.Brandon shook his head. “Can’t,” he said.“Why the hell not?” I asked.“You don’t understand. It’s really hard to control the urges,” he said and gritted his teeth.“How do I know I’m not hallucinating or dreaming or something?” I asked. Hoping he could give me some logic.“Nope, we’re the real deal,” he said and held his stomach.I pouted. So much for logic.“Why aren't you changing?” I asked as I kept my eye on Connor. There’s no way I’d be able to get past three gigantic wolves.“I don’t want you to be afraid of us?” he said.I gave him a look. “Too late,” I said and screamed as the other two wolves lunged at me.","mobi-asin:ed60c3bd-62bf-48e8-89a7-d5cac161061b,goodreads:18997946","","","Paranormal · Lobos/Shifters","Romance contemporáneo [REVISAR]","","","","","",""
"Break Me","Nina West & K. A. Tucker","Romance, Contemporary, Adult, Contemporary Romance, Spicy, Dark Romance, billionaire romance, Smut, Erotica, Workplace","The Wolf Hotel","2.0","Break Me is Book Two in the highly addictive forbidden romance The Wolf Hotel series  Henry Wolf is a deliciously wicked, sinfully handsome man who has done a very bad thing.    Potentially.  Worse, he owns me now—every inch of my body and a sizeable chunk of my stupid, naïve heart.    And he’s made it clear that if I want to keep my job and stay in Alaska, I’m stuck catering to his every whim and wish—both in the hotel and in his bedroom—while I wait for the potential fiery media circus ring that will no doubt drag my reputation into the gutter along with his, should his past discretions surface.  I will not surrender to his demands, not when I have dirt to hold over his head. IF I have the guts to blackmail him, that is. Something warns me that going through with it will have disastrous consequences for my heart.  Break Me should be read after Tempt Me.","isbn:9781777202767,goodreads:56071739,asin:B01BU2NFTO","","","Tono · Oscuro, Tono · Picante/Erotico, Paranormal · Lobos/Shifters, Dinamica · Prohibido, Arquetipo · Billonario/CEO","Romance contemporáneo [REVISAR]","","","","","",""
"A French Kiss","Crystal Dawn","","Legend of the White Werewolf","11.0","Trent had spent too many years in France with the wrong woman. He wanted to make the right choice this time, but he was gun shy. When he and Jazel are recruited by Damon to work undercover, he’ll get to know her well enough to make a final decision.    Jazel had given up any hopes of mating until she met Trent. But he’s pulled her heart every which way and she doesn’t know if she can take any more. By the time this mission is over, they’ll be together for good, or done.","goodreads:37656088,isbn:0000000000000","","","Paranormal · Lobos/Shifters","Romance contemporáneo [REVISAR]","","","","","",""
"Bears Not Included","Chloe Kent","Fantasy, kidnapping, Dark, Erotica","","1.0","This is how I say goodbye to my mom.  My mom believed that fairytales were real. She believed that before the three bears were a family with a father, a mother, and a child, they were three grown men, fierce and scary. That’s the fairytale she believed in.  She wasn't crazy. She was right.  When I find the very cottage in which they lived, hidden deep in the mountains, I can finally lay my mom to rest in peace.  Three bowls. Three chairs. Three beds.  The cottage looks like a museum, and there’s something eerie about it.  And just when I think I’m going to be okay as well, I find myself trapped in the cottage with no way out except a door that leads to a dark basement.  I’ve trespassed on private property, and three faceless voices give me instructions. The only way out is if I do three things.  Eat from a bowl. Sit on a chair. Lie on a bed.  Except there are no bears included in my story.  They’re watching me from a hidden camera.  And there is nothing innocent about the things they make me do.  Please note, Bears Not Included is ***not* ** a paranormal shifter romance. It’s a contemporary mafia romance served with a twisted fairytale retelling. Also, please note, this book is not for sensitive readers.","goodreads:211723690,mobi-asin:B0D218PDMG","","","Tono · Picante/Erotico, Arquetipo · Mafia, Paranormal · Lobos/Shifters, Tono · Cautiverio/Trata, Subgenero · Retelling de cuento","Romance contemporáneo [REVISAR]","","","","","",""
"Bottom of the Chains - Prospect","D. M. Earl","","Grimm Wolves MC","2.0","My life has sucked for as far back as I can remember. My folks didn’t want me so I was thrown into foster care. Let me just say lots of fun. NOT.  Then one day, my life took a dramatic change. My circumstances improved greatly. I met The Grimm Wolves MC and they took me under their wing. I became not only a prospect but also part of their brotherhood.  Now I’ve let my brothers down not once, but twice, in less than a month. What if I don’t belong with the club? Feeling the weight of life, how can I prove to the only family I have ever had that I’m worth the trouble? Or maybe the truth is I’m not reliable and useful after all? It all depends on how much of my failure The Grimm Wolves MC are willing to put up with by one of their newest prospects.","goodreads:54756363,mobi-asin:B08CGKXR5P","","","Paranormal · Lobos/Shifters","Romance contemporáneo [REVISAR]","","","","","",""
"Sin: Alpha Males and Taboo Tales (The Naughty List Bundles Volume Three)","Raminar Dixon","incest, gay erotica, shifter, erotic fairy tales, mother in law, free erotica, Dubcon, the naughty list","","1.0","Eleven stories. Ten of the hottest authors in erotica. More than 60,000 words in length.   The Naughty List Presents: Sin - Alpha Males and Taboo Tales (Volume THREE)!   This tempting collection of stories was put together with one thing in mind; turning you on.","","","incest, gay erotica, shifter, erotic fairy tales, mother in law, free erotica, dubcon, the naughty list","Arquetipo · Alpha male, Tono · Picante/Erotico, Paranormal · Lobos/Shifters","Romance contemporáneo [REVISAR]","","","","","",""
"Soy Rose Black","Ana Ballabriga & David Zaplana","","","1.0","Rose Black tiene todo lo que cree que podría desear: un trabajo estable y bien remunerado como abogada en un bufete de Ibiza, un novio italiano estupendo que la adora, y tres amigas incondicionales y divertidas. Sin embargo, en la fiesta de su 40 cumpleaños, se da cuenta que, a pesar de todo, su vida parece haber tocado techo. 
Al día siguiente, una adinerada clienta que sospecha que su marido la engaña acude a su bufete. Rose, que había fantaseado con la idea de ser investigadora desde que, a los 20 años, su novio Alex desapareció misteriosamente, decide iniciar sus propias pesquisas, sin saber que el caso se va a poner mucho más peligroso de lo que podría parecer. Suerte que contará con la ayuda de un divertido murciano buscavidas, más acostumbrado que ella a los trapicheos y a la calle. 
Entretanto, conocerá al nuevo policía encargado de la investigación de la desaparición de Alex: Marc Lobo. Un hombre que la incomoda y la atrae a partes iguales. 
Soy Rose Black es una historia de mujeres que sueñan y que buscan su lugar en el mundo. Un fabuloso cóctel de amor, sexo, misterio y comedia.
","goodreads:43799778","","","Paranormal · Lobos/Shifters, Subgenero · Thriller legal","Romance contemporáneo [REVISAR]","","","","","",""
"Let It Snow","Emily Hayes","Christmas, Romance, Lesbian, Enemies To Lovers, Fiction, Contemporary","Forever","7.0","**She's my rival and I hate her... so why is she so attractive?** *This is an Enemies to Lovers, Ice Queen, Age Gap Christmas Romance. Hot and steamy, sweet and loving, all the feels for Christmas and a guaranteed Happy Ever After.* Amanda Asher owns a Christmas Tree Farm and a successful Greetings Card business that she is passionate about. Just in the run up to Christmas which is her busiest time of year, she notices a new young upstart in the Greetings Card world, Snow Willows, becoming a bit of a sensation with her cards and stealing all of Amanda's thunder.  Amanda is absolutely NOT going to let this Snow Willows win in the Christmas Card war.  Amanda hates Snow and is nothing but rude to her.  But as fate keeps putting them together, Amanda feels a heated attraction burning below the surface.  Can she get past her hate and rivalry to give Snow a chance or are they doomed to be enemies forever?","mobi-asin:B0BKH5GD62,goodreads:63245366","","","Dinamica · Amor a primera vista, Paranormal · Lobos/Shifters, Tono · Picante/Erotico, Dinamica · Enemigos a amantes, Dinamica · Age gap, Tono · Angst/Drama emocional, Ambientacion · Navideno/Festivo, Representacion · LGBTQ+ (FF), Dinamica · Amigos a amantes, Dinamica · Hermano del mejor amigo/a, Paranormal · Fae/Feerico, Paranormal · Angeles y demonios, Ambientacion · Small town, Dinamica · Segunda oportunidad, Arquetipo · Bad boy, Publico · New adult, Tono · Trauma/Salud mental, Tono · Oscuro, Arquetipo · Billonario/CEO","Romance contemporáneo","","","","","",""
"Dragon's Secret Bride","Sky Winters","","Silver Talon Mercenaries","3.0","Will this dragon betray his mission for a marriage pact from his past?    Hoxson Storm is a big bad dragon for the Silver Talon Mercenaries. He is assigned a high risk job in his old hometown. Only problem? He runs into his high school love who he had a marriage pact with. The one he left without a word. Will he betray the Silver Talon Mercenaries to save and be with her?  Adie is shocked to see her old high school sweetheart. The one who broke her heart. Can she ever open her heart to him again, especially when there are other shifters knocking at her door?  This is a novella length steamy shifter romance. 18+ only.","goodreads:40542889,asin:B07DSQVFM9","","","Tono · Picante/Erotico, Paranormal · Lobos/Shifters, Paranormal · Dragones","Romance contemporáneo [REVISAR]","","","","","",""
"Bear's Midlife Psychic","Meg Ripley","Shapeshifters, Romance, Contemporary, Paranormal Romance","Shifter Nation: Fated Over Forty","5.0","**It took 49 years, but I finally have the quiet life I’ve always dreamed of.   Except for the departed souls who’ve decided I’m their new BFF.** After three strikes, I’m out of the marriage game for good,   Fully ready to embrace my inner crazy cat lady.   I’d kept my psychic medium abilities in the shadows,   Until my friend pushed me into the spotlight at Afterlife After Dark.   An introvert like me had no business giving readings on stage,   Trying to prove myself to skeptical strangers—   Like the hunk across the room arching his silvery brow at me.   The stormy-eyed firefighter asked for my help,   Looking for clues about his fallen comrade’s death.   But the moment I envisioned bear paws instead of his buddy’s hands,   Weirdly enough, I made a believer out of him.   I thought that was the last I'd see of Hugh, until he showed up at my door,   Wanting to know if I could tell him more—   And then showing me a wild night neither of us would ever forget.   Could this actually be the start of something new,   Or is he just using me as a psychic hotline?   All I know is the more I uncover about this mysterious death,   The more my life’s in serious danger.   And once the truth comes out, all hell’s gonna break loose.  *Steamy shifter love scenes and an HEA inside! No cheating or cliffhanger in this standalone romance. Readers 18+.*","mobi-asin:B09XFJD19V,goodreads:60771619","","","Tono · Picante/Erotico, Arquetipo · Bombero, Paranormal · Lobos/Shifters, Paranormal · Fated mates, Subgenero · Superpoderes, Subgenero · Paranormal romance","Romance contemporáneo [REVISAR]","","","","","",""
"Digger","AUTUMN SUMMERS","","Heroes MC Fort Dix","3.0","Digger didn’t know how to trust.  He was always focused on getting the information, getting the job done and getting out!  But when he kidnaps jade, the judge's daughter, things change.  He feels her breaking away at his icy heart, bringing up emotions he doesn’t know.  Can the kidnapped princess really change this cold, calculated biker?  Getting kidnapped is the last thing Jade needed!  It was enough dealing with a life filled with bad decisions and struggle, within the grips of her father.  When Digger snatches her up, she wants to spit in his face and kiss his lips, all at the same time.  This hot, sexy bad boy gets her juices flowing…but the way he snatched her up makes her furious and she wants revenge…  That is until the unexpected happens with this man that she hates!   1-Click NOW and read what happens with Digger and Jade in this action packed MC Romance novella!","mobi-asin:B09NJQNNZY,goodreads:60141499","","","Arquetipo · Moteros/MC, Arquetipo · Bad boy, Tono · Cautiverio/Trata, Paranormal · Lobos/Shifters","Romance contemporáneo [REVISAR]","","","","","",""
"Alex","AUTUMN SUMMERS","Romance","Heroes MC Fort Dix","1.0","Alex:  I just want to be left alone!  After what I’ve been through, what I’ve lost…  I don’t care to deal with people.  After the Army, I realized mixing drinks behind the bar was my zen.  That is until she walked through the door!  I usually wouldn’t give a crap about some girl and her drama,  But there was something about Brandy that reminded me of what I lost.  I guess that’s why my instinct told me to protect her, even though it screwed with my mind.  But is she really worth it?  Or Is she just a distraction, especially at a time when my MC brothers are getting hounded by the Sheriff?  Brandy:  I’m terrified of my ex!  The things he’s done to me and the trauma he’s caused me,  have me fearing for my life.  But, I can’t even report him because of the people he’s connected to.  When Alex sees what my ex did to me, he immediately wants to protect me.  He helps me get away from my ex, and I’m grateful.  While showing him my gratitude, I realize I feel something more for him.  But he’s a lone wolf and aloof, will he even let me in?   1-CLICK NOW to read this MC Romance Abuse story!","mobi-asin:B09NLDFDGX,goodreads:60014929","","","Arquetipo · Moteros/MC, Arquetipo · Bad boy, Tono · Cautiverio/Trata, Paranormal · Lobos/Shifters","Romance contemporáneo [REVISAR]","","","","","",""
"Scorpio","AUTUMN SUMMERS","","Heroes MC Fort Dix","2.0","Scorpio:   Bloodied and bruised, I don’t care if I’m waking up in a hospital bed. I’m gonna KILL that Sheriff!   Once I’m stitched up, I’m out! I don’t care what nurse girl or Midas have to say!   I’m busting Mason out of jail, and that’s that!   I’ve been a fighter all my life, there was never an option of backing down from a fight.. so for some dirty pigs to come at me, ahhhh!   What is it with this nurse, she’s the only one that can actually make me smile at a time like this.   I’m not used to anyone caring about me, but the way she’s here when I need her most, that’s a rare loyalty.   But I’m weak, I need to keep my distance from her.   I don’t know if I’ll be able to stay away…  Amy:  This wild biker needs to sit still and let me stitch him up before he dies of blood loss!   There you go baby, nice and still… yaay, what sexy pecs...this is going to be fun!   Well not if you get up and walk away…alrighty then, I guess I’ll just grab my bag and follow you Mr. Biker...   He reminds me too much of my past. Reopening wounds… But, I just want to take care of him.   Even though he infuriates me, his kisses are making me drunker than ever…   But can I really trust him?  1-Click now and find if Scorpio can stay away, and if Amy can really trust him.","mobi-asin:B09NLF2M4V,goodreads:60050635","","","Arquetipo · Moteros/MC, Arquetipo · Bad boy, Tono · Cautiverio/Trata, Paranormal · Lobos/Shifters","Romance contemporáneo [REVISAR]","","","","","",""
"Angel and Slate","Carina Wilder","","Plenty of Shift","4.0","Compared to her sister Linda, Angel's always felt like a second-class citizen, at least in the eyes of her family. And now Linda's wedding's coming up, and Angel doesn't have a date, or even the prospect of one.  But when a friend gives her a business card for Plenty of Shift, things start looking up. She meets with Miri to get things started, and all of a sudden she's given a choice between two sexy shifters: the Grizzly, Slate, and the Wolf, Kai.  In this version of her story, she chooses Slate, the single father of an adorable and mischievous redheaded girl. It doesn't frighten Angel that he's got responsibilities; after all, she's just out for a good time, and he looks like he could use a roll in the hay.    But it doesn't take long to realize that shifters are...special. And add a motherless little girl to the mix, and suddenly life begins to take on new meaning.    Will Angel find love, or will she run away screaming from the chance at a new family?  Maybe she should've chosen the wolf.    But maybe the grizzly is just what she needs.","asin:B01CCIHKT6,goodreads:29367009","","","Dinamica · Padre/Madre soltero/a, Paranormal · Lobos/Shifters, Paranormal · Angeles y demonios","Romance contemporáneo [REVISAR]","","","","","",""
"Sin: Alpha Males and Taboo Tales (The Naughty List Bundles Volume Three)","Raminar Dixon","incest, gay erotica, shifter, erotic fairy tales, mother in law, free erotica, Dubcon, the naughty list","","1.0","Eleven stories. Ten of the hottest authors in erotica. More than 60,000 words in length.   The Naughty List Presents: Sin - Alpha Males and Taboo Tales (Volume THREE)!   This tempting collection of stories was put together with one thing in mind; turning you on.","","","incest, gay erotica, shifter, erotic fairy tales, mother in law, free erotica, dubcon, the naughty list","Arquetipo · Alpha male, Tono · Picante/Erotico, Paranormal · Lobos/Shifters","Romance contemporáneo [REVISAR]","","","","","",""
"Desires","Michelle Lynn","Paranormal Romance","","1.0","A tiger always finds his prey...  All Sarah wanted was an interview with Erik Dken, the billionaire CEO of Opak Oil. But, after an afternoon encounter in his private suite, everything changes..  After hiring her as his secretary, Erik cannot keep in his sexual desires. He begins to fall for Sarah, and this means supreme danger...  This shifter relationship built on sexual desire and secrets will have your heart aching for more.","goodreads:22044434,mobi-asin:B00K31ABUA","","","Arquetipo · Billonario/CEO, Paranormal · Lobos/Shifters, Subgenero · Paranormal romance","Romance contemporáneo [REVISAR]","","","","","",""
"Sophie's Christmas Dad","Ophelia Sexton","Shapeshifters","Bearpaw Ridge Firefighters","11.5","his could be the worst Christmas ever in Bearpaw Ridge…or the best.   After a devastating fire nearly destroys bear shifter Elle Swanson's home, she's facing the prospect that the big family Christmas dinner isn't going to happen this year. As the Swanson clan matriarch, she's always taken care of everyone. Now, she's struggling to accept her mate Justin's and her family's offers to help resolve the crisis. Can she unbend enough to allow Justin and the rest of her family to take care of her when she needs it most?   Meanwhile, Sophie Markidis, an ordinary human girl living on the Swanson family ranch, is looking forward to the best Christmas ever. She's found the perfect dress for her high school's Winter Wonderland dance, and she thinks she might have found the perfect date, too—her best friend and secret crush, Matt Swanson. Things only get better when her long-lost biological father gets in contact with her, just in time for the holidays.   But will her dreams be dashed when her wonderful Christmas dad lets her down right when she needs him most?","goodreads:55944306,mobi-asin:B08NVB9BBJ","","","Dinamica · Amor no correspondido/Pining, Arquetipo · Vaquero/Western, Arquetipo · Bombero, Paranormal · Lobos/Shifters, Ambientacion · Navideno/Festivo","Romance contemporáneo [REVISAR]","","","","","",""
"Real Wolf Wanted","Miranda Bailey","Fiction, Short Stories (Single Author)","","1.0","Shaila has everything a woman could want. A billionaire lifestyle, all the advantages that money could buy, and a life that others can only dream about. Yet, it's not what she dreams about in her sleep, it's not what she longs for throughout endless days of charity balls and garden parties. What she truly wants is a real man.
The kind of man that sweats to earn a dollar, the kind of man that knows a woman is there to be a partner, not a trophy. The kind of man that knows how to keep a woman happy in his bed.
In a moment of madness, she leaves the glamorous life behind and runs right into the man of her dreams. But is Shaila really ready for the simple life? And is the man of her dreams far more than he seems? **This book contains strong language, adult situations, and is not suitable for anyone that might need a fainting couch, does not like paranormal romance, or knows what smelling salts are for. No cliffhangers and a HEA are in your future with this one. I hope you enjoy it-Miranda
","goodreads:41834865,mobi-asin:B07H74PM36,google:HKCmywEACAAJ,isbn:9781720278719","","","Arquetipo · Billonario/CEO, Paranormal · Lobos/Shifters, Subgenero · Paranormal romance","Romance contemporáneo [REVISAR]","","","","","",""
"Ronan","Nina West & K. A. Tucker","Romance, Contemporary, Novella, Spicy, Dark Romance, Contemporary Romance, Erotica, Dark, Fiction, Smut","The Wolf Hotel","4.5","Ronan Lyle has been dumped. While his ex is dating around and figuring out if she loves him enough to take him back, he moves to Miami, hoping a change of scenery will help the time pass. That change of scenery comes with Connor Brien, his new roommate and coworker on the Outdoor Maintenance team at Wolf Miami.  Ronan can handle Connor’s obnoxious personality and exhausting drive for beer and women. What he’s not sure he can handle is Connor’s attractive but razor-tongued stepsister—a surprise roommate—and a woman who very quickly makes it clear she doesn’t want Ronan there.  Ryan Tatum just spent the night crying her eyes out over being dumped. The last thing she needs when she wakes up is to find out her brother has rented the bedroom next to hers. Worse, it’s to one of the Outdoor crew guys from Wolf, guys who are notorious for their slutty behavior. If Ronan’s good looks are any indication, there will be a never-ending parade of random—very loud— women on the other side of her wall.  Ronan and Ryan do their best to stay out of each other’s way but, with each confrontation, the physical attraction grows. Throw vulnerability into the mix, and Ronan soon finds himself in a situation he’s sure Connor will not be okay with. But what's a guy to do when lust, red-hot chemistry, and the perfect moment collide?  RONAN is a novella about the two friends, Ronan and Connor, before they head to Wolf Cove, Alaska in Nina West's Wolf Cove Series.","goodreads:75698046,asin:B01N7KLCRR","","","Tono · Oscuro, Tono · Picante/Erotico, Paranormal · Lobos/Shifters, Dinamica · Prohibido, Arquetipo · Billonario/CEO","Romance contemporáneo [REVISAR]","","","","","",""
"Claiming His Family","Rosa Mink","Paranormal, Shapeshifters, Romance, Contemporary, Paranormal Romance","","1.0","When Tawni finds an abandoned child in the woods, she’ll do anything to protect it, find where he belongs. After running away from her own pack, she’s hesitant to leave the boy with just anyone, she wants to find his family, and perhaps, find somewhere she can belong herself. As the years pass by, she doesn’t give up hope that they’ll find it.  Maximus lost everything except his title and position as territory alpha six years ago when he lost his mate, their newborn child taken from him. He’s had his people searching but with no luck, until a young woman is attacked just outside his land. Learning what she’s been through, what she’s done to protect his son makes him determined to keep her safe, for his son’s sake. He lost one mother the day he was born, Max won’t let him lose the one that he now knows.  The more Max learns about Tawni, the more he wants her as his. The more his wolf demands another mate, wants revenge against those that hurt her, sent her running. He’ll do anything to claim his family, the new one that he never anticipated wanting, needing this much. Nothing is going to stand in his way.  With strong language, no cheating, and a HEA, this short story of approximately 39,000 words is intended for an adult audience and may include subjects that are sensitive to some readers.  TW: discussions of abuse, assault, and violence throughout the story.","mobi-asin:B09P5RJ6HF,goodreads:59926098","","","Paranormal · Lobos/Shifters, Subgenero · Paranormal romance","Romance contemporáneo [REVISAR]","","","","","",""
"Forever Love","Lisa Evans","","Forever","4.0","Forever Love Nina has just come out of a bad relationship, and is in desperate need for a break. Sick of her job as an administrative assistant at the family company, she decides to go out on a limb and quit her job. Struggling to break free from her parents, she gets offered a position as an assistant to an author and figures she’ll give it a go. It can’t be that hard, can it? But she has no idea what she’s getting herself into, be careful what you wish for… Quinn, the quintessential lone wolf writer, has published two highly successful novels, but is now struggling to finish his third one. When his publisher suggests to him that he hire an assistant, he reluctantly accepts the offer, but tells her that he’s not about to adapt himself in any way shape or manner just to please anyone else. The assistant better do things according to his standards and like it or leave it. Little does he know that the assistant that is about to knock on his door will change his life forever… Set in Los Angeles, CA, Forever Love is a fast-paced, insta-love, SAFE and HEA love story, perfect for the quick reader who doesn’t want a story to drag on forever. If you love romance for a mature audience and want to escape from the real world for a moment, go ahead and start reading this story now. You know it’s about to get hot and heavy!","mobi-asin:B0881PX7JM,goodreads:55247308","","","Dinamica · Amor a primera vista, Paranormal · Lobos/Shifters, Tono · Picante/Erotico, Dinamica · Enemigos a amantes, Dinamica · Age gap, Tono · Angst/Drama emocional, Ambientacion · Navideno/Festivo, Representacion · LGBTQ+ (FF), Dinamica · Amigos a amantes, Dinamica · Hermano del mejor amigo/a, Paranormal · Fae/Feerico, Paranormal · Angeles y demonios, Ambientacion · Small town, Dinamica · Segunda oportunidad, Arquetipo · Bad boy, Publico · New adult, Tono · Trauma/Salud mental, Tono · Oscuro, Arquetipo · Billonario/CEO","Romance contemporáneo","","","","","",""
"Fun With the Wolf Pack","Carrie Kelly","","","1.0","Elisabeth is a lonely girl looking for some action, but who’s going to want a curvy girl like her?Then a gorgeous werewolf answers her call and persuades her to meet his other pack members. Elisabeth is overwhelmed. Four men! Now that sounds like a dream come true. However, when it comes down to it the girl shies away. Fearing what the four will think of her flawed figure.Elisabeth tries to flee, but the wolves aren't going to let her back out now. She’s their mate and they’ll stop at nothing to catch her and make her theirs forever.This 8,300 word story contains graphic love between a bbw and four hot werewolves.Excerpt“We’ll give you a head start,” Shaun said and hunched down to all fours. Then his bones cracked and his body twisted as white fur prickled and covered his pale skin. Hands became paws and his snout lengthened. Lifting his head, his green eyes shone, ears perked and his tail swished.Sam and Connor followed and shifted.In a matter of seconds I was surrounded by wolves. Werewolves! Like in the damn movies.Connor took a step towards me. His form so big he looked like a dire wolf. His amber eyes studied and followed my every move like I was his prey.Sam sat down and I could swear he grinned. Baring his sharp fangs. His fur was the same chestnut brown with spots of white.I blinked my eyes and shook my head. No! This can’t be real. Someone spiked that water or something. Although, I wouldn’t know why they’d do that.I looked behind me and glanced at Brandon. He was still human, but he looked as if he was fighting the change. He ran a shaky hand through his hair. “Brandon, tell them to turn back please,” I said and walked behind Connor’s desk.Connor, the wolf with the rusty red coat, growled and leaped in front of it. I yelped and stood still.Brandon shook his head. “Can’t,” he said.“Why the hell not?” I asked.“You don’t understand. It’s really hard to control the urges,” he said and gritted his teeth.“How do I know I’m not hallucinating or dreaming or something?” I asked. Hoping he could give me some logic.“Nope, we’re the real deal,” he said and held his stomach.I pouted. So much for logic.“Why aren't you changing?” I asked as I kept my eye on Connor. There’s no way I’d be able to get past three gigantic wolves.“I don’t want you to be afraid of us?” he said.I gave him a look. “Too late,” I said and screamed as the other two wolves lunged at me.","mobi-asin:B00EH4AXOI,goodreads:18997946","","","Paranormal · Lobos/Shifters","Romance contemporáneo [REVISAR]","","","","","",""
"Forever Mine","Lisa Evans","","Forever","2.0","Willow grew up with her father after her mother decided to divorce him and move across the country. Now that she’s grown, her father too has decided to move out of town, and she needs to find a job and a place to live faster than you can say Jack Robinson. Good thing, she knows her dad’s best friend Adam, who just happens to be gorgeous, is looking for a secretary…  Adam is obsessed with his best friend’s daughter Willow, and cannot wait to dig his teeth into her. He’s been trying to find a way to get close to her, and when he comes up with the brilliant idea of hiring a secretary for his building construction company, guess who he’s about to call?  Forever Mine is a fast-paced, insta-love, SAFE and HEA love story, perfect for the quick reader who doesn’t want a story to drag on forever. If you love romance for a mature audience and want to escape from the real world for a moment, go ahead and start reading this story now. You know it’s about to get steamy!  The Forever Series by author Lisa Evans consists of fast-paced, insta-love, and SAFE HEA romance stories. All stories in the series are stand alone and follow the cute love stories of two people falling in love. And what’s better than that? The Forever Series is perfect for the fast reader who loves sweet and steamy quick romances.   Want to escape from the boredom of real life for a moment? Then The Forever Series is a perfect way to get a moment’s worth of respite before you get back to your daily duties. It’s hot and fast, and made for a mature audience only.","mobi-asin:B086JB54YQ,goodreads:52870842","","","Dinamica · Amor a primera vista, Paranormal · Lobos/Shifters, Tono · Picante/Erotico, Dinamica · Enemigos a amantes, Dinamica · Age gap, Tono · Angst/Drama emocional, Ambientacion · Navideno/Festivo, Representacion · LGBTQ+ (FF), Dinamica · Amigos a amantes, Dinamica · Hermano del mejor amigo/a, Paranormal · Fae/Feerico, Paranormal · Angeles y demonios, Ambientacion · Small town, Dinamica · Segunda oportunidad, Arquetipo · Bad boy, Publico · New adult, Tono · Trauma/Salud mental, Tono · Oscuro, Arquetipo · Billonario/CEO","Romance contemporáneo","","","","","",""
"Luna Junction 1 Feasts with Wolves (W)","Sage Domini","werewolf, older man, College, bbw, alpha, curvy, New Adult, boyfriends father","","1.0","When Tatum travels to her new boyfriend’s hometown for the holidays, it doesn’t take her long to make the shocking discovery that the small community of Luna Junction is full of werewolves.   As Tatum struggles to adapt, realizes it’s actually Cade Landon, Matthew’s enigmatic father, who gets her head spinning.  And Cade, alone for so many years, is eager to mate again....","","","werewolf, older man, College, bbw, Alpha, curvy, New Adult, boyfriends father","Dinamica · Age gap, Publico · New adult, Paranormal · Lobos/Shifters, Ambientacion · Navideno/Festivo","Romance contemporáneo [REVISAR]","","","","","",""
"Gigi's Bear","Rosa Mink","Paranormal, Shapeshifters, Paranormal Romance","","1.0","For the last seven years, the only thing Gigi’s done is run. Run for her life from a maniac that killed her family. Every time she runs, he finds her, sending her up into the mountains to attempt to get away once again. Only this time is different. As she tries to make her getaway, her car crashes, and rather than fight, Gigi’s ready to give up. Shawn wanted peace and quiet, a few days away from the responsibilities of being itan. Finding a car careening all over the mountain road below stops the peaceful evening he intended, sending him out to stop the reckless driver. Even before the car crashes, his bear is riled, leading him to find the one person he’s longed to find for over a hundred years—his mate. He won’t let her die, won’t let her hurt, not ever again. When Gigi wakes, finding herself in the arms of a huge, warm, gentle man, she wants to stay. But how can she when there’s a monster chasing her? Shawn’s assurance that she’s safe, that he’ll keep her safe can’t erase all of her fears, no matter how much she wants to be with him. What happens when danger crashes through their window? Will her gentle growly giant really be able to save her? Shawn knows the answer is yes, because what she doesn’t know, is that he’s hers, and Gigi’s Bear will always protect her. With strong language, no cheating, and a HEA, this short story of approximately 15,150 words is intended for an adult audience and may include subjects that are sensitive to some readers. Don't worry, it’s short but sweet giving you insta-love, babies, and a sexy shifter who loves his woman.","goodreads:58348561,mobi-asin:B0979HF4D3","","","Dinamica · Amor a primera vista, Paranormal · Lobos/Shifters, Subgenero · Paranormal romance","Romance contemporáneo [REVISAR]","","","","","",""
"Whisper in the Dark","Charlene Perry","Romance, Paranormal, Shapeshifters, Fantasy","Shifters of Morwood","1.0","My name is Whisper. I’m an Agent.    That might not mean anything to you, but trust me, it’s a big deal. I’m the first woman who’s ever made it through the Academy. And if you think for a second that it’s because they went easy on me, think again. I challenged their testosterone-fueled system, and I sure as hell didn’t make any friends in the process.    Okay, maybe one friend; my best friend; my partner. My Shifter. Damon’s the only man I need. At least, he would be if he could shift into a human body, not just his four-legged forms. I still have use for the two-legged variety now and then, I suppose.   I’m not stopping until I reach the top. The Elites. No man telling me what to do or where to go. No one above me save for the Elders themselves. That’s where we’re headed, Damon and me.   When everything I’ve worked for is within my reach, it all starts falling apart. Damon does the impossible. He takes human form to save my life.   That should be the end of our story, but it turns out it’s just the beginning.  I was created for one purpose; to serve my Agent. I’ve never questioned my life, or my loyalty to Whisper. Condemning myself to insanity or execution in exchange for saving her life? It’s not even a choice.    But this human body… if it’s so unnatural, why does it feel like I’m myself for the first time? And Whisper… she’s mine. She’s always been mine. But now I see her in a new light, and I need her to know that this is who I really am.    I’m more than just her Shifter. I can be more than just her partner. This connection, this intensity when we touch… it can’t be wrong. We were meant for each other.  Whisper and Damon are a deadly team. Working and living together for years, they never question the bond that connects them. When her unwavering ambition puts a target on their heads, everything they thought they knew begins to shift. Following their hearts could mean losing everything they worked for, but love might be the only thing strong enough to break past selfish aspirations and open their eyes to a greater purpose.","amazon:B085TJSVDD,goodreads:57751121","","","Tono · Oscuro, Paranormal · Lobos/Shifters, Subgenero · Paranormal romance","Romance contemporáneo [REVISAR]","","","","","",""
"Fairy Daddy","Amy Bellows","Romance, Paranormal, Omegaverse, M M Romance, Shapeshifters, M M M, BDSM, Menage, Polyamory, Fantasy","Riding Home","1.0","Gray’s stage name is Trouble. He’s earned it.  When he goes onto stage in heat, it’s clear he needs a Daddy. But that’s not all he gets the night he meets an older man with fading blue hair and a leather riding jacket. This Daddy already has a boy, and that boy wants to play with Gray too. In fact, the boy might be even more wild than Gray.  The three men just want to have fun, but somewhere along the way that fun becomes more complicated. For the first time in Gray’s life, he might be okay with that. Especially when an unexpected surprise changes everything.  Fairy Daddy is the story of three men who find their happily ever after together without needing to tame their wild hearts. It’s set in the same omegaverse as the Heron Manor series, but stands alone.","amazon:B09B8TMGTQ,goodreads:58770315","","","Dinamica · Poliamor/Trio, Dinamica · Age gap, Paranormal · Lobos/Shifters, Paranormal · Fae/Feerico, Paranormal · Omegaverse, Subgenero · Paranormal romance","Romance contemporáneo [REVISAR]","","","","","",""
"Fortune's Fool","Kit Tunstall","Werewolves","Sundown Pack","2.0","Fortune's Fool Kit Tunstall ""This is the sequel to Only Love."" Jared needs a mate, and fast. Fortunately, Alyra is available. After all, she helped her brother steal Jared's betrothed, so it's only right that she act as the replacement. Alyra might have little choice in the matter but she's determined not to do something foolish like letting Jared know she's loved him for as long as she can remember. Everything becomes especially difficult when her desire for Jared so easily overrides her common sense.","isbn:9781419912399,goodreads:7757127","","","Dinamica · Matrimonio concertado, Paranormal · Lobos/Shifters","Romance contemporáneo [REVISAR]","","","","","",""
"Cafe in the Park","Elodie Parkes","Inc., Siren-BookStrand","","1.0","[Siren Erotic Contemporary Romance, shape-shifter, HEA] When Emily McKenzie joins a dating agency, she never expects to meet someone like Chris Donato. Everything she ever hoped for in a man, he's special in more ways than one, independently rich, a singer and guitar player in a rock band, and he's totally gorgeous. Their intense attraction to each other, is fuelled by their shared loneliness, and they soon fall into a highly sensual relationship. Emily's previously lonely life is suddenly filled with delicious sexual encounters, and love is on the horizon. Chris sets out to capture Emily's love. He asks her to his gigs and brings her back to his huge house in the hills. Things are looking good, when someone from his past comes back to haunt him. Will Emily find out his shocking secret? How can love blossom when someone is trying to tear them apart? ** A Siren Erotic Romance","amazon:B00O7ZUWVG,goodreads:23152546,isbn:9781632582973","","Siren-BookStrand, Inc.","Tono · Picante/Erotico, Paranormal · Lobos/Shifters","Romance contemporáneo [REVISAR]","","","","","",""
"Arctic Spirit","Elena Kincaid","Menage","Arctic Ice","1.0","Charlotte Austen has been in love with her two best friends, Chris and Drew Malcom, since high school, but choosing between them was never an option. The day she said goodbye to them was a painful one, especially since she thought she would never see them again. Ten years and one visit later changes everything.  Alaskan tiger shifters, Chris and Drew, have never gotten over Charlotte. The fact that they were both in love with her was never the problem … being destined for a mate, however, was. They reach out to her, hoping to find a way to resume their friendship. The three of them get an unsuspected surprise when they see each other again.  The trio’s happy discovery does not come without a price. Jealousy and prejudice threaten to destroy the budding romance. Will Chris and Drew be able to stop the threat before they lose the love of their lives forever?  # MFM #MENAGE #DP #HEA","google:vOeKzwEACAAJ,isbn:9781773395708,goodreads:38464326","","","Dinamica · Poliamor/Trio, Paranormal · Lobos/Shifters","Romance contemporáneo [REVISAR]","","","","","",""
"Too Much to Bear","Jackie Sexton","Paranormal, Menage, Shapeshifters, Erotica, Novella, Romance, Paranormal Romance","Pale Gardens Ménage","1.0","Curvy Madison Bates just wants to get away from her life in Pickford, which includes a cheating boyfriend and a crappy job at a notorious trucker stop. After the passing of her grandfather, she inherits a cabin up in a tiny town called Titusville. Nestled away in the mountains of Montana, she's determined to spend some much needed time on herself and banish men no matter how good the pick-up line. She's been down that road before.  That's when the town's sheriff, resident hottie Caleb Fowler, comes in to ruin her resolve. A blast from her past, he's just as impetuous and demanding as she remembered him to be...and she can't resist. Things turn out to be even more complicated when her old childhood crush, Will Hunterson, seems just as determined to win her heart. Can she choose between the long-time best friends? Will she even have to?  **Too Much to Bear is an erotic, shifter novelette of 18,000 words that contains a very steamy ménage scene! For adults 18+ ONLY.** By the time they got back to Madison’s house she was slightly tipsy, working hard to keep at least a semblance of distance between them.   “I had a good time with you tonight,” Caleb said with a small smile, leaning against her doorframe and watching her as she fiddled through her purse for her keys.   “Yeah, it wasn’t as bad as I thought,” Madison mumbled, blushing as she fought the smile that was spreading on her lips.   Dammit Maddie, you’re losing control!   “As bad as you thought?” Caleb said with a small half chuckle. “What do you mean?”   Madison had the key in her grip but fumbled to fit it in the keyhole; all the while she avoided his gaze, which felt hot on the back of her neck.   “Well...listen,” she said, finally giving up on the door to meet his gaze. Though his liquid honey eyes melted her soul, she knew she needed to level with him. As much as she wanted to dismiss him as a womanizing pretty boy, he had shown her a nice evening and she knew he deserved her honesty for that.   “I’m just...not to be presumptuous or anything but…I came here to get away from everything that was bringing me down in Pickford. That includes men and relationships. I just can’t have that right now.”   “Jeez, I’m not asking you to marry me. I just took you out to a dumpy place for drinks,” Caleb smiled, unperturbed by Madison’s directness. His reaction made her feel even more embarrassed. She quickly averted her gaze back to the keyhole, successfully slamming the key into it and opening the door.   “I’m sorry...forget I said anything. I—”   Caleb caught her hand on the doorknob, leaning in close to her so that when she turned to look at him his face was only inches away.   “Besides, you don’t have a choice in the matter,” he said in a low, gravelly voice. “I chose you.”   Then he stole her breath away, pressing his lips tenderly to hers, an erotic power in the gentle movement of his mouth against her own. He reached a hand around her neck, looping his masculine fingers through her hair and kissed harder, searching her mouth with his strong, eager tongue.","goodreads:21945944,amazon:B00JATDBCG,isbn:9781311296177","","","Dinamica · Poliamor/Trio, Tono · Picante/Erotico, Paranormal · Lobos/Shifters, Subgenero · Paranormal romance","Romance contemporáneo [REVISAR]","","","","","",""
"Dash","Marie Fraser","Fiction, Romance, General","Rayne Deare Dating Agency","1.0","As one of the two reindeer closest to Mr. Claus when Christmas Eve comes, Dasher is charged with keeping the other eight reindeer calm until takeoff. Serene by nature, he's just as cool and collected in his everyday life as he is during the holiday season, except for a few, very obvious changes. During the holidays he tends to prance around in his four-legged, hairy self. During the other eleven months of the year, however, he struts his stuff as a 5'11"" brown eyed babe. Tall, dark and handsome; Dasher Holland-who goes by Dash to his friends and family-isn't looking for love when it comes to find him. Ashley Bogart is a sales clerk at a local retail outlet. Her love life is non-existent and she doesn't want to say she's desperate, but she's so darn close it's not even funny. Doing a random search of dating sites late one night, she comes across an unusual one that advertises itself as Mrs. C's Rayne Deer Dating Agency. Curious, even if just for a laugh, she clicks on the site and is more than taken aback at the incredibly hot guys that grace the front page. One in particular is right up her alley and before she can talk herself out of it, she's clicking on a picture that says ""Dasher"" under it. Can Dasher convince Ashley that dating a shifter is worth the risk? Will Ashley be able to see past Dasher's job description and peculiar December issues to see the man he is inside? Only time will tell when Dasher takes the reins.
","amazon:B0744JJSXZ,isbn:9781549730481,google:w5H_swEACAAJ","","","Paranormal · Lobos/Shifters, Ambientacion · Navideno/Festivo","Romance contemporáneo [REVISAR]","","","","","",""
"Wolf Heat","Dina Harrison","","","1.0","When Shauna was having a hard time with her life, she decided to go see a man who was an expert in hypnosis and holistic medicine. What happens when they met? Did she fall for him? Was he able to help her?","goodreads:25586472,amazon:B013VZGF86","","","Paranormal · Lobos/Shifters","Romance contemporáneo [REVISAR]","","","","","",""
"Bearly Festive","Abbie Zanders","English.Romance.Paranormal Romance","Beary Christmas","3.0","Allison Timms doesn't have a place to call home, not really. Since running away from foster care at a young age, she's been moving from place to place, job to job, atoning for the misdeeds of her youth. Her hope is that one day, she'll land her dream job and finally be able to stop running.  This Christmas, she's determined to make her wish come true - if she can make it up to the swanky lodge and convince the wealthy resort owner he needs her mad skills. She failed to factor in the Christmas Eve snowstorm making the mountainous route so treacherous - or the possibility that she might go careening over the edge.  Ben Blackwell enjoys a simple life. He lives on the land that's been in his family for generations, grows the finest Christmas trees this side of the Rockies, and is a master craftsman by trade. He wants what every bear shifter wants - to pad along peacefully in the forested mountains he calls home and, fate willing, have a mate to share it with.  But life is rarely simple. Someone is trying to get their hands on his family land, and the right woman is proving elusive - until she crashes into his backyard. Literally.  Could Allie be the one he's been waiting for? Or is she working with his rival to destroy everything?","goodreads:63250571,grvotes:226,amazon:B0BJYZ6JF6","","","Paranormal · Lobos/Shifters, Ambientacion · Navideno/Festivo, Subgenero · Paranormal romance","Romance contemporáneo [REVISAR]","","","","","",""
"Amber Oath","Sarah Urquhart","English.Romance.Paranormal Romance, _Biblioteca.Romance.Contemporaneo","Shifters of Alder Ridge","4.0","Her world crashed to halt, now she has to take flight.
Holly is free after two years imprisoned in a fighting ring, but her soul is extinguished. More animal than woman, she's unable to face her former life. Holly flees from her future, family, love. But when she's left grasping for life, Fate throws at her the one person guaranteed to force her to face her own strength.
He doesn't let anyone make his decisions.
Anthony stands his ground, even against his father's wishes when he pursued his career. He sees a lot of sick and injured wildlife in his job. Stubborn, Anthony decides to care for an injured owl rather than take her to the rehabilitation centre. But when his owl goes missing, Anthony grapples with the truth of what Holly is and what Fate has decided for him.
Danger takes away their control and pushes them both down a path of uncertainty. But it's their trust in each other that...
","ff:u/sarah-urquhart/amber-oath,isbn:9781777301149","","","Paranormal · Lobos/Shifters, Subgenero · Paranormal romance","Romance contemporáneo [REVISAR]","","","","","",""
"Fox Hunt","Ellis Leigh","English.Romance.Contemporary Romance, _Biblioteca.Romance.Contemporaneo","The Stallions of the Hidden E Ranch","1.0","*Snow white and the seven dwarfs have nothing on Waverley and her Stallions* ~Terry  **If two is better than one and three is better than two, then seven must be better than just about anything.** I was on the run from my past when I met Liam - the man I thought was my one true mate. But when he took me home to his ranch, I found out he wasn't alone. Seven stallion shifters own the Hidden E Ranch, each ready to make me theirs, with Liam leading the charge.  Horse shifters mate as a herd, something we fox shifters know nothing about. But I'm ready to learn, and my seven stallion mates seem more than happy to teach me.  * * * *The depth of the characters, the love and friendship they all share, and the way Waverly becomes the center of their world make this a book you will not want to put down until the very end.* ~Sydney Neblett  FOX HUNT is a standalone paranormal romance featuring a heard of horse shifters, their fox shifter mate, and more swoony moments than anyone can be prepared for.","goodreads:42358247,isbn:9781944336639,amazon:B07JG22413,ff:l/ellis-leigh/fox-hunt,google:W6JtDwAAQBAJ,fictiondb:fox-hunt~ellis-leigh~2383219","","","Arquetipo · Vaquero/Western, Paranormal · Lobos/Shifters, Subgenero · Paranormal romance","Romance contemporáneo [REVISAR]","","","","","",""
"The Darkest Chase","Nicole Snow","Romance, Romantic Suspense, Small Town Romance, Dark Romance, Contemporary Romance, Contemporary, Suspense, Mystery, Fairy Tale Retellings","Dark Hearts of Redhaven","3.0","**Two complete opposites fall into a heart-ripping fairy tale in this scorching hot small-town grumpy sunshine romance.** Life is just full of crazy surprises with teeth.   One day you're the forever single wallflower keeping up the boring family furniture shop.   The next, you're getting mouth-to-mouth from a scary hot stranger who wants to make your life a thriller novel.   Yes, my disaster has a name.  Micah Ainsley.   Everything I'm not. Nothing remotely good for me.   He's all wolf—moody, savage, and ferociously protective.   I'm a human puppy.   He thrives on secrets.   Everybody knows what I had for breakfast.   He's experienced. *So experienced.*   I've never even been kissed.  But when he needs my help to take down a rich creep who just happens to be my new client, I'm game.   I'm ready to live a little.   I'm eager to prove I'm more than a hot mess with a cross-eyed crush on a coldhearted man who's too old for me.  Then another surprise bites me in the face.   The night Micah claims me.   The moment our wrong becomes reality and there's no going back.   The darkest chase is on and it only ends one way—sweet dreams or total devastation.  *All the small-town sugar, spice, and angsty goodness in one epic slow-burn romance. Remember to breathe as you watch Redhaven's coldest man thaw for the little spark he'll fight like mad to keep.*","goodreads:216633604,mobi-asin:B0D9PP3NK7","","","Dinamica · Segunda oportunidad, Dinamica · Amigos a amantes, Dinamica · Grumpy/Sunshine, Dinamica · Hermano del mejor amigo/a, Dinamica · Padre/Madre soltero/a, Dinamica · Obsesion/Stalker, Tono · Oscuro, Tono · Picante/Erotico, Ambientacion · Small town, Subgenero · Romantic suspense, Tono · Angst/Drama emocional, Paranormal · Lobos/Shifters, Subgenero · Retelling de cuento","Romance contemporáneo [REVISAR]","","","","","",""
"Harlequin Blaze February 2017 Box Set: The Mighty Quinns: Jamie / Mr. Dangerously Sexy / Her Sexy Texas Cowboy / in Her Best Friend's Bed","Kate Hoffmann & Stefanie London & Ali Olson & J. Margot Critch","Harlequin Blaze","","1.0","Harlequin Blaze brings you a collection of four new red-hot reads, available now! This box set  **THE MIGHTY JAMIE   *The Mighty Quinns*   by Kate Hoffmann**   Regan Macintosh is positive the stranger staying with her grandmother is a wolf in sheep's clothing. But when she comes face-to-face with the sexy Jamie Quinn, it's Regan who's in danger of being consumed--by desire.  **MR. DANGEROUSLY SEXY   *The Dangerous Bachelors Club*    by Stefanie London**   When a stalker threatens his business partner and longtime temptation, Addison Cobalt, Logan Dane makes the case personal. But staying close to the irresistible Addison may be even more dangerous than Logan realizes...  **HER SEXY TEXAS COWBOY   *Wild Wedding Nights*   by Ali Olson** The attraction--and the hot sex--between maid of honor Renee Gainey and best man Jeremiah Richards is off the charts. But when the wedding is over, Renee isn't sure she can say goodbye to her Texas cowboy...  **IN HER BEST FRIEND'S BED   *Friends With Benefits*   by J. Margot Critch**   When Abby Shaw and Trevor Jones met, the desire between them was left simmering because of their friendship. But when they finally cross that line, can they go back to just being friends?  Join HarlequinMyRewards.com to earn FREE books and more. Earn points for all your Harlequin purchases from wherever you shop.","goodreads:33134586,isbn:9781488014710","","","Dinamica · Obsesion/Stalker, Arquetipo · Vaquero/Western, Paranormal · Lobos/Shifters","Romance contemporáneo [REVISAR]","","","","","",""
"Glass Omega","Calliope Stewart","Romance, Omegaverse, Why Choose, M M Romance, mafia romance, M M F, Spicy, Menage, Polyamory, Contemporary","The Mafia Darlings Omegaverse","1.0","The first time I see Edison Keane and Rhodes McCreary I’m eighteen and battling leukemia in the hospital. They’d oozed danger and seemed to live a life so different from the anesthetic prison where I lived my life.  No one expected me to survive my sickness, but four years later I’m alive and about to be married off to a pack of alphas that I want nothing to do with and the memory of the two alphas is still fresh in my mind.  Then they burst into the church, guns drawn. It turns out my betrothed pack owes them a debt and they are here to collect me.  Never would I have thought that being kidnapped could be so freeing. The more time I spend with these men, the more I want to live in the gilded bird cage they’ve created for me. Unfortunately, my old life isn’t quite ready to let go of me yet and it threatens to ruin everything.  People often say I’m made of glass, but if it's Edison and Rhodes? Then maybe I don’t mind being broken.  Glass Omega is a MMF age gap omegaverse featuring a 22-year-old sheltered omega. Please check all content warnings.**** EXPECTED SOMETIME IN 2024*** *","mobi-asin:B0CT4LGHT1,goodreads:205840301","","","Dinamica · Harem inverso/Why choose, Dinamica · Poliamor/Trio, Dinamica · Matrimonio concertado, Dinamica · Age gap, Tono · Picante/Erotico, Arquetipo · Mafia, Paranormal · Lobos/Shifters, Paranormal · Omegaverse, Tono · Cautiverio/Trata","Romance contemporáneo [REVISAR]","","","","","",""
"The Chief of Rally Tree","Jennifer Boyden","","","1.0","<p> Dina's gone. She left a note, she left her plants, and she left what her husband, Roal, thought was her entire world. Nothing remained but some frozen dinners and the mysterious last line of her final message: I do love you ever Dina. </p> <p> Professor Roal Bowman, best known in the sleepy college town of Braddock as a fake Zen master who used to pretend to be Native American and never lived up to his potential, by no means saw it coming. How could he have guessed that his wife would run away to help the famous Winter Patent, a man who had literally lived with wolves, on a grand project to embrace the consciousness of trees? He thought Dina had been happy. But the more Roal digs, the more he realizes that he never truly knew or understood his wife, that he never really listened, and that now that Dina has disappeared, he must become something more&#8212;something real&#8212;if he hopes to get her back. And he'll have to do it quickly: he's not the only one who wants to find...","isbn:9781510732704","","","Paranormal · Lobos/Shifters","Romance contemporáneo [REVISAR]","","","","","",""
"Satisfaction","Lulu M. Sylvian","","Legatum","7.0","Les Hernandez has that whole bad boy chef vibe, rocks a kilt, and makes the most orgasmic cheesecake in Napa Valley. But when it comes to having his life together, knowing where he fits into his two families is tearing him apart. His mother’s family gave him his gifts for cooking, and his father’s family, the Palatines, where he inherited other… special skills. His alpha is pushing him to take a DNA test to identify his father. And the new owner of the hotel where he works, she’s something all together more dangerous, wants him nosing around her staff to find out who is causing problems.  And then there’s She’s cute and sassy, and has this way of eating his desserts that leaves him needing a moment or three in the walk-in freezer. She’s the only one who makes sense in all of this mess. And if he can accept what she is to him, the rest of it might all fall into place.","grvotes:12,goodreads:210168154,mobi-asin:B0CW18DV9S,amazon:B0CW18DV9S","","","Arquetipo · Bad boy, Ambientacion · Highlander/Escoces, Arquetipo · Deportistas, Paranormal · Lobos/Shifters, Paranormal · Angeles y demonios, Ambientacion · Small town","Romance contemporáneo [REVISAR]","","","","","",""
"Winning the Surgeon's Heart","Annie Claydon","","","1.0","<strong>The ultimate prize?</strong><Br>Capturing the guarded bachelor's heart...<Br>Entering the ""Hospital Challenge,"" the last person single mom paramedic Hannah Greene wants to be partnered with is Matt Lawson! She'd planned on winning the competition, not getting distracted by a sexy surgeon! But forced to put her trust in lone-wolf Matt, Hannah uncovers the compassion behind his charisma and can't help inviting him into her world. They make the perfect team. Could they also be the perfect family?<Br>""As for the dialogue, it was emotionally-animating, utterly engaging and a story that I loved.... Overall, Ms. Claydon has delivered a fantastic read in this book where...the romance was nicely-detailed and had me loving these two together....""<br>&#8212;Harlequin Junkie on Second Chance with the Single Mom<Br>""This really is a beautifully written story, a story that flows with love and happiness.... Ms. Claydon has added more to this community with her characters...this is a...","","","","Dinamica · Segunda oportunidad, Dinamica · Padre/Madre soltero/a, Paranormal · Lobos/Shifters","Romance contemporáneo [REVISAR]","","","","","",""
"When Sinners Rise","Charlotte E. Hart & Rachel De Lune","_Topics.Dark","House of Skin","5.0","Shaw Cortez was a wolf in sheep's clothing.  Charming. Beautiful. Brutal.  He made me feel things I'd forgotten, and then he took what little trust I had and scarred it further.  I’m not the same girl now, though.  I’m no one's property.  This time, I The House Of Skin Series deals with themes some may be uncomfortable with. These are bad men who make no apologies for their particular trade.","grvotes:40,goodreads:209569203,mobi-asin:B0CWRCR473,amazon:B0CWRCR473","","","Paranormal · Lobos/Shifters","Romance contemporáneo [REVISAR]","","","","","",""
"Daddy Danger","Sadie Savage","_Biblioteca.Romance.Contemporaneo","","1.0","Could you ever fall in love with an addict? How do you know he wouldn’t betray you?  **Arrow**    I F*cked up big time. I betrayed my friends. I betrayed my family. I betrayed my MC and lost my position as VP. I even traded in my beloved motorcycle for some damn smack. But now that I’m clean the Pythons MC is giving me another chance, it’s my duty to take down Hawk. The bastard that got me hooked. And I’ll do it by getting in his good graces. Only problem—his younger niece is even more addictive than heroin.  **Ari**    I try to stay away from my uncle’s friends, especially when they’re twice my age. But there is something about Arrow, the way he wants to protect me. When I’m in his arms I feel safe. Could something that feels so right really be dangerous?  **Daddy Danger: Pythons MC is a standalone, steamy older man younger woman romance with guaranteed HEA, and no cliffhanger! It’s also the third book in the Pythons MC series. Novella length story. Contains bonus shifter and biker romance stories.**","mobi-asin:B075F66LK3,goodreads:36193315","","","Dinamica · Age gap, Tono · Picante/Erotico, Arquetipo · Moteros/MC, Paranormal · Lobos/Shifters","Romance contemporáneo [REVISAR]","","","","","",""
"The Minotaur's Kiss_BWWM Paranormal","Erin St. Charles","","Gods and Concubines","1.0","A chance encounter brings them together. An impulsive kiss seals their fate. 
The dedicated social worker  
Dumped by her boyfriend and passed over for a promotion, Diana Miller is sick of always being a good girl--and always finishing last. When she meets an attractive stranger at a work event, she sheds her good-girl persona, and sets out to seduce him. 
The jaded enforcer  
Like most Minotaurs, Mac Bodie keeps to himself and never lets anyone get too close. He adheres to a strict relationship code: hit it and quit it. Mac can't believe his luck when Diana throws herself at him, offering a night of no-strings, tangled sheets fun. What could go wrong? 
Their night of passion leaves Diana sated and ready to focus on her career. But Mac finds it harder to let go. Diana hasn't just rocked his world--she has triggered something unexpected in him. Something that makes him question his lifelong aversion to that fated mate mumbo-jumbo. 
When Diana gets a chance to prove herself at work, she thinks it's the perfect opportunity to re-launch her lackluster career. Except her new protector is also her super-clingy Mr. One-Night-Stand! 
Her neat-and-tidy life just got a whole lot more complicated. What started as a night of sexy abandon has become so much more… 
This BWWM story features a spunky heroine, a sexy, brooding alpha male shifter, and a cast of wacky side characters. This book contains vivid descriptions of intimate situations. Not suitable for readers under 18. 
This is a full-length story of 77,000 words with a guaranteed HEA! **
### Review
This book is an excellent illustration of futuristic, paranormal pregnancy romance perfection. In the book, we meet Diana, a human social worker, and Mac, a shifter security officer. The two meet, conceive a child by accident, and then find out they've been placed together to work a case. Try as they might to keep their relationship professional, Mac soon realizes that Diana is his mate and that she's pregnant. I love that the father in this book finds out about the pregnancy before the mother in a totally paranormal-specific way. I can't wait to see where this series takes us. **Erin McCoy, Bookriot**
* * *
Reading Erin St. Charles' Minotaur's Kiss sent me into a beautiful realm of shifters, soulmates, and a love that once shared, cannot be broken. I look forward to reading more of her amazing books. **V. Vee, Author of Bad Boy Princes of Malvidence series**
### About the Author
Erin grew up watching Star Trek and reading Barbara Cartland novels (don't hate), wishing she could create something that brings her love of science fiction together with her love of romance. Still a romantic nerd at heart, she writes sensual, diverse stories that blend fantasy, adventure, and love.
","goodreads:40204689,isbn:9781732395909,amazon:B07D8T6DSS","","Romance, Fantasy","Arquetipo · Alpha male, Tono · Picante/Erotico, Arquetipo · Bad boy, Paranormal · Lobos/Shifters, Paranormal · Fated mates, Arquetipo · Nerd/Geek","Romance contemporáneo [REVISAR]","","","","","",""
"Breaking the Ice","Calliope Stewart","Romance, Contemporary, Omegaverse, Sports, Why Choose, M M Romance, Hockey, Sports Romance, Contemporary Romance, M M F","The Seattle Omegas","2.0","Aurelia Peterson has always been the rock of her family. Daughter, cousin, sister, mom. She used to be a wife too, but that ended violently, leaving Aurelia with mobility issues and trauma that haunts her dreams. All Aurelia wants is to raise her son, Tobey. She is not looking for love, especially when she made the wrong choice the first time around. Unfortunately, Pack Stone didn’t get that memo. Physical therapy sessions aren’t nearly as grueling now that Pack Stone has barreled into her life and Aurelia starts to wonder if all those romances that she’s read aren’t so impossible for her after all. Colt, Christa, Hideo, and Wilder are living a life that others could only dream of. After the success of his private security business, Colt wants to dedicate his time to supporting athletes on their way to greatness—as long as it doesn’t get in the way of raising his son. It’s not long before Colt’s packmate, Wilder, starts to grow closer to the pretty omega with sad eyes during her physical therapy appointments. Pack Stone has always been too busy for an omega, especially one so resistant to romance. As they become more entangled with Aurelia and her sweet little boy, Pack Stone must face monsters from Aurelia’s past for any hope of a future together. Breaking the Ice is a MMFFM why choose romance featuring MM, FF, and MF situations. This story is not suitable for readers under the age of 18. Please check the full list of triggers before reading. This is the 2nd story in The Seattle Omegas universe and will feature speed skating and the administrative aspects that take place behind the scenes. While this is technically a stand-alone, you may want to read On Thin Ice to understand some other character mentions and plot points.","goodreads:107526279","","","Dinamica · Harem inverso/Why choose, Arquetipo · Deportistas, Paranormal · Lobos/Shifters, Paranormal · Omegaverse, Tono · Trauma/Salud mental","Romance contemporáneo [REVISAR]","","","","","",""
"Curved Lines","Allie Cooke & Jodi Redford & Lexxie Couper & Dee Carney & Dee Tenorio & Dawn Montgomery & Kathryn Lively & Quinn & Tilly Greene & Merryn Dexter","","","1.0","Tattooed Bad Boys and the Curvy Women They Love   
Get k(ink)y with ten sizzling hot book boyfriends! These sexy, curve-loving, tattooed bad boys will steal your hearts and more in this all-new novella collection brought to you by USA Today and bestselling authors.   
Acquired Taste – Dee Carney   
When celebrity chef August Jaeger mixes it up with a curvy food blogger, they both realize what they want isn’t on any menu.   
Dirty Deeds – Allie Cooke   
Four days, a million dollars, the performance of a lifetime…but what happens when they stop faking it? Dirty Deeds ain't always dirt cheap.   
Scorched Desire -- Lexxie Couper   
When a Harley-riding hunk literally sweeps her off her feet, Jilly Parker finds herself transported to a world of dragon shifters,   
carnal lust, and fated love.   
Pretty In Ink – Merryn Dexter   
Sexy, sweet Aubrey Jensen is everything a semi-reformed bad boy could want – but sometimes getting what you want doesn’t give you what you need.   
Hot Tamale – Tilly Greene   
Derek Schrizer is a retired Marine looking to get a new tattoo, not reconnect with his first love, the curvy sexy Cat.   
Waking Up – Kathryn Lively   
A chance encounter forces a plus-sized woman with dormant dreams to wake up and find her own Happily Ever After.   
Marked By Ice – Dawn Montgomery   
His only job is to protect her at all costs, but who will protect the big bad wolf’s heart once he gets a taste of her sweet lips?   
Like a Boss – Quinn   
Proving she’s more than a smart mouth and sexy curves would be a hell of a lot easier if she wasn’t so distracted by her sexy new boss.   
Kinky Curves – Jodi Redford   
The queen of dirty talk. The king of grind. Love is about to get real filthy.   
Another Man’s Treasure – Dee Tenorio   
A widowed actor and single dad pulls out all the stops to show a single mom just how well a woman can be treasured.
","goodreads:30630540,mobi-asin:B01H4F31YU,amazon:B01H4F31YU","","","Dinamica · Padre/Madre soltero/a, Arquetipo · Bad boy, Paranormal · Lobos/Shifters, Paranormal · Dragones, Paranormal · Fated mates","Romance contemporáneo [REVISAR]","","","","","",""
"Too Many Alphas","Julia Talbot","English.Romance.Contemporary Romance, _Biblioteca.Romance.Contemporaneo","Alpha Tales","3.0","When Jonas comes to small town mountain Colorado chasing his client’s pregnant sister, the last thing he expects to find is yet another pack of werewolves and another Alpha. He realizes his client, Gideon, isn’t going to be happy with the situation, since he runs his own pack down in Texas, but then, Gideon never seems happy about anything.  Gideon thinks Jonas may be the least attentive PI ever, but that’s werefoxes for you, right? Still, the guy does his job and finds Gideon’s sister, so he heads to Colorado to bring her home. Things never work out like he plans, and god knows there are too many Alphas about, but the one thing Gideon finds up in the mountains is that there’s a fox he can’t seem to keep his hands off of, and that family of choice can be just as important as the one you're born into.","fictiondb:too-many-alphas~julia-talbot~2496900,amazon:B07TD6B5KF,ff:t/julia-talbot/too-many-alphas,isbn:9781942831860,goodreads:52197934","","","Paranormal · Lobos/Shifters, Ambientacion · Small town","Romance contemporáneo [REVISAR]","","","","","",""
"Pequeños pasos","Louis Sachar","novela, Juvenil","Gran angular","262.0","Sobaco —o Theodore, que es su verdadero nombre— ha salido hace poco del Campamento Lago Verde, un campamento para chicos malos donde se ha pasado una buena temporada cavando hoyos. Ahora tiene como prioridad terminar el instituto, evitar situaciones violentas y deshacerse de su mote. Lo que él no tenía pensado era que se podía enamorar de una cantante adolescente, o que la policía le pudiera investigar por un turbio asunto de reventa.","revision:1.0,epl:49097","","Novela, Juvenil","Paranormal · Lobos/Shifters, Publico · Young adult/Juvenil, Tono · Humor","Romance contemporáneo [REVISAR]","","","","","",""
"Vida sentimental de Bugs Bunny","Ángela Vallvey","novela, Juvenil","Gran angular","159.0","Arturo tiene casi, dieciséis años y un aburrido verano por delante. Le falta vello y le sobran espinillas y aprensiones. Tiene una familia que se burla alegremente de su «edad del pavo» y duerme con un abuelo que le atormenta con sus ronquidos. El mundo le parece un enorme cuaderno de ejercicios sin resolver. Y lo que más le preocupa es que tiene la misma vida sentimental que Bugs Bunny, es decir, ninguna. Sus amigos, César y Pitagorín, no lo tienen mucho más claro… Hasta que se produce la gran conmoción: se enamora de Lola, una guapa presentadora de televisión que ha alquilado el chalé contiguo. Se dedica de manera furibunda a la poesía (con desastrosos resultados al principio) como una forma de expresar sus sentimientos. Pero sus expectativas amorosas se desvanecen cuando llega su tío Jaime, un aventurero al estilo Indiana Jones, por el que inmediatamente se siente atraída su famosa vecinita.","revision:1.0,epl:54728","","Novela, Juvenil","Paranormal · Lobos/Shifters, Publico · Young adult/Juvenil, Tono · Humor","Romance contemporáneo [REVISAR]","","","","","",""
"Autobiografía de un cobarde","Alfredo Gómez Cerdá","","Gran angular","1.0","¿Hasta dónde estás dispuesto a llegar por tus amigos? ¿Harías cualquier cosa que te pidieran? ¿Estás seguro? Edu pensaba que sí. Por eso, ahora está en un callejón oscuro, con un bastón en la mano, esperando a que lleguen esos chavales peruanos a los que, junto a sus amigos, debe dar una paliza.","epl:54802,revision:1.0","","Novela, Juvenil, Realista","Paranormal · Lobos/Shifters, Publico · Young adult/Juvenil, Tono · Humor","Romance contemporáneo [REVISAR]","","","","","",""
"Cloak of Red","Isabel Jolie","Themes.Explicit Sex, Suspense, English.Romance.Mafia Romance, Contemporary, forbidden romance, _Biblioteca.Romance.Contemporaneo, Romantic Suspense, Romance","Arrow Tactical Security","3.0","In the past, he was paid to protect me. Now, he’s being paid to marry me. My first operation in the field, the marriage is a cover. Damian Fisher is a CIA legend with a shaggy beard, chocolate curls, and deep blue eyes. As a teen, my girlfriends swooned in his presence. I never expected to work with him as an equal. I’d bet he never expected it either. But, my overprotective father is a powerful man and I wouldn’t put it past him to pull a stunt like this to protect his baby girl. Requesting my old bodyguard and his close friend to work by my side is right down Daddy Dearest’s alley. But I no longer need protection. I worked hard to overcome the effects of the abduction. Someone played me like a pawn on a chessboard, and I’m dedicating my career to unveiling the players calling the shots. Only lines blur when our relationship becomes all too real. Secrets from my past unfurl. Chaos erupts. In the end, it’s not just our mission on the line. It’s also our hearts and lives. What am I willing to sacrifice to unravel the past and stay true to my mission? Cloak of Red is a billionaire, forbidden romantic suspense, age gap, fake marriage romance between two CIA undercover officers. She's a billionaire heiress, and as a teen and college student, he was her bodyguard. The third standalone romance in the Arrow Tactical Series, Cloak of Red is part of the Wolf trilogy, a modern-day take on Little Red Riding Hood, where her past intertwines with her present in a dangerous game of make-believe with the one man she can’t resist.   The first two in the trilogy do not need to be read in order to enjoy Cloak of Red.   The stories are designed so that they can be read without reading prior books and as standalones (no cliffhangers!), but to avoid spoilers, it's recommended the trilogy be read in order. Book 1 - Better to See You Book 2 - Sure of One Book 3 - Cloak of Red","goodreads:123161697,mobi-asin:B0BTXXSMCS,isbn:9781953942906","","","Dinamica · Hermano del mejor amigo/a, Tono · Picante/Erotico, Arquetipo · Militar/SEAL, Dinamica · Prohibido, Arquetipo · Billonario/CEO, Paranormal · Lobos/Shifters, Subgenero · Espionaje/Espias, Subgenero · Romantic suspense, Dinamica · Matrimonio por conveniencia, Dinamica · Protector, Dinamica · Age gap, Arquetipo · Mafia, Arquetipo · Guardaespaldas, Tono · Cautiverio/Trata","Romance contemporáneo [REVISAR]","","","","","",""
"Minerva the Liar","Page Turner","_Biblioteca.Fantasia.Contemporanea","","1.0","Truthshapers. Dream invasions. Artisanal blackmail.
Minerva Cantor is having a miserable day. Her live-in boyfriend is a man child. The guys at work keep stealing her ideas.
But when she wakes up at the hospital after a serious accident, she's different. If she crosses her fingers, she can make lies become the truth. She can make things happen. Anything she wants.
Except there's always a cost for bending the truth. Minerva's lies lead her to more boyfriends than she can fit in her apartment, a secret matriarchal society of psychic bureaucrats, a resentful homunculus, and a shapeshifter with nothing to lose.
The third book in the Psychic State series takes place twenty years prior and tells the story of how the Psychic State came to be.
","isbn:9781947296114","","","Paranormal · Lobos/Shifters, Subgenero · Superpoderes","Romance contemporáneo [REVISAR]","","","","","",""
"Sure of One","Isabel Jolie","Themes.Explicit Sex, Suspense, Contemporary, Contemporary Romance, Military Fiction, Fiction, _Biblioteca.Romance.Contemporaneo, Erotica, Romantic Suspense, Romance","Arrow Tactical Security","2.0","What would you do for one hundred million dollars?  Jack Sullivan is a man of few words. His cold emotionless countenance shields any glimpse of the human being within.  If he didn’t hire me to help his daughter, I’d suspect the man sold his soul for success.  I agree to his unorthodox plan to move into his home as a favor to a mutual friend, and because Mr. Sullivan pays well.  He’s a billionaire with an ego to match. He flat-out told me everyone has a price.  What is mine?  What’s Your Price?  It’s a question I’ve asked any number of times as both CEO of a weapons manufacturer and working for the CIA.  Every person has a price.  My daughter was abducted. I would have given every dollar in my name to get her back. For my daughter, I’ll do anything. No price is too high.  Now she’s back, safe at home. I won’t rest until we’ve caught all the responsible bastards and my daughter is back to her happy, normal self.  When I hire Ava Amara to help her recover, I find myself drawn to the therapist. But she is one indulgence I can’t allow myself.  Or can I?  Sure of One is a billionaire, forbidden romantic suspense featuring an illicit contract between a former military billionaire alpha silver fox and his daughter’s therapist. Sure of One is the second standalone romance in the Arrow Tactical Series and is part of the Wolf trilogy, a modern-day take on Little Red Riding Hood.  The stories are designed so that they can be read without reading prior books, but to ensure the absence of spoilers, it is recommended the trilogy be read in order.  Book 1 - Better to See You   Book 2 - Sure of One   Book 3 - Cloak of Red","goodreads:123848994,isbn:9781953942517,mobi-asin:B0BRVXWW72","","","Dinamica · Hermano del mejor amigo/a, Tono · Picante/Erotico, Arquetipo · Militar/SEAL, Dinamica · Prohibido, Arquetipo · Billonario/CEO, Paranormal · Lobos/Shifters, Subgenero · Espionaje/Espias, Subgenero · Romantic suspense, Dinamica · Matrimonio por conveniencia, Dinamica · Protector, Dinamica · Age gap, Arquetipo · Mafia, Arquetipo · Guardaespaldas, Tono · Cautiverio/Trata","Romance contemporáneo [REVISAR]","","","","","",""
"Never After","Marie Brennan","","","1.0","<p>Forget perfect princesses, handsome princes, and ""happily ever after."" In this collection of thirteen flash-length fairy tale retellings, award-winning author Marie Brennan introduces you to a world of manipulative mirrors, treacherous pigs, and candy houses that will eat you right up. Each one is a subversive little gem, guaranteed to shock the Brothers Grimm.<p>Table of Contents<li>""The Mirror's Tale""<li>""The Kindness of Sisters""<li>""Conversation with a Wolf""<li>""Gold""<li>""A Smile, a Laugh""<li>""Nesu-a""<li>""The Princess and the...""<li>""One Last Prize""<li>""The Fall of the Fortress of Brick""<li>""Many Faces""<li>""Every Moment, I Dream of Sleep""<li>""Just Right""<li>""And Everything Nice""<li>Afterword","isbn:9781611387773","","Fairy Tales, fairytales, Fantasy, twisted, collection, grimm, perrault","Paranormal · Lobos/Shifters, Subgenero · Retelling de cuento","Romance contemporáneo [REVISAR]","","","","","",""
"El destino de Pru","Nira Strauss","Romántica, Fantasía, _Biblioteca.Romance.RomanceSciFan","","1.0","No hay nada más frustrante para una chica de diecisiete años que estar enamorada del mejor amigo de su hermano mayor y que este ni sepa que existe, y, encima, no haber pasado por su primera luna llena. Pru, una licántropa de la Alta Sociedad, está muy harta de su vida. Siente que no encaja en ninguna parte, excepto en el exterior… Justo donde tiene terminantemente prohibido ir. Pero ¿dónde está la diversión si uno siempre sigue las normas?
","epl:67018,revision:1.0","","Romántica, Fantasía","Dinamica · Prohibido, Paranormal · Lobos/Shifters","Romance contemporáneo [REVISAR]","","","","","",""
"Un balón por una bala","Rafael Salmerón","novela, Juvenil","Gran angular","294.0","Willy Wome, el genuino Wonder Wome, también conocido como señor Doble W, afronta el final de su etapa como futbolista de éxito en los Warriors, y se dispone a emprender, después de unos cuantos años, el regreso a su hogar, a la tierra que lo vio nacer: Sierra Leona. La fortuna le ha sonreído y por eso, ahora, está dispuesto a hacer lo que mejor sabe, enseñar a jugar al fútbol a los niños que no pueden permitirse ese lujo. Se ha decidido a crear un centro especial que atienda a los más desfavorecidos y les ayude a hacer realidad sus sueños. Lo que no sabe Willy Wome es lo que se va a encontrar al volver, ni si la situación que recuerda seguirá siendo la misma que antes de abandonar su país, cuando él mismo estuvo a punto de convertirse en un niño soldado. Y es que Willy se encuentra a punto de afrontar el mayor reto de su vida…","revision:1.0,epl:54779","","Novela, Juvenil","Paranormal · Lobos/Shifters, Publico · Young adult/Juvenil, Tono · Humor","Romance contemporáneo [REVISAR]","","","","","",""
"Curvy Dirty Omega","Emma Dean","Omegaverse, Dark, Smut, _Biblioteca.Romance.Contemporaneo, Paranormal, Second Chance, Forced Proximity, M M Romance, Why Choose, Romance, Menage","You Think You're Slick?","1.0","**Who says omegas can’t solve murders?** I may be an omega and the daughter of a serial killer, but that doesn’t mean I can’t work as a private detective solving murders for high profile clients - clients like the ultra elite legacy alpha, Liam Valor.  I’ve been labeled defective all my life, but this new case is going to make my career. I just didn’t expect Liam, or his scary hot assistant, to affect me like this when no one else ever has.  How am I supposed to solve his brother’s murder when his pheromones have me falling all over myself to please an alpha for the first time in my life? And what am I supposed to do when they respond, forcing me to accept their care despite my protests?  Find the killer and solve the case so I can get out of their lives before their alpha BS dominates me right into heat, that's what. Because no matter how hot they are, they both have their own secrets, and I could never be their precious omega.","goodreads:180350788,mobi-asin:B0C96FFQC6","","","Dinamica · Segunda oportunidad, Dinamica · Harem inverso/Why choose, Dinamica · Poliamor/Trio, Dinamica · Proximidad forzada, Tono · Picante/Erotico, Paranormal · Lobos/Shifters, Paranormal · Omegaverse, Subgenero · Policiaco/Detective, Subgenero · Asesino en serie","Romance contemporáneo [REVISAR]","","","","","",""
"The Sweetest Obsession","Nicole Snow","Romance, Contemporary, Second Chance, Contemporary Romance, Romantic Suspense, Suspense, Small Town Romance, Friends To Lovers, Dark Romance","Dark Hearts of Redhaven","2.0","Falling for the best thing that never happened brings sweet mayhem in this steamy, gripping, and heartfelt small-town grumpy-sunshine standalone romance.  My brother's best friend owned my heart until the day he drenched it in kerosene and burned it down.   Grant flipping Faircross is so not the reason I'm coming home.   I don't care if he's gotten bigger, meaner, and grumpy enough to flash freeze the sun.   So what if he's up in my business the second I arrive?  I'm smarter now.   I'm only back in Redhaven for my sick mother and to talk some sense into my sister before she marries a toad.   Grant ran me off once and I'm not running back.   I can handle the drama, the messy secrets, and an unexpected stalker just fine.  ...or maybe not so fine.   When Prince Anti-Charming charges in to protect me, it's kinda hard to say no.   When I find out he's a single dad with a heart bigger than a prune, it gets harder.   And when his lips storm mine with a growl that says “stay,” oh God.  Are we really doing this again?   Especially when an old tragedy resurfaces with hard truths, stinging tears, and one brutal question.   Will our sweetest obsession finally deliver us or destroy us forever?  The perfect blend of small-town romance, furious spice, and jaw-dropping thrills that will keep you guessing. Batten down your heart as a stone-hearted giant wakes up and fights to keep the girl who got away—if she'll ever admit she wants to be chased.","isbn:3995022111,goodreads:203954999","","","Dinamica · Segunda oportunidad, Dinamica · Amigos a amantes, Dinamica · Grumpy/Sunshine, Dinamica · Hermano del mejor amigo/a, Dinamica · Padre/Madre soltero/a, Dinamica · Obsesion/Stalker, Tono · Oscuro, Tono · Picante/Erotico, Ambientacion · Small town, Subgenero · Romantic suspense, Tono · Angst/Drama emocional, Paranormal · Lobos/Shifters, Subgenero · Retelling de cuento","Romance contemporáneo [REVISAR]","","","","","",""
"Danza con lobos","Michael Blake","","","1.0","","","","","Paranormal · Lobos/Shifters","Romance contemporáneo [REVISAR]","","","","","",""
"The Wolf of Christmas Present","Kristen Strassel","English.Romance.Paranormal Romance, Themes.Werewolves, Themes.Explicit Sexual Content, Themes.Second Chance Romance, Themes.Reverse Harem, Themes.Holiday Romance, _Biblioteca.Romance.RomanceSciFan","Three Wolves for Christmas","2.0","My parents fled the Sawtooth pack because was a mandate in place that demanded I be sold to the highest bidder. But now my parents are gone, so is that awful mandate, and the Sawtooth wolves have invited me to spend Christmas with them.   I don’t want to spend the holiday alone, but I’m wary of facing a pack I don’t feel like I belong to.   So I ask my best client, Bates Morgan, to come with me and pretend to be my mate. I never expected him to say yes, but he does. The sexy guitarist has hired me for many tattoos, but until now, we’ve kept things strictly business.   Once we arrive and get snowed into our hotel room, Bates makes it clear that he doesn’t plan on faking anything.   This holiday season, the wolf of Christmas present gives me a gift that changes everything.  Escape to Sawtooth Forest with this sweet and sexy story! If you’re in the mood to read about a hot, shy rocker, a curvy tattoo artist, a fake relationship (not according to him), a massive snowstorm, and only one bed to bring them together, you will love The Wolf of Christmas Present!","fictiondb:the-wolf-of-christmas-present~kristen-strassel~3138993,ff:s/kristen-strassel/wolf-of-christmas-present,amazon:B0BLMPBHZH,goodreads:63315252","","","Dinamica · Segunda oportunidad, Dinamica · Relacion fingida, Dinamica · Harem inverso/Why choose, Dinamica · Solo una cama, Dinamica · Proximidad forzada, Tono · Picante/Erotico, Paranormal · Lobos/Shifters, Ambientacion · Navideno/Festivo, Subgenero · Paranormal romance","Romance contemporáneo [REVISAR]","","","","","",""
"Siempre con mis amigos","Ana María Machado","novela, Juvenil, Realista","Gran angular","315.0","¡Qué difícil es encontrar amigos de verdad! Cuando parece que Tatiana ha encontrado una buena amiga, los celos y otras personas intentan estropearlo todo. Tatiana se siente perdida y traicionada. Menos mal que aparece Diego, con el que Tatiana comparte aficiones y algo más.","epl:54799,revision:1.0","","Novela, Juvenil, Realista","Paranormal · Lobos/Shifters, Publico · Young adult/Juvenil, Tono · Humor","Romance contemporáneo [REVISAR]","","","","","",""
"Dragon's Curvy Dilemma","Mychal Daniels","Women, Fiction, _Biblioteca.Romance.RomanceSciFan","","1.0","Dragon's Curvy Dilemma Mychal Daniels Dragons need privacy. Billionaire dragon, Asher Princeton is a single dad and secret dragon-shifter. He just wants to get away from it all to spend time with his young son over the summer. Its time he showed the boy how to deal with being a dragonling. Daryl Livingston is squatting in his guest house. The young woman makes his dragon come alive. The last thing he expected was to find his true mate living in his guest house. Only problem... it's going to take everything in Asher's power to convince her of that. Will a new love teach an old dragon exciting tricks? Asher Princeton... * She's a brilliant, know-it-all, trespasser squatting in my summer Lair's guest house * I'm supposed to turn her into the police but this dragon's got secrets, dark ones * Normally I'd toss out an intruder without a backward glance or question, but she's different * The dragon in me and my five-year-old son have other plans * Funny thing...She thinks I'm letting her off scot-free * Her arrogant innocence challenges me in the best way * I might be a single dad focused on raising my son, but she's ignited a fire long doused * It's in her eyes and those curves that bewitch, seduce, and tempt my resolve like no other * Instead of releasing her, I'm going to make her moan with pleasure * That's it--she's mine * Only problem--her name. She's the one woman I need to stay far away from * Our relationship is damned from the beginning * She can never find out what happened to her father * Daryl is off limits Daryl Livingston... * He's gorgeous and infuriating * But his kid... makes my heart melt * It was stupid getting caught living in his guest house like this, but I'll appeal to his sense of duty * I'm willing to do a lot of things to be able to stay--I have no place to go * But, if he thinks I'm going to be his maid or nanny, he's got another thing coming. I'll take jail over that * Weird thing... he makes me feel things I've never felt before * It's in those eyes of his, like pools from the depth of his soul they enchant and entice me to want to touch him * That's it--I can't stay * Instead of behaving like a grateful house guest, all I want is to offer up my virginity to him like some damned lovesick school girl * Only problem--I'm on a mission to regain the respect my father deserved and find out what happened to him * I can't get sidetracked. Not when I'm so close, no matter how much Asher makes me pant This is a HOT Curvy Virgin BWWM Shifter Romance full of adventure and sass with an HEA.
","isbn:9781549975882,mobi-asin:6f47acbd-e9f0-4432-b84a-88d76b90e2c0,google:ML5lswEACAAJ","A BWWM, Single Dad, Dragon Shifter Romance","","Dinamica · Padre/Madre soltero/a, Arquetipo · Billonario/CEO, Paranormal · Lobos/Shifters, Paranormal · Dragones, Subgenero · Policiaco/Detective","Romance contemporáneo [REVISAR]","","","","","",""
"All I Want for Christmas Is a Dragon","Seana Kelly","English.Romance, Speculative Fiction, _Biblioteca.Romance.RomanceSciFan","Story in the World of Sam Quinn","1.0","Welcome back to The Slaughtered Lamb Bookstore & Bar. You’re probably looking for Sam, werewolf, book nerd, and seer of ghosts. She’s great but off with her new husband in England, hunting down that nutter who’s been stalking Clive since the Middle Ages. With Sam away, it’s my time to shine. Somebody hand me a mic and hit me with a blue spot. Kidding. We’ve met before but let me formally introduce myself. I’m Owen Wong, Sam’s right-hand man and head wicche in charge. George, my gorgeous dragon-shifter boyfriend, and I are planning a nice, calm, battle-free Christmas. Granted, George’s family doesn’t seem too excited about our relationship, but I doubt they’d actually attack me. All bets are off, though, on his grandmother, the matriarch of the dragon clan. I’m pretty sure the only thing she wants for Christmas is me gone.
I have to admit, I’m a little worried. George has been distant lately and he says we need to talk. I know what ‘need to talk’ means and I’m not having it. He says he needs to explain something about his childhood, about his family. He looks so damn sad, he’s breaking my heart. No matter what it is, though, we’re not walking away. Whatever the burden, I’ll help him carry it. We deserve that calm, peaceful holiday and I’m going to fight like hell to see we get it.***This short story was initially shared in Seana’s newsletter “TALES FROM THE BOOK NERD” for FREE as a holiday treat for subscribers and also later included as a bonus story in the original release of THE HOB AND HOUND PUB, Sam Quinn Book Four.***
","fictiondb:all-i-want-for-christmas-is-a-dragon~seana-kelly~3156586,goodreads:59941679,google:JWebEAAAQBAJ,isbn:9781641972475,amazon:B0BLZQVWDM,ff:k/seana-kelly/all-i-want-for-christmas-is-a-dragon","","","Paranormal · Lobos/Shifters, Paranormal · Dragones, Ambientacion · Navideno/Festivo, Paranormal · Fantasmas, Arquetipo · Nerd/Geek","Romance contemporáneo [REVISAR]","","","","","",""
"Los mochuelos","Carmen Kurtz","novela, Juvenil, Realista","Gran angular","37.0","""¡Paciencia de benedicto hay que tener contigo, Lorena! A veces consigues llevarme a los quintos infiernos con su constante inquietud. Ahora un vaso de lo que sea, luego unas almendras, luego dos o tres telefonazos. Y, si no te contestan, bufas como un gato enrabiado: ""¿Qué hará, precisamente ahora, ese cretino (o cretina), ahora que tengo que decirle algo importante?"" Todos han de estar pendientes de tu llamada. Nadie tiene derecho a ir al lavabo cuando a ti se te antoja llamar. Todos han de escuchar sin interrumpirte, so pena de oírte decir: ""¡Bueno, vale, no te enrolles! ¡Ah!, ¿sabes la última de Jorge? ¡No, mujer, aquello ya pasó! Ahora... Oye, espera que voy al lavabo. No cuelgues, ¿eh? ¡Ah!, no se me olvide, pide los apuntes de Inés. O sea... mañana iremos a Bredy, tienen unas bermudas alucinantes. Y baratas, chica. O se... ¡Sí, yo también tengo prisa! Ya te contaré""."". Carmen Kurtz nos mete en la vida trepidante de Lorena y su grupo: Bárbara, Merche, Inés, Iván, Santi, Yolanda... Una juventud alegre y despreocupada, alocada e irreflexiva, unas veces, madura, sensata y responsalbe otras.","revision:1.0,epl:51032","","Novela, Juvenil, Realista","Paranormal · Lobos/Shifters, Publico · Young adult/Juvenil, Tono · Humor","Romance contemporáneo [REVISAR]","","","","","",""
"Dark of Night","Ramona Gray","","Shadow Security","3.0","Eleanor loves being a personal driver for the stoic, deliciously sexy lion shifter, Wes Masters.  And she’s had a crush on him since day one.  Unfortunately, Wes isn’t looking for a relationship, and he's made it clear he won’t make an exception for her.  Wes’s attraction to the smart, beautiful human grows daily. But even if his traumatic past hadn’t broken him and his lion, he can’t get past their fifteen-year age gap.  But when Eleanor is targeted by a violent, unstable shifter bent on destruction, Wes and his lion are determined to keep her safe.  Even if it kills him.  Please note this book contains steamy scenes that may not be your cup of tea.","amazon:B09LPG56DY,goodreads:59603992,isbn:9781774461204,grvotes:40","","","Dinamica · Age gap, Tono · Picante/Erotico, Paranormal · Lobos/Shifters","Romance contemporáneo [REVISAR]","","","","","",""
"Stolen Beauty","Isabel Jolie","Romance, Contemporary","Arrow Tactical Security","4.0","Her sister's missing. There's a killer on her trail.    And falling for the man sworn to protect her is not an option.  Sage Watson, a heart transplant survivor, is no stranger to fighting for her life. But now an armed intruder is hunting her, and her sister--a scientist researching overseas--has vanished without a trace.  When the stakes turn deadly, Sage's only option is to turn to her late brother's best friend, a former Navy SEAL who still sets her heart racing. To uncover the truth, Knox Williams will have to keep Sage by his side 24/7...while resisting the undeniable desire that could compromise his sworn duty.  With ruthless enemies closing in, Knox vows to eliminate the threat against the woman he's vowed to safeguard. But the greatest peril Sage faces isn't the mystery surrounding her sister or the attacks on her own life--it's losing her heart to the fearless, protective warrior who makes her feel truly alive for the first time.  Stolen Beauty, the first in the Beauty trilogy within the Arrow Tactical Series, is a steamy, suspenseful standalone romance full of heat and mystery featuring a former SEAL and the woman from his past who captures his heart.","mobi-asin:B0CGP88NNN,goodreads:197975872,isbn:9781953942623","","","Dinamica · Hermano del mejor amigo/a, Tono · Picante/Erotico, Arquetipo · Militar/SEAL, Dinamica · Prohibido, Arquetipo · Billonario/CEO, Paranormal · Lobos/Shifters, Subgenero · Espionaje/Espias, Subgenero · Romantic suspense, Dinamica · Matrimonio por conveniencia, Dinamica · Protector, Dinamica · Age gap, Arquetipo · Mafia, Arquetipo · Guardaespaldas, Tono · Cautiverio/Trata","Romance contemporáneo [REVISAR]","","","","","",""
"Down and Dirty","Gale Stanley","Contemporary, gay, _Biblioteca.Romance.Contemporaneo, English.Romance.Contemporary Romance, M M Romance","Sanctuary","2.0","Bear shifter Luke Reed is still licking his wounds after a bad breakup. Ally would have made a perfect wife, but their relationship was missing the passion. She was all about the romance, but sometimes a guy just wants to get down and dirty. Now Luke's sex dreams are getting raunchier, and his costar is always a man. The shifter's face is hidden, but when Sam Harper shows up in Sanctuary, there's no mistaking his body. Sparks fly between Sam and Luke and the sex is orgasmic. But Sam doesn't want to be Luke's dirty secret. He wants a commitment. Luke realizes that Sam is the soulmate of his dreams, but he's afraid of disappointing his family. Can Sam convince him to come out of the closet and take a chance on love?  [Siren Classic Alternative Paranormal Romance, MM, shape-shifter, HEA]","goodreads:40773058,isbn:9781642433142","","Romance","Paranormal · Lobos/Shifters, Paranormal · Fated mates, Subgenero · Paranormal romance","Romance contemporáneo [REVISAR]","","","","","",""
"Complete","Lulu M. Sylvian","","Legatum","5.0","As far as Bobby is aware, he is the only one of his kind—a true lone wolf. He fills his days with running his bar, and his nights with emotionless encounters. After all, hooking up with the town man-whore is as easy as crashing into his buggy in the grocery store. Everything changes when he sees an angel.    The pretty new math teacher in town glows. Bobby believes she must be an angel sent to save him from his empty life, someone he can have a future with.    Ramona ran away from a secret relationship gone bad in the big city, to a small town where football is king, and she has to make sure the star quarterback passes high school math. Her plans are to not get involved with any more men, especially bad boy, heartbreaker Bobby. Her plans fly out the window when he makes an oddball request. He tells her that he wants to change from playboy to decent human being, and asks her to train him how to have a platonic relationship with women.    Ramona accepts Bobby’s challenge. Although he already seems to be a pretty good guy, he just has to work past his womanizing reputation. Unfortunately, tutoring Bobby becomes increasingly difficult as she develops feelings for him, and questions moving to Haven.  Bobby needs Ramona to believe him when he shares his shifting secret, and asks her to wear his championship ring, that his feelings for her are real, and that he’s not out to take advantage of her affections.","goodreads:53646777,mobi-asin:B089DSQYSJ,grvotes:26,amazon:B089DSQYSJ,isbn:9781948059213","","","Arquetipo · Bad boy, Ambientacion · Highlander/Escoces, Arquetipo · Deportistas, Paranormal · Lobos/Shifters, Paranormal · Angeles y demonios, Ambientacion · Small town","Romance contemporáneo [REVISAR]","","","","","",""
"Thick as Thieves","Cara Malone & Anna Cove","Romance Suspense, _Biblioteca.Romance.Contemporaneo","","1.0","Keep your lover close and your enemy closer… especially if they’re the same person.
  

Madison Blackstone is a lone wolf thief on a mission to win back the only family she has left. When a rare book surfaces on the black market, it’s just the thing to buy her brother’s love. The only thing is, she has to quit the heist lifestyle to earn his trust. Madison has planned her final job meticulously, but even in her wildest dreams she could never anticipate a rival like Cass.
  

Cass Hartley is fallen swindler royalty… fallen ever since her foolish heart got her legendary parents caught and jailed. A rare book with a hefty reward to pay back old debts should go a long way to clearing her conscience, and it should be an easy job - if Cass was the only one going after it.
  

When Cass and Madison meet, it’s inside a bank vault at midnight and they’re both reaching for the same safe deposit locker. Things go sideways fast as crew rivalries, double-crosses and vicious guard poodles foil their plans.
  

And then there’s the undeniable attraction building between them in tight spaces, dark rooms and adrenaline-fueled adventures. It has Madison questioning her choice to go clean, Cass wondering if she’s falling into the same old traps, and their crews wondering what the heck got into them.
  

Working together is the only way to get the book, but can they trust each other with the most precious treasure of all – their hearts?
  

From the bestselling Cara Malone and Anna Cove comes a fun, flirty book heist with twists, turns, and an unexpected romance.
","mobi-asin:B07NHP3G6G","","Romance Suspense","Paranormal · Lobos/Shifters, Subgenero · Heist/Atraco","Romance contemporáneo [REVISAR]","","","","","",""
"Luz de luna carmesí","Lorena R. Jeffers","novela, Fantástico, Español.Romance, _Biblioteca.Romance.Contemporaneo","Manada de Crimson Lake (Lazos de sangre, 1)","1.0","Déjame ser como soy, en una eternidad a tu lado. A sus treinta años Rhys, Crimson, Badmoon tiene una maravillosa vida planeada. Aunque no por él. Habiendo nacido como cambiaforma y siendo el único lobo rojo gigante visto en los últimos quinientos años, todos esperan que sea perfecto. Feroz, poderoso, inconmovible y letal porque eso es todo lo que un Alfa pura sangre, como él, podría ser. Comprometido con la primogénita del clan Pardo del Sur y habiendo tomado el control de la manada más poderosa del país, él está tratando de mantenerse de pie. O eso cree. Pero cuando Arian, Snow, Blackheart decide volver luego de trece años de exilio, Rhys siente el inconfundible llamado del apareamiento. Esto estaría bien si Arian no fuera una paria: el bastardo albino de un inclemente lobo negro y un débil e inútil Omega indeseable. Aún más, eso tampoco sería un problema si no fuera otro jodido hombre. Sin embargo, Arian no es el mismo debilucho que Rhys recuerda. Más alto y lleno de músculos, es la cosa más sexi que hubiera visto en su vida. Y cuando su lobo decide que quiere reclamarlo, Rhys no tiene opción más que obedecer.","","","Novela, Fantástico, Romántico","Paranormal · Lobos/Shifters","Romance contemporáneo [REVISAR]","","","","","",""
"The Marriage Effect","Karla Sorensen","Slow Burn, Contemporary, Contemporary Romance, marriage of convenience, Adult, football, _Biblioteca.Romance.Contemporaneo, Sports, Fake Dating, Romance, Sports Romance","Washington Wolves","3.0","Logan Ward doesn’t want any more women in his life.  Being a football player and legal guardian to his four younger sisters means his playbook is full. However, one of them just landed in the hospital, which gives his brother the shot he needs to challenge Logan for custody.  Legal counsel says there’s only one thing Logan can do—find himself a wife.  Paige McKinney doesn’t always think things through.  Like walking away from her modeling career without a thought of what might come next. She really doesn’t think it through when she proclaims herself Logan’s fiancé at the hospital, simply because the sexy—albeit grumpy—football player forgot his cell phone at a party and security won’t let her pass. It’s not her fault it was overheard by the worst possible person.  A bargain is struck, and a fake marriage is the perfect solution. But the simple solution creates a whole new problem: they’re not as different as they seem. The reluctant groom has fire inside him, and his impetuous bride is about to light the match.","mobi-asin:B07SHNBB3Y,goodreads:45027286","","","Dinamica · Slow burn, Dinamica · Relacion fingida, Dinamica · Matrimonio por conveniencia, Arquetipo · Deportistas, Paranormal · Lobos/Shifters","Romance contemporáneo [REVISAR]","","","","","",""
"You Are Mine","Lucy Darling","Romance, Contemporary, Novella, Contemporary Romance, Second Chance, billionaire romance, Suspense, Adult, Short Stories, Dark Romance","Forever","2.0","Dane  From the moment I found Kennedy, she was destined to be mine. Then she was gone without a trace. I don't know what sent her running, but the one thing I did know is that I wouldn’t rest until I found her. All I cared about was getting her back. And I would do exactly that, no matter what it took.  Kennedy  Losing your memory is scary. Especially when you wake up alone and realize there’s a baby growing inside you. I have to stay strong for both of us, whoever we are. Still, in the back of my mind is a man who makes me feel so many things I don’t understand.  Then he's there standing in front of me. Some tell me I should be wary of billionaire Dane Osborne. I find it hard to believe that he’s in love with me.  But he still keeps saying those three words that have me wondering if I should be running from him or to him. ""You are mine.""","goodreads:58383737","","","Dinamica · Amor a primera vista, Paranormal · Lobos/Shifters, Tono · Picante/Erotico, Dinamica · Enemigos a amantes, Dinamica · Age gap, Tono · Angst/Drama emocional, Ambientacion · Navideno/Festivo, Representacion · LGBTQ+ (FF), Dinamica · Amigos a amantes, Dinamica · Hermano del mejor amigo/a, Paranormal · Fae/Feerico, Paranormal · Angeles y demonios, Ambientacion · Small town, Dinamica · Segunda oportunidad, Arquetipo · Bad boy, Publico · New adult, Tono · Trauma/Salud mental, Tono · Oscuro, Arquetipo · Billonario/CEO","Romance contemporáneo","","","","","",""
"Indigo Lake","Jodi Thomas","Topic.Western, English.Romance.Contemporary Romance, Contemporary, _Biblioteca.Romance.Contemporaneo","Ransom Canyon","6.0","**Two families long divided by an ancient feud. Can a powerful love finally unite them?**
Blade Hamilton is the last of his line. He's never even heard of Crossroads, Texas, until he inherits land there. Riding in on his vintage Harley-Davidson, Blade finds a weathered ranch house, an empty prairie and a dark river that cuts a decisive path between the Hamiltons' land and that of their estranged neighbors. 
When Dakota helps a stranger on the roadside, she isn't prepared for the charisma of the man on the motorbike--or for the last name he bears: Hamilton, of her family's sworn enemies, representing all she's been raised to loathe. The problem is, it looks like Blade is in town to stay, and there's something about his wolf-gray eyes she just can't ignore. 
Lauren Brigman feels adrift. Unhappy in work and unlucky in love, she knows she ought to be striving for more, but she's never truly at peace unless she's at home in Crossroads. If the wider world can't satisfy her, is home truly where her heart is?
","goodreads:35320401,isbn:9781488023170","","Romance.Contemporary Romance, Topic.Western","Arquetipo · Vaquero/Western, Paranormal · Lobos/Shifters","Romance contemporáneo [REVISAR]","","","","","",""
"Caged Wolf","Sara Marie Reine","_Biblioteca.Misterio/Thriller","","1.0","The biker gangs passing through Lobo Norte don't scare Ofelia anymore. All those men are the same: scarred, homeless, and broken ... just like Ofelia. They've become a blur of forgettable faces watching her strip. She takes off her clothes, takes their money, and wipes them from her memory instantly. But Trouble is different. A biker with a wolf tattoo and tortured eyes, he sees beyond Ofelia's tough disguise to a more fragile woman within. She's drawn to him like she's never been drawn to a man before-at least, not since she survived hideous torture at the hands of her ex-boyfriend that left her scarred physically and emotionally. She can't forget Trouble. And she definitely can't push him away. There's magic between them that neither understands. But maybe if Ofelia and Trouble can find the truth, they can release each other from the chains that bind them to Lobo Norte, to the Fang Brothers biker gang, and to the dark secrets in their pasts ...
","isbn:9781498935623,mobi-asin:B00K8IIE0M,google:Iuc00AEACAAJ","","","Arquetipo · Moteros/MC, Paranormal · Lobos/Shifters","Romance contemporáneo [REVISAR]","","","","","",""
"Bat Out of Hell","Lidiya Foxglove","_Biblioteca.Romance.RomanceSciFan","Promised to the Demons","2.0","**Three wickedly sexy men are in love with me!? How did that happen to a humble baker like me?** I’m still recovering from a sickness, and my beloved Bevan brought me to the faery queen for healing. But the queen herself ordered all three of my suitors to tend to my bedside.  There’s Piers, once a power-hungry warlock, now scarred and fallen from grace, clinging to his pride. He reminds me so much of the warlock I once loved and served that I can’t seem to hate him as much as I should. And Lord Variel is a high demon who did something completely awful to me, but I’m starting to realize that getting angry at him is its own kind of pleasure—and he seems to welcome our sparring. Maybe I just don’t understand demons at all, but his dark fierceness and sculpted muscles are certainly as hard to ignore as ever.  Why is the queen making these devilish men help me?  She wants me to decide how they should be punished before the faery court. I have no idea how to punish someone, but the result will change both men forever.  Then there’s Bevan, the bat shifter I love. Bevan has been stealing bits of Lord Variel's power for himself. All he wants to do is become strong enough to help familiars gain freedom, but now and then I see a change come over him, and I wonder if Bevan could be the one to end up on the darkest path of all...","goodreads:56143392,mobi-asin:B08NY6CMLD","","","Paranormal · Lobos/Shifters, Paranormal · Angeles y demonios","Romance contemporáneo [REVISAR]","","","","","",""
"Lying in Bed","Jo Leigh","English.Romance.Contemporary Romance, _Biblioteca.Romance.Contemporaneo","","1.0","  * **Get Intimate: The Workshop** *Explore sensuality and true intimacy at the luxurious Color Canyon Resort.  



Private assignments include sexy ""homeplay"" and more   

The setup was simple. To ferret out a blackmailer, FBI agent Ryan Vail and his partner are going undercover as a couple at an intimacy retreat. But when Ryan wakes to find a replacement ""wife"" in his bed, he knows he's in big trouble .  

FBI agent Angie Wolf is on the job. Sure, there's a wicked attraction between her and Ryan, but they're professionals. Touching, kissing—it's all part of the sting. But the intimacy retreat is doing its job, because each tension-filled night in bed is blurring the line between truth and lie. Now this investigation has turned into one irresistible temptation!
","isbn:9781460300466","","Romance","Tono · Picante/Erotico, Paranormal · Lobos/Shifters","Romance contemporáneo [REVISAR]","","","","","",""
"The Manny Tames the Cowboy","Beau Brown & Beau Ryan Brown","Omegaverse, M M Romance, Contemporary, Romance, LGBT, Westerns, Paranormal","The Omegas of Sweet Water, Texas","2.0","Maybe it’s something in the water.    Sweet Water, Texas—population 1378—possesses one of the highest percentages of Alphas and Omegas in the entire United States of America. Maybe it is something in the water, but boys get pregnant here. A lot. And regular folks have just kind of gotten used to it.  Omega, Hunter Thomas makes his living taking care of other people’s children. He adores kids, and would love to have a whole litter of his own, but he’s been mocked and ridiculed enough to know that won’t ever happen for him. No respectable alpha would ever want the son of a murderer to have his babies.  Alpha, Jake Windmire, is a widower with a five-year-old kid he doesn’t know what to do with. He loves his son, but he has no idea how to raise a child alone. He’s got a ranch to run and doesn’t have time for a kid too. When Hunter comes into his home to take care of Avery, Jake is resistant to the changes at first. This is a working ranch, not some damn daycare adventure park.  But as time passes, Jake begins to see his son blossom just by being around Hunter. And Jake also notices that he likes being around Hunter too. Maybe even a little too much.  **This is a sweet and sexy, contemporary, non-shifter love story with mpreg and a HEA ending. Though part of the Omegas of Sweet Water, Texas, this standalone story does not need to be read as part of the series.**","goodreads:36340964","","","Arquetipo · Vaquero/Western, Paranormal · Lobos/Shifters, Paranormal · Omegaverse","Romance contemporáneo [REVISAR]","","","","","",""
"Stealing a Cowboy's Heart","Beau Brown & Beau Ryan Brown","Omegaverse, M M Romance, Romance, Contemporary, Abuse, Westerns","The Omegas of Sweet Water, Texas","3.0","Tex Greerson can have just about any omega he wants. He’s pretty much plowed through all the single omegas in Sweet Water. Even though Tex secretly yearns to find an omega of his own, no one has been able to convince him to settle down. Griffin Kantain is seven months pregnant and running from his abusive alpha. When he tries to steal Tex’s truck, the cowboy stops him cold. When Tex realizes Griff is pregnant, he’s driven to help him. Griff isn’t originally from Sweet Water and he doesn’t quite understand all these goody-two-shoes who are trying to help him. Most perplexing of all is the sexy cowboy, Tex, who’s taken him into his home. Griff can’t tell if Tex just sees him as a charity case, or if maybe there’s something more between them. **This 36,000 word book is a sweet and sexy, contemporary, non-shifter love story with mpreg and a HEA ending. Though part of the Omegas of Sweet Water, Texas, this standalone story does not need to be read as part of the series.**","mobi-asin:B079BK87ZQ,goodreads:38208051","","","Arquetipo · Vaquero/Western, Paranormal · Lobos/Shifters, Paranormal · Omegaverse","Romance contemporáneo [REVISAR]","","","","","",""
"F*ck Forgiveness","B. A. Tortuga","","","1.0","When reformed shifter Danny comes back to Texas as part of his twelve-step program, Declan couldn't be less interested in forgiving him. Declan thinks Danny got scared when he left five years ago, and has labeled his ex a coward. When he finds out the truth, though, Dec sets about letting Danny know he's welcome to come home anytime.
","","","BIN 07730-02493","Paranormal · Lobos/Shifters","Romance contemporáneo [REVISAR]","","","","","",""
"The Boy in the Forest","Kestra Pingree","life and love","","1.0","**The haunting trees lead me astray, a liar's tongue that I hear play.**
Avery has a dangerous secret.
He pretends to be this perfect angel, but he regularly sneaks into the town's forbidden forest.
I'm the only one who knows, and I paid for it the night I followed him inside. There's a reason the forest is forbidden. Ghost wolf, anyone?
Don't worry. I survived. But I'm more confused than ever, and Avery isn't forthcoming.
What's it going to take to get him to talk?
--
This book concludes Awash with Summer Roses. Don't miss the finale.
","asin:B07172KXTZ","","life and love","Dinamica · Prohibido, Paranormal · Lobos/Shifters, Paranormal · Angeles y demonios, Paranormal · Fantasmas","Romance contemporáneo [REVISAR]","","","","","",""
"Her Wicked Wolf","Kendra Leigh Castle","_Biblioteca.Romance.Contemporaneo","","1.0","Writer Brienne Fox can't stop thinking about her sexy new downstairs 			neighbor. But the chances of living out her X-rated fantasies with the man are slim when 			they've barely exchanged two words. Alistair Locke has good reasons for staying a 			solitary wolf. With his enemy on the hunt, anyone close to him is in mortal danger. Yet 			no woman has ever stirred the beast within the way Brie does, and they can't resist the 			erotic pull drawing them together when they get snowed in together. But giving in to one 			night with the woman he desires may provide the perfect opening for his mortal enemy to 			destroy the exiled alpha wolf for good....","mobi-asin:eeb6abcf-df3e-481e-a3e2-3b8537c69267","","","Dinamica · Proximidad forzada, Tono · Picante/Erotico, Paranormal · Lobos/Shifters","Romance contemporáneo [REVISAR]","","","","","",""
"Quartz","Michelle M. Pillow","Science Fiction, Ebooks, Science Fiction Romance, Aliens, Romance, Erotica, Paranormal, futuristic, Paranormal Romance","Galaxy Playmates","2.0","Galaxy Playmates 2   Paranormal Futuristic Romance  Galaxy Playmate Quartz is a woman who knows what she likes and she likes variety in her men. Knowing she’ll never be satisfied with just one man in her bed, she doesn’t even try to have a monogamous relationship. But when Thor, her new bodyguard, is sent to protect her from a stalking fan, she discovers that she just might be happy with one man in her heart—so long as he’s the right man.  Thor has loved Quartz from the first moment he laid eyes on her. A complete shifter, he’s able to play Quartz’s games and give her the variety of lovers she wants. For, in the end, she’ll belong completely to him.  Rating: Contains graphic sexual content, adult language, and violence.","isbn:9781452414027,goodreads:9468938","","","Tono · Picante/Erotico, Arquetipo · Guardaespaldas, Paranormal · Lobos/Shifters, Subgenero · Paranormal romance","Romance contemporáneo [REVISAR]","","","","","",""
"A Long Crazy Burn","Jeff Johnson","","","1.0","<p>Thrilling sequel to LUCKY SUPREME. <BR> <BR>Time is up in Old Town. As the pace of gentrification reaches frenzy in Portland, Oregon, Darby Holland's beloved tattoo parlor, Lucky Supreme, is destroyed by a bomb that ripped through an entire city block. Only a warning call from his favorite prostitute saved his life. Developers have been like wolves at the door of D'mitri (the drunken landlord) for the past few years, but this is different. With nothing to lose, Darby goes on a rampage to discover first the bomber then the developer who set everything in motion, and along the way falls under FBI suspicion, messes with dangerous pimps and drug lords, gets his face permanently rearranged, and, then, at the lowest point in his adult life, Darby Holland meets the woman of his dreams. Long, lanky, smart, and a foot taller than Darby, Suzanne is a woman of enormous appetite. Darby has finally met his match in bed and at the dinner table. But Suzanne, for all her strength and wisdom,...","isbn:9781628728613","","","Paranormal · Lobos/Shifters","Romance contemporáneo [REVISAR]","","","","","",""
"Forever","Mary A. Wasowski","_Genre.Romance.Contemporary Romance, _Genre.Fiction.Contemporary","Forever","1.0","Following her larger than life best friend to NYU was a dream come true.  Modeling part-time to pay the bills, while she earned her teaching degree, Reese Mitchell never imagined her Nana’s prediction of finding her future husband could be possible. Then she met…HIM! Walker Reed, her handsome stranger. He was sexy as sin and one look from him, she was hooked.  Loving Walker was effortless. He captured her heart with one touch making Reese lose herself in him. From strangers to lovers, they became two hearts…one love. Outside forces conspire to tear their love apart leaving her to wonder if two people from different worlds should stay together?  When promised “Forever” from the man who loves her, Reese is left with only one thing to do. She trusts the promises made. She believes in the happily ever after.  She believes in…FOREVER.","grvotes:264,isbn:9780989623827,asin:0989623823,goodreads:18748550","","","Dinamica · Amor a primera vista, Paranormal · Lobos/Shifters, Tono · Picante/Erotico, Dinamica · Enemigos a amantes, Dinamica · Age gap, Tono · Angst/Drama emocional, Ambientacion · Navideno/Festivo, Representacion · LGBTQ+ (FF), Dinamica · Amigos a amantes, Dinamica · Hermano del mejor amigo/a, Paranormal · Fae/Feerico, Paranormal · Angeles y demonios, Ambientacion · Small town, Dinamica · Segunda oportunidad, Arquetipo · Bad boy, Publico · New adult, Tono · Trauma/Salud mental, Tono · Oscuro, Arquetipo · Billonario/CEO","Romance contemporáneo","","","","","",""
"León Kamikaze","Álvaro García Hernández","_Genre.Young Adult.Young Adult","Gran angular","348.0","**Premio Gran Angular 2016.** Me llamo León, León Kamikaze. Nunca tuve una familia; ni siquiera unos amigos. Me enamoré una vez... He tenido tres vidas. En la primera, el mundo me rechazó. En la segunda, todos me odiaron. En la tercera, aún no sé quién soy. Me llamo León, León Kamikaze, y este es el rastro que me ha traído hasta AQUÍ.","isbn:9788467585926,grvotes:497,goodreads:29957749,amazon:8467585927,epl:54806,revision:1.0","","Novela, Juvenil","Paranormal · Lobos/Shifters, Publico · Young adult/Juvenil, Tono · Humor","Romance contemporáneo [REVISAR]","","","","","",""
"El diario de Martín Lobo","Martín Lobo","Erótico, Español.Romance, _Biblioteca.Romance.Contemporaneo","","1.0","Soy zurdo, Géminis y homosexual. Tengo casi treinta años, la dualidad de los psicópatas, el desdoblamiento de los genios y el 2x1 de un supermercado en oferta. Soy moderadamente guapo y moderadamente feo, demasiado listo y terriblemente tonto, obsesivo compulsivo, catador infatigable de whisky, fetichista de los ombligos y adicto a Gabriel García Márquez, la comida basura, Edith Piaf y el olor de los libros viejos.Eyaculé por primera vez a los doce años mientras veía el Tour de Francia a la hora de la siesta. Desde entonces, mi ecosistema se alimenta de la búsqueda del amor eterno, que siempre se me escapa entre los dedos y me deja demasiado tiempo libre para mi afición favorita: el sexo. A lomos del Caribe, en cualquier motel de Centroeuropa o justo aquí, en la sauna Paraíso de Madrid. Pero todos esos momentos se perderán cuando conozca a Sasha, el ruso más ruso —y peligroso— de todos los rusos. Bueno, y a Bastian, el noruego formal y cariñoso. De acuerdo, y también a Carlos, el trompetista ninfómano e infiel… Pero no estoy solo en este viaje. Me acompañan Sibila, mi mejor amiga; Zeltia, mi mejor amiga lesbiana; Alvarito, mi mejor amigo que no ha salido del armario; Titán, mi mejor amigo que sí ha salido del armario, y Javier, mi compañero de piso y mi enemigo íntimo.Mi nombre es Martín Lobo, y vomito todas estas aventuras —y muchas más— en un blog-coctelera en el que mezclo semen con ternura, venganzas y abucheos, prepucios y caricias a cambio de un módico sueldo de periodista arrebatador. Y como siempre he sido un animal de instintos, tengo el pálpito de que este año mi suerte va a cambiar. Porque no sólo de desastres vive el hombre…","","","Erótico, Romántico","Dinamica · Companeros de piso, Dinamica · Obsesion/Stalker, Tono · Picante/Erotico, Paranormal · Lobos/Shifters, Representacion · LGBTQ+ (FF)","Romance contemporáneo [REVISAR]","","","","","",""
"Warm Nights in Magnolia Bay","Babette de Jongh","English.Romance.Contemporary Romance, Contemporary, _Biblioteca.Romance.Contemporaneo","Welcome to Magnolia Bay","1.0","Welcome to Magnolia Bay where:    * The animals interfere in their owners' love lives    Everyone (humans and animals alike) has an opinion about everything  The neighbor is as infuriating as he is gorgeous  And a sprinkle of hope is just the right thing to have you believing in love again  Abby Curtis lands on her Aunt Reva's doorstep at Bayside Barn with nowhere to go but up. Learning animal communication from her aunt while taking care of the motley assortment of rescue animals on the farm is an important part of Abby's healing process. She is eager to begin a new life on her own, but she isn't prepared for the magnetism between her and her handsome, stubborn and distracting new neighbor.  Quinn Lockhart snapped up the foreclosed estate next door determined to renovate and flip the beautiful bayou property. It's all part of a plan to make a financial comeback and reconnect with his estranged son. Definitely not part of the plan is the noisy petting zoo next door dragging down his property value. But getting rid of it becomes more difficult when he falls for the lovely and passionate Abby and bonds with an abandoned wolf dog who's mournfully waiting for his family to return. For humans and animals alike, it will take all the courage they can muster to learn to love again. But that's a journey worth taking—with a little help from their furry friends.  You'll fall in love right along with Abby as animals and humans alike find unexpected ways to connect, nurture each other, and thrive.","isbn:9781728216966,amazon:B08DHJ8P48,ff:j/babette-de-jongh/warm-nights-in-magnolia-bay,goodreads:57155144","","","Paranormal · Lobos/Shifters","Romance contemporáneo [REVISAR]","","","","","",""
"Her Werewolf Hero","Jodi Vaughn","","","1.0","<p>Lucien needs nothing and no one...until he meets her.</p><p> </p><p>Werewolves are disappearing and it's up to Pack Guardian Lucien Sauvage to track them down and eliminate any future threat. When the trail leads to a gentlemen's club&#8212;and the beautiful Catty Steele&#8212;Lucien realizes asking the suspicious dancer for help might be his only hope, if he can resist the temptation to touch her long enough to earn her trust.</p><p>Catty Steele has no reason to trust any man, let alone an alpha werewolf who's used to giving orders. The only thing she wants is out. Out of this club. Out of this town. Out of this go-nowhere life. Unfortunately, the club's owner has no intention of letting her go. But when Lucien asks for her help, she can't say no, despite the risk. She'll help him, if he can keep their alliance a secret, and as long as he understands that working with him doesn't mean she has any intention of allowing the smoking hot, brooding werewolf to boss her around. And...","","","","Paranormal · Lobos/Shifters","Romance contemporáneo [REVISAR]","","","","","",""
"Downward Dog","Edward Vilga","Fiction/General","","1.0","<p><B>""What Karl Lagerfeld is to fashion, Edward Vilga is to yoga. He has poured his years of experience into this sexy, charming and well-written escapade"" (Simon Doonan, author of <I>Soccer Style</I>).</B><BR /> <BR /> A study in love, loss, and sexual misadventures in New York City, <I>Downward Dog</I> tells the tale of a handsome Bad Boy who becomes a yoga instructor while trying to redeem his womanizing ways and win the forgiveness of the only woman he's ever really loved.<BR /> <BR /> Down on his luck thanks to a failed nightlife venture which fell apart because of his womanizing, our hero's stuck with massive debt and broken dreams.<BR /> <BR /> His only safe haven is the yoga world, and when his well-connected best buddy launches his yoga career among NYC's elite, our working class hero becomes a guru to society's top 1%, a wolf let loose amongst a flock of comely sheep.<BR /> <BR /> ""<I>Downward Dog</I> is not only a sexy/funny page turner, it also shares the emotional...","isbn:9781626810150","","Fiction/General","Arquetipo · Bad boy, Paranormal · Lobos/Shifters","Romance contemporáneo [REVISAR]","","","","","",""
"Paige Cameron","Commando Cowboys Find Their Desire","English.Romance.Contemporary Romance, _Biblioteca.Romance.Contemporaneo","Wyoming Warriors","7.0","[Siren Everlasting Polyromance: Erotic Paranormal Cowboy Multiple Partner Romance, M/F/M, shape-shifters, HEA]  

Payton Camilius and Cody Jessup want Averil Stanwic. But Averil's divorce has left her uninterested in having a relationship with any man, much less two.  

When they come by her cabin, Averil pushes Payton. He stumbles, hits his head, and ends up in the hospital. Cody takes his anxiety and anger out on Averil, putting distance between them. Then before Payton is released from the hospital, the enemy poisons Averil.  

Kira, Averil's twin sister, unknown to everyone but her family, comes to the ranch to save her sister's life. She has abilities few know about. A special blood transfusion saves Averil. She goes with Cody and Payton to their house. But the killer persists and gets past Payton and Cody's defenses. The next attack on Averil puts her at death's door.  

Will Averil respond to the desperate attempts to save her and find happiness with Cody and Payton? And who can stop the enemy who moves freely around the ranch?  

A Siren Erotic Romance
","isbn:9781622422036,goodreads:16281711","","Romance","Tono · Picante/Erotico, Arquetipo · Vaquero/Western, Paranormal · Lobos/Shifters, Tono · Trauma/Salud mental","Romance contemporáneo [REVISAR]","","","","","",""
"¡Eres galáctica, Carlota!","Gemma Lienas","novela, Juvenil","Gran angular","174.0","La adolescente Carlota se enfrenta a un montón de problemas, pero siempre con buen humor. ¿Qué harías tú si no pudieras soportar a la hija de la novia de tu padre? ¿Y si sospecharas que tu mejor amiga es anoréxica? ¿Y si vieras cómo un grupo de racistas apalean a un chico negro? Carlota quizá no tenga una solución para cada una de estas preguntas, pero se lo toma todo con energía y buen humor.","revision:1.0,epl:54740","","Novela, Juvenil","Paranormal · Lobos/Shifters, Publico · Young adult/Juvenil, Tono · Humor","Romance contemporáneo [REVISAR]","","","","","",""
"A Dangerous and Possessive Love","Marian Tee","Romance, Novella, Dark, English.Romance.Billionaire Romance, Ebooks, bad boy romance, English.Romance.Dark Romance, M F Romance, English.Romance.Mafia Romance, English.Romance.Contemporary Romance, Contemporary, _Biblioteca.Romance.Contemporaneo, Contemporary Romance","","1.0","Note: This was previously published as Prince of Darkness (Part One).  He's powerful, merciless, and so, so dangerous that people call him the Prince of Darkness. And right now, the prince wants...me.  I really should've known better.   His place looks more like a fortress than a home, and everyone living with him is armed to the teeth.   That should've been enough to send me running.   But because I was foolish, I ended up working for him.   A foolish lamb serving the terrifying wolf in a suit.   I thought having a boyfriend would make me immune to the Prince of Darkness.   I thought I could keep myself safe.   But I was wrong.  This is Part I of the Dark Mafia Romance duet. If you enjoyed books such as 365 Days or 365 DNI by Blanka Lipinska, then you might want to give this a try.   Other themes: college romance, bully romance, billionaire romance","goodreads:54342950","","Mafia Romance, dark romance, billionaire romance, Contemporary Romance, bad boy romance","Dinamica · Bully romance, Dinamica · Posesivo/Celoso, Tono · Oscuro, Arquetipo · Mafia, Arquetipo · Billonario/CEO, Arquetipo · Bad boy, Ambientacion · Campus universitario, Paranormal · Lobos/Shifters","Romance contemporáneo [REVISAR]","","","","","",""
"Alpha Billionaire 2","Helen Cooper","_Biblioteca.Romance.Contemporaneo","","1.0","Just who are Grant Slate and Tyler? 
  

Evie Johnson decided to be the bad girl when she went home with Grant Slate. After a sexy night, she's not prepared for the warnings Tyler gives her about his billionaire boss. 
  

Evie isn't sure who to trust and she's not sure why she's so attracted to Tyler, with his alert and guarded blue eyes. When she finds a stack of letters that tell of a mystery Evie finds herself wanting to find out exactly what's going on. Only as she digs deeper, she finds herself more caught up with both Grant and Tyler. 
  

What game are the two wolves playing with her and will Evie cross a line that will forever change her life? 
","amazon:B00NG86CPU","","","Arquetipo · Alpha male, Arquetipo · Billonario/CEO, Paranormal · Lobos/Shifters","Romance contemporáneo [REVISAR]","","","","","",""
"Alpha Hunted","Crea Reitan","Romance, Polyamory, Why Choose, _Biblioteca.Romance.RomanceSciFan, Dark Romance, M M F, Paranormal, Themes.Explicit Sex, M M Romance, Contemporary, Omegaverse, M F M","","1.0","I lost everything in a freak accident. My entire family; everything I’d ever cared about - gone in an instant. Unable to bear the constant reminders and emptiness of my life, I moved across the country to dull the loss, hopefully falling into the anonymity of a large city where even an alpha could disappear.  Starting over was never in my plans. All I wanted was to blend in and let life pass me by. Live in my modest studio apartment with my mindless job as an absentee owner of a popular juice bar downtown.  I spent my days with headphones in as I worked through each machine at the gym, grabbing a juice from my cafe on the way home, and drowning myself in the solitude of my house.  And then I met the only thing I’d never managed to obtain with my pack - an omega who made everything in me spark. And in the next breath, a shy beta who made my most basic instincts rear up and want to wrap her in my arms and give her the world.  Try as I may, I can’t seem to run far enough away from either of them. Once we meet, something keeps pulling us back together at every corner. Just as I start to give in and wrap myself in their pack that consists of two other alphas, I find out that the freak accident that took my first pack from me wasn’t an accident at all.  And now I’m being hunted by the murderers who intend to finish the job.  *This is a polyamorous story with content not suitable for those under 18 years of age due to graphic content.*","goodreads:60660712,amazon:B09RVYR25L","","","Dinamica · Harem inverso/Why choose, Dinamica · Poliamor/Trio, Tono · Oscuro, Tono · Picante/Erotico, Paranormal · Lobos/Shifters, Paranormal · Omegaverse","Romance contemporáneo [REVISAR]","","","","","",""
"Alpha MC: The McKinnon Brothers","Alana Hart","_Biblioteca.Romance.Contemporaneo","","1.0","Three brothers. Three jobs. Three women who change their lives forever.  Shifter Connor meets the brave Casey while on a job to put an end to a madman's fight ring. When both of their covers are blown, they have only each other. Can they fight their attraction or will they break the rules of Connor's pack and be together?  Aidan's world is turned upside down when he sent to bring a women back to the husband she ran from. The woman, Reagan, broke Aidan's heart ten years earlier when he came for her, but she loved him still. Is it too late for them or can they find love again?  Liam is angry, resentful, and when he is sent to gather intel on a secret shifter trade organization and gets stuck there, he is downright pissed. It doesn't help that his only ally is a human with a mouth as vulgar as his and a body that makes him question the 'no human' rule. But when she reveals a plan to escape, he has no choice but to follow. Can these two get past their pasts and fall in love?  Find out what happens to the McKinnon Brothers and the women who steal their hearts!","amazon:B01M0DTGD5,goodreads:32492984","","","Paranormal · Lobos/Shifters","Romance contemporáneo [REVISAR]","","","","","",""
"Archer","Emilia Hartley","Romance, Paranormal, Shapeshifters, Paranormal Romance, Fantasy, Contemporary, Supernatural, Contemporary Romance","Outcast Bears","1.0","Archer had no plans to return home. Not after the dramatic exit he'd made. An arranged marriage to settle the feud between two packs sounded alright on the surface, but he'd be damned if he were to be mated to someone he didn't love. When Archer and his brothers left home they didn't plan on ever going back... That is until he received a call from a familiar voice years later urging him to return home to fix a problem that could destroy them all.  Joanna loved him. When she found out she was going to be mated to Archer, she couldn't contain her excitement. He was the most kind, generous and sexy man she'd ever met. It was like a dream come true. Until he crushed her heart on the day of the ceremony. She was broken and had never really recovered from the betrayal. And now the bastard had the balls to return to Stonefall all these years later?  Who was she kidding, she couldn't stay mad at him. If she was honest with herself, she'd admit that Archer was and always will be the only man to occupy her thoughts... and hopefully her bed.  *Content Warning: This book contains lots of sexy shifter action. Intended for a mature audience only,*","goodreads:38337524,amazon:B079KCHMWG","","","Dinamica · Matrimonio concertado, Paranormal · Lobos/Shifters, Subgenero · Paranormal romance","Romance contemporáneo [REVISAR]","","","","","",""
"Así es la vida, Carlota","Gemma Lienas","novela, Juvenil","Gran angular","103.0","¿Has sentido alguna vez que en casa el ambiente se puede cortar con cuchillo, que te gustan dos chicos a la vez, que una asignatura se te atraviesa y que tu cuerpo cambia justo cuando no puedes recurrir a tu mejor amiga porque se ha echado novio? Pues deja que Carlota te sorprenda porque ¡la vida es así!","epl:54716,revision:1.0","","Novela, Juvenil","Paranormal · Lobos/Shifters, Publico · Young adult/Juvenil, Tono · Humor","Romance contemporáneo [REVISAR]","","","","","",""
"Blind Date for Spring","Lorelei M. Hart & Colbie Dunbar","_Biblioteca.Romance.Contemporaneo, Romance, M M Romance, Omegaverse","Love at Blind Date","3.0","**Two questions. Four answers. One date.** Tailor Jason Baxter’s shop is finally in the black. After spending countless hours designing and sewing wedding suits, along with altering and mending items for walk-ins, he’s finally making a profit. He’s even considering expanding his business. The last thing this omega has time for is a date—especially a blind date.  Real estate magnate Rex Soames is at the top of his field. He loves what he does and he’s good at it. The last thing he wants is to mess it up with a relationship. His family, on the other hand, thinks a relationship is exactly what the alpha needs. When his brother, Colin, creates a new dating app, he begs Rex to beta test it. Fine. Anything to get Colin off his back.  Neither is looking for love. Who has time for that? But maybe, just maybe, a night out could be fun...  *Blind Date for Spring is a super sweet with knotty heat M/M Mpreg romance featuring a talented tailor who jumps to a conclusion when he should know better, an alpha who thought he knew what he wanted but had it all wrong, an unexpected pregnancy, some slightly stalkerish behavior, and the launch of the weirdest dating app ever. If you love your mpreg with heart, you will love this new addition to the popular Love at Blind Date series by the cowriting team, Lorelei M. Hart and Colbie Dunbar.*","goodreads:53141063,amazon:B085JYNCVJ","","","Paranormal · Lobos/Shifters, Paranormal · Omegaverse","Romance contemporáneo [REVISAR]","","","","","",""
"Cassio","Eva Winners","English.Mystery / Thriller.Crime Fiction, English.Romance.Contemporary Romance, Contemporary, English.Mystery / Thriller.Suspense Thriller, Themes.Explicit Sex, English.Romance.Mafia Romance, Adults (18+), _Biblioteca.Romance.Contemporaneo","Belles & Mobsters","3.0","**Cassio King. Mi salvador. Mi enemigo.** El hombre que acechaba en las sombras de mis sueños. Se suponía que se casaría con mi prima. Sin embargo, aquí estoy yo... tomando su lugar. He odiado a la familia King desde que tengo memoria. Ciertas cosas son imperdonables. Pero hay más de Cassio de lo que muestra a simple vista. ¿Podré encontrar mi felicidad para siempre y vengar el daño que su familia nos había hecho a mí y a mi padre?","amazon:B09MNTWDHY,goodreads:59925907","","","Tono · Picante/Erotico, Arquetipo · Mafia, Subgenero · Policiaco/Detective, Paranormal · Lobos/Shifters, Subgenero · Thriller psicologico","Romance contemporáneo [REVISAR]","","","","","",""
"Clash Landing","Jenna Gunn","Themes.Explicit Sex, _Biblioteca.Romance.Contemporaneo","Agile Security & Rescue","5.0","A man like me doesn’t turn away from danger. I run toward it.   SEALS never stop until the mission is complete.   Especially when it’s making my teammate’s missing sister mine for good.  But I’m not just fighting the dangerous criminals hunting her…   The sexy doctor is determined to challenge me all the way.  For fourteen months I’ve been looking at a crumpled photo in my pocket. Wondering what it would be like to have those eyes turned on me. Hungry to know what her voice sounds like in the dark of night.  So when her enemies come for her, I don’t hesitate to walk right into the viper’s den.   Any risk is worth taking. I won’t stop until I know she’s safe in my arms.  Because I know in my marrow that she is the one.   When I look at that picture of her, I see a future that I want for the very first time.   Now I just need to prove I'm the only hero she'll ever need.  About Clash Landing  Tracking his teammate's lost sister leads former Navy SEAL ""Mako"" Wright on a race across the globe. But Dr. Erika Cerna's not convinced she needs a hero. She's determined to continue the work that is her true passion. But the risk to her safety goes beyond the usual dangers she knows. And Mako and the Agile Team are prepared to do anything to bring her home safely.  This sizzling full length book is a standalone and can be read as part of the Agile Search and Rescue Series. No cheating and no cliffhangers. Just page turning action, hot-flash igniting chemistry, and suspense to keep you on the edge of your seat until the very last page. Curl up tonight with this heart-pounding Happy Ever After suspense romance.","goodreads:107244923,amazon:B09T5Z2D2Z","","","Tono · Picante/Erotico, Arquetipo · Militar/SEAL, Dinamica · Prohibido, Dinamica · Proximidad forzada, Arquetipo · Guardaespaldas, Paranormal · Lobos/Shifters, Dinamica · Segunda oportunidad, Dinamica · Enemigos a amantes, Dinamica · Relacion fingida, Arquetipo · Alpha male, Arquetipo · Bombero, Subgenero · Romantic suspense, Tono · Trauma/Salud mental, Tono · Angst/Drama emocional","Romance contemporáneo [REVISAR]","","","","","",""
"Corbin's Conflict","E. C. Land","Paranormal, Shapeshifters, Paranormal Romance","Spiked Raiders MC","1.0","**This life is a choice. One you make with or without confliction.** **Corbin** Things are happening in my town and my county. We're split between two clubs. Rivals that share blood and a common enemy.  Witches.  I hate them. All of them. I have my reasons, but fate seems to have other plans. Plans I don’t care much for.  The day she comes into my life, I want to throw the raven-haired, emerald-eyed beauty out, but she can help in ways we need. The question is, can I resist the bond between us when the heat grows hot?  Danger swirls around us and we’re left with no other choice but to trust one another. Conflicted, I decide to let my instincts lead, even when that decision puts her in my arms.","amazon:B0CHHLVJ4W,goodreads:198671742","","","Paranormal · Lobos/Shifters, Paranormal · Brujas/Magos, Subgenero · Paranormal romance","Romance contemporáneo [REVISAR]","","","","","",""
"Cowboy Christmas Redemption","Maisey Yates","_Genre.Fiction.Contemporary, _Topics.Holiday, _Genre.Romance.Contemporary Romance, _Genre.Literary.Literary Fiction, _Topics.Adult Content","Gold Valley","8.0","**Celebrate the magic of Christmas with *New York Times* bestselling author Maisey Yates! As snowflakes fall in Gold Valley, Oregon, will this rugged cowboy finally win the woman of his dreams?** Cowboy Caleb Dalton has loved single mom Ellie Bell, and her little daughter, Amelia, for years. But since Ellie is his best friend’s widow, Caleb’s head knows Ellie will *always* be strictly off-limits. If only his heart got the memo. So when Caleb discovers that Ellie has a Christmas wish list—and hopes for a kiss under the mistletoe—he’s throwing his cowboy hat into the ring. If anyone’s going to be kissing Ellie and sharing this magical time with her and her daughter, it’s him.  Ellie has dreaded the holidays since losing her husband. But this year, she’s finally ready to make some changes. She never expects the biggest change to be the heart-stopping kiss she shares with Caleb. For almost five years, Caleb has been her best friend, her rock, her salvation. This Christmas, can Caleb prove he’s also the missing puzzle piece of Ellie’s and Amelia’s hearts?  **Don't miss *The*** ***Lost and Found Girl* ********* *by* ***Maisey Yates! A powerful novel of sisterhood, secrets and how far you’d go to protect someone you love.* *  **Read the entire Gold Valley series:**   1\. Smooth-Talking Cowboy   2\. Untamed Cowboy   3\. Good Time Cowboy   4\. A Tall, Dark Cowboy Christmas   5\. Unbroken Cowboy   6\. Cowboy to the Core   7\. Lone Wolf Cowboy   8\. Cowboy Christmas Redemption   9\. The Bad Boy of Redemption Ranch   10\. The Hero of Hope Springs   11\. The Last Christmas Cowboy","amazon:1488052336,isbn:9781488052330,goodreads:43162891","","","Dinamica · Padre/Madre soltero/a, Arquetipo · Vaquero/Western, Arquetipo · Bad boy, Paranormal · Lobos/Shifters, Ambientacion · Navideno/Festivo","Romance contemporáneo [REVISAR]","","","","","",""
"Cry Wolf","Maggie Shayne","","","1.0","<p>NOTE: This is a 25,000-word novella. There will be a new Brown and de Luca Novel, GIRL BLUE later in 2019.</p><p>""Shayne has hit the jackpot with the pairing of self-help author Rachel de Luca and Detective Mason Brown. ...he is a master storyteller.""<br />&#8211;RT Book Reviews on Innocent Prey, a Brown and de Luca Novel<br />#<br />Hey, I'm Rachel and just so you know up front, I've got a mouth on me. Not in public&#8211;when I can help it. Cussing is bad for the image of a bona fide guru of self-help, or that which I call ""the bullsh*t I write.""</p><p>Only, I'm not so sure it's bullsh*t, because in trying it out, I got my eyesight back after 20 years. Yeah, the corneal tissue came from a serial killer, and yeah, I started seeing his crimes. But still, eyesight.</p><p>I also have the hottest detective in the universe attached to my proverbial&#8211;and, okay, wider than I'd like&#8211;hip. I got his 2 nephews with the package and I couldn't fu&#8211;freaking love Jeremy and...","isbn:9781945038570","","","Paranormal · Lobos/Shifters, Subgenero · Policiaco/Detective, Subgenero · Asesino en serie","Romance contemporáneo [REVISAR]","","","","","",""
"Cupido es un lobo feroz","Chloe Santana","demons, Comedy.Funny","","1.0","Buscaba al hombre perfecto... encontró al demonio de sus sueños. 
¿Qué harías si necesitaras encontrar un novio para la boda de tu hermana? ¿Y si el tipo más sexy y desquiciante sobre la faz de la tierra apareciera ante tus ojos con la palabra ""problemas"" grabada en el six pack? 
Dante es un demonio cansado de las brasas del infierno. Dispuesto a redimirse, decide poner todo su empeño en arreglar la vida sentimental de Alison, una patosa veterinaria con un desastroso pasado amoroso. 
Alison nunca creyó que maldecir en voz alta podía resucitar a un demonio con ínfulas de Cupido. ¿Quién es ese bombón de ojos plateados y sonrisa prometedora? ¿Y por qué está tan empeñado en conseguirle un novio?
","goodreads:23780242","","Fantasy.Paranormal.Demons, Humor","Paranormal · Lobos/Shifters, Paranormal · Angeles y demonios","Romance contemporáneo [REVISAR]","","","","","",""
"Dancing & Drama","Suki Williams & Jarica James","Romance, Polyamory, Why Choose, Friends To Lovers, Omegaverse, Fantasy, Paranormal, _Biblioteca.Romance.Contemporaneo","Omega Besties","2.0","How long can I hold onto my secrets before I break?  My entire life has revolved around taking care of others. Between a sick mom and keeping my best friend safe, I’ve lost myself. Or maybe I just never bothered to find myself.  The only thing keeping me sane is my job at the strip club. Dancing is my escape and doing it as a career has given me more confidence than I ever thought possible.  The issue?  The job comes with more than just benefits. Four alphas have now decided that I’m theirs and refuse to let me run away.  And for once in my life, I don’t want to either.  When new secrets are revealed, I feel like my entire world is ready to crumble around me. But can I choose between a pack that makes me happy and someone’s life?  This is a why choose poly contemporary omegaverse series of standalones. The characters are all adults and there will be mentions of alcohol, drug use, and some violence. Some of the books in this series will contain MM.","amazon:B0BPP1F7BN,goodreads:122634086","","","Dinamica · Harem inverso/Why choose, Dinamica · Poliamor/Trio, Dinamica · Amigos a amantes, Paranormal · Lobos/Shifters, Paranormal · Omegaverse","Romance contemporáneo [REVISAR]","","","","","",""
"Dangerous Secrets","Jenna Gunn","Themes.Explicit Sex, _Biblioteca.Romance.Contemporaneo","Agile Security & Rescue","8.0","The former SEAL’s new mission has a serious perk—a fake date with a beautiful stranger. Unraveling the lies surrounding her life? That’s where things get lethally dangerous.  Justin 'Dozer' Roark didn’t expect to need a fake date for his first civilian security mission. He would quickly flip you off if you told him he’d fall for the cocktail waitress he paid to help him.  He wasn’t in the market for love. Ever. His heart was locked down behind a shield of dark emotional scars from his past.  When McKenzie Rush’s father died in an accident, her life was shattered. Desperation landed her far from Alaska and thrust her into an abuser's hands. Climbing out of his cruel web and getting back to life as a homesteader seemed impossible.  The second Dozer realizes the dire situation McKenzie’s in, his mission focus shifts to doing anything he can to keep her safe.  That means uncovering the dangerous secrets that surround her, and if he gets his way, showing her that love isn’t always based on lies.  Fans of Brittney Sahin, Jane Blythe, Riley Edwards, and Susan Stoker can find their new binge-worthy-addiction with the Agile Security & Rescue Series.  Start reading this sizzling fake date protective hero suspense romance today! HEA. No cheating, no cliffhangers. Written in first person.","amazon:B0CGVYCNMS,goodreads:198208661","","","Tono · Picante/Erotico, Arquetipo · Militar/SEAL, Dinamica · Prohibido, Dinamica · Proximidad forzada, Arquetipo · Guardaespaldas, Paranormal · Lobos/Shifters, Dinamica · Segunda oportunidad, Dinamica · Enemigos a amantes, Dinamica · Relacion fingida, Arquetipo · Alpha male, Arquetipo · Bombero, Subgenero · Romantic suspense, Tono · Trauma/Salud mental, Tono · Angst/Drama emocional","Romance contemporáneo [REVISAR]","","","","","",""
"Dangerous Ties","Jenna Gunn","Themes.Explicit Sex, _Biblioteca.Romance.Contemporaneo","Agile Security & Rescue","10.0","**She treats him like he's the enemy, but he'll face down an army of criminals to keep her safe.** The former Force Recon Marine knows the bro code, so he’s well aware his teammate’s younger sister-in-law-to-be is off-limits. Not to mention pursuing her would be breaking protocol and he'd lose his new job. But Sebastian ‘Kodiak’ Beckett can’t seem to stay away from her, and if he’s not careful, it may get him killed… Madeline Rush has got enough stress in her life without some bossy alpha sticking his nose in her business. But Sebastian's not the kind of man who will stand by and watch the musician's inept guards endanger her life. Especially when she gets tangled up with a deadly criminal. Forbidden or not, she’s his to protect, and he doesn’t trust anyone else with her safety. The clock is ticking. The deadly threat is too close. And if Beckett and the Agile team can't win the race to save her, Sebastian will lose everything: the woman he’s falling for and his last hope at love will be destroyed by a brutal enemy. *FansJane Blythe can find their next addictive read in Dangerous Ties by Jenna Gunn in her binge-ready Agile Security series packed with action and heat from the first page to the very end.* *Scroll up and one click to start reading this romantic suspense with protective military hero and off-limits themes today! HEA guaranteed.*","goodreads:209239906,amazon:B0CWNCNMKB","","","Tono · Picante/Erotico, Arquetipo · Militar/SEAL, Dinamica · Prohibido, Dinamica · Proximidad forzada, Arquetipo · Guardaespaldas, Paranormal · Lobos/Shifters, Dinamica · Segunda oportunidad, Dinamica · Enemigos a amantes, Dinamica · Relacion fingida, Arquetipo · Alpha male, Arquetipo · Bombero, Subgenero · Romantic suspense, Tono · Trauma/Salud mental, Tono · Angst/Drama emocional","Romance contemporáneo [REVISAR]","","","","","",""
"A Demon's Gate","Emilia Hartley","Fantasy, Romance, Paranormal","The Arcana Pack Chronicles","5.0","I’ve never met another half demon before.   Charlie has my same love of hot peppers, my same thrill-seeking tendencies, my same fire-starting arcana.   She might even share my same father.   And she seems to know more than I do about what we are and what we can do. I can’t wait to get to know this maybe-sister better. Maybe she can help send all the demons I accidentally released back to Hell. Or at least teach me enough that I can do it myself.   Maybe she can even help me figure out how to avoid the apocalypse without burning myself out, the way my dreams keep warning me I will if I don’t just let it happen.   Yeah, there’s no downside to my new friend.   Except she doesn’t like any of my other friends, not even Morgan—the sexy dragon shifter who got me so mad that I opened that demon portal that let all the problems in.   That man always heats me up.   Mostly in good ways.   And he always has my back.   Always.   But, I see the way he looks at Charlie—the way he and my other friends ALL look at Charlie.   Like she’s dangerous. Untrustworthy. Evil, maybe.   Just because she’s a half-demon.   Is that what they secretly think of me, too?   Even Morgan?   Maybe it’s good that I’m starting to burn from the inside out.  If you like romances with strong, sassy heroines and sexy shifter heroes, you’ll love this book. A Demon’s Gate is the second full-length book in Vi and Morgan’s story—and the fifth book in the Arcana Pack Chronicles Recommended for 18+ (for language and sexual content).","goodreads:60810048,amazon:B09XWT9ZGD","","","Paranormal · Lobos/Shifters, Paranormal · Dragones, Paranormal · Angeles y demonios, Subgenero · Apocaliptico/Postapocaliptico, Subgenero · Paranormal romance","Romance contemporáneo [REVISAR]","","","","","",""
"Dirty Daddies 2023 Spring Anthology","Golden Angel & Emily Tilton & Stella Moore & M. A. Innes & J. D. Amore & Kelly Dawson & Minette Moreau & Lizzy Day & Shane Starrett & Sue Lyndon & S. Cinders & Stella Shelton & E. J. Frost & Kessily Lewel & Raisa Greywood & Layne Daniels & Ellie Rose & Aster Rae & Chloe Kent & Rogue London & Maren Smith & Kara Kelley","","","1.0","This is no April Fool’s Day joke!  Some of your favorite Dirty Daddy authors are teaming up to bring you a spring fling of steamy hot and light-hearted Dirty Daddies stories.   Scrub Daddy by Kara Kelley- If Mr. Clean was helping naughty little girls shine up their act.  Phone Daddy by Lizzy Day - Dial 1-800-Daddy to make a connection.  Seismic Daddy by EJ Frost - A Daddy who knows just how to make his little quake.  Goose Daddy by Kessily Lewel - That’s one mean Daddy =P  Demon Daddy by J.D. Amore - A Daddy so bad he’ll make you feel like you’re in heaven.  Appliance Daddy by Raisa Greywood - He’ll make sure you’re cooking with gas.  Tentacle Daddy by M.A. Innes - This Daddy Dom is a sucker for his baby boy.  Belt Daddy by Shane Starrett - He’s going to take his angel in hand until she learns to watch her mouth stop using puns (sadly for him, that will never happen).  Cheese Daddy by Golden Angel - It’s not easy being this cheesy.  His Royal Brat by Stella Moore - No Daddy can possibly be ready for this princess’ demands.  Demolition Daddy by Kelly Dawson - He’s going to break down the walls of her emotions and renovate her heart.  Hover Daddy by Layne Daniels - It’s not a leash, it’s a safety tether!  Plumber Daddy by Ellie Rose - Let Daddy clean your pipes.  WereBear Daddy by S. Cinders - Fast, furious, and furry.  Prepper Daddy by Sue Lyndon - What happens in Daddy’s bunker, stays in Daddy’s bunker.  Poker Daddy by Bayleigh Rae - The card table isn’t the only place he has a strong hand.  Lumber Daddy by Chloe Kent - That’s not wood in his pocket … or is it?  Curling Daddy by Stella Shelton - Looking for the perfect little girl to warm his ice cold heart.  Assistant Daddy by Allysa Hart - She’s the boss, but he’s in charge.  Wolf Daddy by L.V. Lane - When the sun goes down, this Daddy will have you howling.  Trope Daddy by Jacki James - Tag Line TBD  Cotton Candy Daddy by Aster Rae - This Daddy is so sweet, he’ll give you cavities.  Accountant Daddy by Rogue London - You can count on him.  Sparkle Daddy by Maren Smith - The only person he’ll sparkle for is his baby girl.  Chess Daddy by Emily Tilton- This Daddy is going to use a gambit to checkmate his Queen.","grvotes:288,amazon:B09X22NB1P,goodreads:60756357","","","Tono · Picante/Erotico, Paranormal · Lobos/Shifters, Paranormal · Angeles y demonios, Paranormal · Romance de monstruos","Romance contemporáneo [REVISAR]","Subgenero · Paranormal romance, Tono · Picante/Erotico, Paranormal · Romance de monstruos, Paranormal · Angeles y demonios","60","Paranormal","Antología de erótica Daddy con varias historias sobrenaturales (demonio, tentáculos).","",""
"Donner's Fated Mate","R. E. Butler","","Arctic Shifters","7.0","In the snowy dark night, Ivy has to make a choice – run away, or stay with the only man who has ever truly touched her heart.  Can she lay her heart on the line for a man who has a larger-than-life secret, or will this be the last time she has a chance at love?","amazon:B07HB4S61Y","","shifter romance, reindeer shifter romance, reindeer shifter, holiday shifter romance","Paranormal · Lobos/Shifters, Paranormal · Fated mates","Romance contemporáneo [REVISAR]","","","","","",""
"Dr. Trouble","Jenna Gunn","Themes.Explicit Sex, _Biblioteca.Romance.Contemporaneo","Agile Security & Rescue","2.0","**Hate at first sight. The former spy had it out for me from the word go.** **Answering to me made her blood curdle.** **Then I saved her life and everything really went to Hades.** Ever meet someone that just drives you mad?  Well, that’s apparently what I did for Simona.  But she drove me mad in a whole different way.  I couldn’t get her out of my head.  Or get the feel of her out of my cells.  So when she fell off the radar during her recovery I knew I had to find her.  But if spy girls are good at one thing it’s leaving you in their dust.  Only I’ll chase her around the world for a shot at proving there’s far more than scorching chemistry between us.  Even if it means I’m walking into a dangerous web from her past.  Something I'm ready for because my Navy career prepared me for war.  And everything about the beautiful Czech is worth fighting for. Because once I was bitten by her kind of magic, I won’t be happy until she’s mine.  **Dr. Trouble** is a standalone book and is book 2 in the Agile Security and Rescue Series. This book tells Scotch and Simona's enemies to lovers story. Full of action and suspense from the very first moment, these two will have you turning pages until the very last word. With no cheating, no cliffhangers, and an HEA with all the feels, this book will win your heart and be your new favorite.  Jenna Gunn is a master of suspense, action, and sizzling moments that will turn up the heat on a cold winter night. Her books always feature strong heroes and the smart women who win their hearts.","ff:g/jenna-gunn/dr-trouble,amazon:B09NCN176R","","","Tono · Picante/Erotico, Arquetipo · Militar/SEAL, Dinamica · Prohibido, Dinamica · Proximidad forzada, Arquetipo · Guardaespaldas, Paranormal · Lobos/Shifters, Dinamica · Segunda oportunidad, Dinamica · Enemigos a amantes, Dinamica · Relacion fingida, Arquetipo · Alpha male, Arquetipo · Bombero, Subgenero · Romantic suspense, Tono · Trauma/Salud mental, Tono · Angst/Drama emocional","Romance contemporáneo [REVISAR]","","","","","",""
"Falling for Autumn","Chloe Gunter & Jarica James","Fiction, Romance, romantic comedy","","1.0","If you told me I'd end up in handcuffs my first night back home in Holiday Hollow I'd have called you crazy. Coming back to take over my family's orchard, especially as an omega on my own, means I have one hell of a legacy to live up to. I guess it's a good thing I've got the sweet pumpkin farmer next door and local handyman on my side. Now, if the sheriff would stop riling me up with his alpha vibes. With the fall festival and my heat soon approaching I'll have to find the perfect balance between life and love or risk losing everything I've worked so hard for. The Holiday Hollow Omegaverse features standalone stories that are the perfect blend of sweet and spicy with a HEA guaranteed!
","google:KUCtzwEACAAJ,amazon:B0BFZXGJ37,isbn:9798376731734","A Contemporary ROMCOM Omegaverse Standalone","","Tono · Picante/Erotico, Paranormal · Lobos/Shifters, Paranormal · Omegaverse, Ambientacion · Navideno/Festivo, Subgenero · Comedia romantica","Romance contemporáneo [REVISAR]","","","","","",""
"Fated to My Alpha Boss","Fox Hawkins","M M Romance, _Biblioteca.Romance.RomanceSciFan, Shapeshifters, Short Stories","","1.0","Every pregnant omega dreams of their eventual birth being a whirlwind rush to the hospital, complete with an assembly of nurses and commanding doctors.  Luca thought his would be that way too.  Yet things take a turn for the worse when on the way home from Adrian's mother's house their car slides off the road in the midst of a snow storm. Stranded, the two are left with little choice but to wander out into the white wonderland in search of help or shelter.  And, as it just so happens, this is the night that Luca finally gives birth.  *Book 5 — A surprise delivery on New Year's Eve...*","amazon:B019JD1DS6,goodreads:28241885","","","Arquetipo · Alpha male, Paranormal · Lobos/Shifters, Paranormal · Fated mates, Subgenero · Supervivencia","Romance contemporáneo [REVISAR]","","","","","",""
"Flirting With the Beast","Jane Porter","English.Romance.Contemporary Romance, Themes.Adult Content, Themes.Holiday, _Biblioteca.Romance.Contemporaneo","Modern Love","2.0","**A woman expecting to spend the holidays alone finds warmth in the iciest man she knows in this steamy and charming later-in-life romance by *New York Times* bestselling author Jane Porter.**  
It’s been five years since Andi McDermott lost her husband, and she's finally starting to feel like herself again, ready to live fully—she’s even started dating again. But when her holiday plans with her stepson and his fiancée fall through, she refuses to spend another Christmas alone while everyone is celebrating with their families. Impulsively, she decides to go up to her cabin in Lake Arrowhead, a place she used to love to visit but hadn’t gone to in years, not since the feud started between her husband and their nearest neighbor.   
Andi starts to rethink her decision when being alone at the cabin proves to be more challenging than she expected—a heavy snowstorm hits the area, and Andi finds herself trapped there with no one to help except for her neighbor, Wolf Enders. A military vet who lives full-time on Lake Arrowhead, Wolf is as grumpy and intimidating as Andi remembers. But he’s also unexpectedly kind and uncomfortably sexy—his presence reminds Andi that she may be older, but her body still works perfectly fine, thank you very much. But can this good girl tame this sexy beast of a man, and will this snowy fling turn into a love of a lifetime?
","goodreads:61260119,grvotes:438,isbn:9780593438411,amazon:B09TN8NMWR","","Español.Romance.Romance Contemporáneo","Tono · Picante/Erotico, Paranormal · Lobos/Shifters, Ambientacion · Navideno/Festivo","Romance contemporáneo [REVISAR]","","","","","",""
"Forbidden Knight","Jenna Gunn","Themes.Explicit Sex, _Biblioteca.Romance.Contemporaneo","Agile Security & Rescue","4.0","**A Stuck Together Suspense Romance** She's was ready to shake off her royal shackles but the off-limits bodyguard gets caught in her disaster.    Will they have one night together, or will he be the knight who saves her life and steals her heart forever?  Wolf Black  Nobody said the job description at Agile called for getting married. Breaking into a Palace. Chasing a mysterious relic around the globe. Or giving up my heart.  I thought when I got out of the SAS my life was going to be nice and simple. But now I’m thinking I should ask for hazard pay.  Kate   Just when I manage to get away from the island and start my quest for a normal life, I get blindsided.  By Wolf Black.  Oh wait, it wasn’t him that blindsided me first.    It was the otherworldly gemstones that have been hidden in my family for decades. And the threat of unrest on my island.  But Wolf shows up and I start to think maybe Knights in shining armor aren’t just for fairytale princesses. If only I can live long enough to find out.  Forbidden Knight is a light-the-pages-on-fire romance with a gorgeous former SAS soldier and a strong willed royal who’s determined to save her island. Even if it puts her life on the line. Wolf’s not only her chance at living, but a the Happy Ever After she’s always dreamed of. This is a standalone or can be read with the other Agile Security & Rescue books. No cheating and no cliffhangers.  Get ready to curl up with Wolf and Kate, the unlikely lovers, for their wild ride to forever togetherness.  +++  Special thank you to my cover model for this book- Instagram @Mr.Northy","amazon:B09RGMS599,goodreads:60631692","","","Tono · Picante/Erotico, Arquetipo · Militar/SEAL, Dinamica · Prohibido, Dinamica · Proximidad forzada, Arquetipo · Guardaespaldas, Paranormal · Lobos/Shifters, Dinamica · Segunda oportunidad, Dinamica · Enemigos a amantes, Dinamica · Relacion fingida, Arquetipo · Alpha male, Arquetipo · Bombero, Subgenero · Romantic suspense, Tono · Trauma/Salud mental, Tono · Angst/Drama emocional","Romance contemporáneo [REVISAR]","","","","","",""
"Forever Zara","V. Theia","","Renegade Souls MC","9.5","Zara and her bad biker-man, Rider, had come a long way since that fateful night when he pulled her from a nightmare.   They’ve built an impenetrable life together.   Raising their kids.   And working side-by-side to make the Renegade Souls MC into a conglomerate to be reckoned with.  Their love is *epic.*   It’s bigger than anything she’s ever felt before.  Their wedding day is finally here.   Surprises.   Enemies.   And a past that isn’t as dead as they thought.  She’s Queen to a one-percenter. No longer a scared woman. And she has the power of a revered Prez at her back.   Rider will do *anything* for her.   It’s how epic loves are.  **Heads up:** This isn’t a standalone novella. It’s a Rider and Zara revisit and it contains lots of pre-marital sexy-times with a Prez who worships his old lady. Also there’s some murders. How much do you love wedding cake?","amazon:B08XPDW3DL,goodreads:57231673","","","Paranormal · Lobos/Shifters","Romance contemporáneo [REVISAR]","","","","","",""
"Futa Bo Peep's Naughty Treat","Reed James","","","1.0","**A coed gets a naughty treat at the hands of Futa Bo Peep!** When Courtney and her fellow coeds decided to go trick or treating in their naughty costumes, they had no idea the wild night they would have. Dressed as a cute lamb, Courtney is about to run into her **futa-shepherdess!** When she meets **Futa Little Bo Peep** , Courtney is in for a wild night.  But what happens when another **naughty futa** , dressed as a hungry wolf, comes prowling. Will the **futa-shepherdess** keep her little lamb safe? Or will Courtney's night only get wilder?  You have to read this wicked **futa-tale** to find out what happens!  Futa Bo Peep's Naughty Treat is a 7500 word **futa-on-female, futa-on-futa, oral, facial, creampie, anal, DP, coed, college, supernatural erotica** that is not for the faint of heart.  **A story of the Aphrodite Sisterhood Universe!**","goodreads:48578762","","","Tono · Picante/Erotico, Paranormal · Lobos/Shifters","Romance contemporáneo [REVISAR]","","","","","",""
"Gauntlet","Elizabeth N. Harris","Themes.Explicit Sex, Themes.Shapeshifters, _Biblioteca.Romance.RomanceSciFan","Rage MC - The Prospects","5.0","He’d suffered too much at an early age, and it soured him to anything concerning a relationship. He’d learned his lessons the hard way. Money meant more to women than him, and women always had a scheme. Betrayal and bitterness had ruled his life ever since, and even when his brothers claimed a woman, he couldn’t help but remain suspicious. But in time, he’d found a real family, and he was settled and balanced, so why was the woman living opposite his gran bothering him so much?  Sixteen years of happiness, ten years of hell. Nobody understood lies, betrayal and the fact money spoke better than she did. Everyone she loved hated her or wanted her dead, and she’d done nothing wrong. But she’d paid the price for the last ten years. A lucky friendship gives her a chance to right the wrongs and finally get justice. All she had to do was keep her head down. Easy enough… or maybe not.  She stood up for his family and gained his attention. Together they work to find justice, and just when they think it’s all over, that they can live in beauty, an unwelcome blast from the past returns and their lives are shaken. Everything that was hurt and turned bitter rises inside him. Can he move on, or will he lose his future?","goodreads:195998527,amazon:B0CF5ZKDVZ","","","Tono · Picante/Erotico, Paranormal · Lobos/Shifters","Romance contemporáneo [REVISAR]","","","","","",""
"Guarding Secrets","Jenna Gunn","Themes.Explicit Sex, _Biblioteca.Romance.Contemporaneo","Agile Security & Rescue","7.0","**Once burned… twice,** hell no.  The former Marine turned bodyguard trusted the wrong person once. So he can’t just trust a spy that’s shows up on his doorstep. Too bad the protector in him has something else in mind… Danee Swann can't do it alone. She needs help tracking down a missing person. Joining up with Agile Security's team is just the answer she's been so desperate for. Too bad the jaw-dropping-hot former Marine, Marshall Lake makes her see red. And that’s before he corners her and demands total honesty. But she can't let down her guard. When they’re stuck together at an all couples resort things turn scorching. The dirty talking alpha makes the sparks fly... everywhere between her brain and her squeezed thighs. Will their heat turn to love? Or will her dangerous past catch up before they have a chance to know? *Scroll up and one click now to start reading this protective hero + off-limits + suspense + HEA romance. Each book in the binge-ready Agile Security & Rescue Series can be read as a standalone or enjoyed as part of an interconnected world. *","goodreads:64413521,amazon:B0BL5R9DQL","","","Tono · Picante/Erotico, Arquetipo · Militar/SEAL, Dinamica · Prohibido, Dinamica · Proximidad forzada, Arquetipo · Guardaespaldas, Paranormal · Lobos/Shifters, Dinamica · Segunda oportunidad, Dinamica · Enemigos a amantes, Dinamica · Relacion fingida, Arquetipo · Alpha male, Arquetipo · Bombero, Subgenero · Romantic suspense, Tono · Trauma/Salud mental, Tono · Angst/Drama emocional","Romance contemporáneo [REVISAR]","","","","","",""
"HEMMED","Mary Kennedy","_Biblioteca.Romance.Contemporaneo, Contemporary, English.Romance.Mafia Romance, Mystery","Gray Wolf Security","9.0","Trying on a new suit or dress should be one of the guilty pleasures for all women. But when several young women notice something strange in the dressing room, the only place to turn is Gray Wolf Security. Finding the owners of the cameras is something they know how to do, but the deeper, more twisted mystery is why and finding the individuals pulling the strings. As the mystery deepens, the men find a new teammate for the boys at Voodoo Guardians and the women get a chance to strut their stuff. Bad ass is hot.","amazon:B0DBRD1VWZ,goodreads:217033314","","","Arquetipo · Mafia, Paranormal · Lobos/Shifters","Romance contemporáneo [REVISAR]","","","","","",""
"Her Filthy Bratva Bodyguards","Penelope Wylde","Romance, Novella, Themes.Reverse Harem, English.Romance.Mafia Romance, Themes.Explicit Sex, _Biblioteca.Romance.Contemporaneo","Her Filthy Harem","3.0","My trio of bratva men were a one-night stand. My filthy little secret I got to hide from the rest of the world.  After they popped my reverse harem cherry I thought that was where it would end. But they had other ideas. The bastards made a deal with my father and now I am theirs until they say otherwise.  And since my father will do anything to protect his only remaining child he willingly handed me over all because of the threats on my life.  But these ruthless men aren’t claiming to be my saviors. They're set on ruining me and make no secret of the fact. Between these three men I know their brand of fire will be nothing short of all-consuming and all they want from me is one more night to prove it.  They try to hide their true natures but I know they are nothing short of hungry wolves.  To be honest, I don't know which is worse. Being chased by an unknown threat or being eaten by my wolves.  Author's naughty note: Let's be real. This is an insta-lust from page one. You want down and dirty? Well, this reverse harem brings the heat! Go ahead, get cozy and get ready for a wild ride with three gorgeous bratva men who want to make you sCREAM! As always with a Penelope Wylde book, you'll get the filthy, naughty bits you crave with the perfect happily ever after you love.","amazon:B09SQ6JZJR,goodreads:60440284","","","Dinamica · Harem inverso/Why choose, Tono · Picante/Erotico, Tono · Cozy/Ligero, Arquetipo · Mafia, Arquetipo · Guardaespaldas, Paranormal · Lobos/Shifters","Romance contemporáneo [REVISAR]","","","","","",""
"Hidden Talents","Jayne Ann Krentz","english eBooks","","1.0","SHE'S A FREE SPIRIT WITH NO HEAD FOR FIGURES. HE'S A PIN-STRIPED EXECUTIVE WITH NO HEART FOR ROMANCE. IT'S A PERFECT MATCH.
Serenity Makepeace knows a lot about whole-grain bread, but she doesn't know beans about business. Her new catalog company featuring local handicrafts will benefit her offbeat artist community in Witt's End, Washington, but she needs a crack financial adviser to make it work. So she charms her way into the office of Caleb Ventress, only to find a handsome wolf in conservative clothing..
An expert in the art of the deal, Caleb has no talent for long-term relationships, and isn't sure what to do about this unconventional beauty who walks into his life. A pass from a paragon of conformity--even one as handsome as Caleb--is more than free-spirited Serenity bargained for. But when intrigues back in Witt's End threaten Serenity's plans and perhaps her life, she begins to trust Caleb without reading his fine print ...and the bottom line might be true love ....
","isbn:9780743496407","","english eBooks","Paranormal · Lobos/Shifters","Romance contemporáneo [REVISAR]","","","","","",""
"His Broken Heart Antidote","Anne-Marie Meyer & Lucy McConnell","_Biblioteca.Romance.Contemporaneo, Romance, Contemporary","McKnight Family Romance","4.0","**Become a part of the McKnight Family** Ellise   My heart is broken.  But not the way you’re thinking.  I'm trying to forget what happened in my old job that made my confidence falter.  Starting over in a new city seemed like the best way to find my mojo—until I run into Dr. McSauce-Spiller in the cafeteria.  Carter  I'm not looking for my dream woman, but when I stumble right into her, spilling red sauce all over myself in the process, I can't help but take notice.  Ellise doesn’t want to let me anywhere near her heart but I can’t seem to help myself. I'm a doctor. I like to fix things.  Can I convince Ellise to trust me even though I represent everything she ran away from?","goodreads:56344824,amazon:B08PCGR6LV","","","Paranormal · Lobos/Shifters, Dinamica · Segunda oportunidad, Dinamica · Bebe secreto, Tono · Sin escenas/Sweet, Dinamica · Prohibido, Dinamica · Relacion fingida, Dinamica · Amigos a amantes, Dinamica · Hermano del mejor amigo/a, Dinamica · Protector, Arquetipo · Deportistas","Romance contemporáneo [REVISAR]","","","","","",""
"His Kissing Penalty","Anne-Marie Meyer & Lucy McConnell","Romance, Second Chance, Friends To Lovers, Sports, Contemporary, rom com, Fake Dating, football, _Biblioteca.Romance.Contemporaneo, Sports Romance, clean romance","McKnight Family Romance","1.0","**The one guy I never wanted to see again…  Just moved in across the hall…**  To make things worse, he doesn’t even remember the moment our lips touched and stars exploded.  Misunderstandings collide when the tabloids mistake me for his secret girlfriend. They love me—because I’m an all-American girl and he’s a football star. Plus, we sort of grew up together. Hometown romance sells.  We were made to be together, right?  Not according to my overprotective family. To them, my brother’s best friend has always been forbidden.  I thought I could handle a fake relationship with Jaxson.  I was wrong.","goodreads:50637194,amazon:B083XR3LZC","","","Paranormal · Lobos/Shifters, Dinamica · Segunda oportunidad, Dinamica · Bebe secreto, Tono · Sin escenas/Sweet, Dinamica · Prohibido, Dinamica · Relacion fingida, Dinamica · Amigos a amantes, Dinamica · Hermano del mejor amigo/a, Dinamica · Protector, Arquetipo · Deportistas","Romance contemporáneo [REVISAR]","","","","","",""
"His Redemption","Anne-Marie Meyer & Lucy McConnell","clean romance, _Biblioteca.Romance.Contemporaneo, Romance, Contemporary","McKnight Family Romance","3.0","**Survival is key.** I returned to civilian life, thinking that I would be fine.  But the truth is…  I’m not.  Not when I see Sadie, my best friend’s widow, struggling.  Not when my last promise to Adam was to take care of her—no matter the cost.  When she unknowingly moves into my garage apartment—she enters my world.  I didn’t understand how hard it would be to be near her.  I’ve loved her since I could remember, but I promised to protect her.  Even from myself.","goodreads:53539821,amazon:B0867M35T1","","","Paranormal · Lobos/Shifters, Dinamica · Segunda oportunidad, Dinamica · Bebe secreto, Tono · Sin escenas/Sweet, Dinamica · Prohibido, Dinamica · Relacion fingida, Dinamica · Amigos a amantes, Dinamica · Hermano del mejor amigo/a, Dinamica · Protector, Arquetipo · Deportistas","Romance contemporáneo [REVISAR]","","","","","",""
"His Romance Coach","Anne-Marie Meyer & Lucy McConnell","_Biblioteca.Romance.Contemporaneo, Romance","McKnight Family Romance","5.0","I'm in trouble.
One stupid bet with a teammate and my starting spot on the Wolves Football Team is on the line.
I need a romance overhaul and I need it fast. There's only one woman who can help me: Dr. Heather Campbell. Her red curls may be wild but she's as button-down as they come. At least ... I thought so. After a few days with her, I'm not so sure I know Heather like I thought I did and my heart's telling me to get closer. She's the kind of woman I want forever. The trouble is, I'm not a forever kind of guy.
Find out if the McKnight playboy can be tamed in the final installment of the McKnight Family Romance saga.
","amazon:B0883DSNTV,isbn:9798586964489,goodreads:53337070,google:5QMjzgEACAAJ","","","Paranormal · Lobos/Shifters, Dinamica · Segunda oportunidad, Dinamica · Bebe secreto, Tono · Sin escenas/Sweet, Dinamica · Prohibido, Dinamica · Relacion fingida, Dinamica · Amigos a amantes, Dinamica · Hermano del mejor amigo/a, Dinamica · Protector, Arquetipo · Deportistas","Romance contemporáneo [REVISAR]","","","","","",""
"His Secret Baby","Anne-Marie Meyer & Lucy McConnell","Romance, Second Chance, Contemporary, rom com, _Biblioteca.Romance.Contemporaneo, Contemporary Romance","McKnight Family Romance","2.0","**I came back to town for closure... And found a daughter I never knew I had...** Return to the McKnight family series where the one person Penny never wanted to come back has just walked into her life: Katie's dad.When Chris Heartworth, Hollywood star on the brink of making the A-list, walked away from Evergreen Hollow five years ago, he didn't know he was leaving behind the one thing he's always wanted: a family. He's back to take care of his grandma and find his heart he left behind. But, Penny's keep their daughter a secret from him. She didn't tell a soul he is the father. And she'd built walls around her heart because she loves him and he left. Can Chris be the man who will step in as loving husband and father? Or, will his big break draw him back to California?","goodreads:51346567,amazon:B084GD3F7B","","","Paranormal · Lobos/Shifters, Dinamica · Segunda oportunidad, Dinamica · Bebe secreto, Tono · Sin escenas/Sweet, Dinamica · Prohibido, Dinamica · Relacion fingida, Dinamica · Amigos a amantes, Dinamica · Hermano del mejor amigo/a, Dinamica · Protector, Arquetipo · Deportistas","Romance contemporáneo [REVISAR]","","","","","",""
"In the Cowboy's Arms","Vicki Lewis Thompson","Topic.Cowboys, English.Romance.Contemporary Romance, Contemporary, _Biblioteca.Romance.Contemporaneo","Thunder Mountain Brotherhood","9.0","Return to Thunder Mountain 
Matt Forrest was born to be an actor, but grew up a cowboy. That's why, when things go haywire after he shoots his first Hollywood movie, he retreats to Thunder Mountain Ranch. Because it's home—where his parents and foster brothers can help Matt find what he really wants out of life. So when *someone* he wants follows him to Wyoming, things get very interesting! 
PR agent Geena Lysander isn't about to lose one of her best new clients—so she goes after him! And, yes, it's complicated…because she is attracted to Matt, and not just for his movie-star looks. As she gets to know the man behind the cowboy, their professional relationship becomes passionately personal. Could Matt's next big role be as Geena's leading man? 
","isbn:9781488014314,goodreads:34893174","","Romance.Contemporary Romance, Topic.Cowboys","Arquetipo · Vaquero/Western, Paranormal · Lobos/Shifters","Romance contemporáneo","","","","","",""
"In the Cowboy's Arms","Vicki Lewis Thompson","Topic.Cowboys, English.Romance.Contemporary Romance, Contemporary, _Biblioteca.Romance.Contemporaneo","Thunder Mountain Brotherhood","9.0","Return to Thunder Mountain 
Matt Forrest was born to be an actor, but grew up a cowboy. That's why, when things go haywire after he shoots his first Hollywood movie, he retreats to Thunder Mountain Ranch. Because it's home—where his parents and foster brothers can help Matt find what he really wants out of life. So when *someone* he wants follows him to Wyoming, things get very interesting! 
PR agent Geena Lysander isn't about to lose one of her best new clients—so she goes after him! And, yes, it's complicated…because she is attracted to Matt, and not just for his movie-star looks. As she gets to know the man behind the cowboy, their professional relationship becomes passionately personal. Could Matt's next big role be as Geena's leading man? 
","goodreads:34893174,isbn:9781488014314","","Romance.Contemporary Romance, Topic.Cowboys","Arquetipo · Vaquero/Western, Paranormal · Lobos/Shifters","Romance contemporáneo","","","","","",""
"In Too Deep","Layla Valentine","","","1.0","He’s the devilishly hot hero who’s dangerous to know.   This bad boy is going to get one hell of a surprise,   But will she get to tell him her news before it’s too late?  HER  Nick Swan is a lone wolf, a renegade at the center of an elite Coast Guard team,   Why he hasn’t been fired already I can’t begin to comprehend,   And even though he’s saved more lives than I can count, I’m starting to wonder if he even cares about his own.   I’ve worked too damn hard to get to this level, and I can’t afford to mess it all up now.   Putting my heart on the line is a surefire way to do that…  HIM  You can only save as many lives as I do if you don’t care what happens to you in the process,   I’m always the first to dive into danger, the last to escape to dry land,   I wasn’t planning to ever change that,   Then Jade came along, and I stopped knowing which way was up.   I’m drawn to her like a moth to a flame, but the last thing I should do is give into it,   Even if I’m pretty sure she feels the same way….","amazon:B0C7LST3CW,goodreads:175920788","","","Arquetipo · Bad boy, Paranormal · Lobos/Shifters","Romance contemporáneo [REVISAR]","","","","","",""
"Kye's Heart","Marisa Chenery","Fiction, Romance, Adult, Erotica, _Biblioteca.Romance.RomanceSciFan, Fantasy, Werewolves, Paranormal, Paranormal Romance, Contemporary, Shapeshifters, Roxie's Protectors","Roxie's Protectors","5.0","Kye’s idea of fun doesn’t include toting Roxie’s three-month-old daughter to the zoo, but like the good little Protector he is, Kye travels to the land of exotic furballs with pup in tow...and then smacks himself for not heading to the zoo ages ago. There, dressed in drab brown and looking more gorgeous than any woman he’s ever seen, Kye knows he’s finally found his mate.  Being a zookeeper, Michaela is used to soothing savage beasts...not screaming babies. Feeling sorry for the hottie who’s looking more panicked by the second, she’s quick to offer her assistance in calming the little bundle of adorable he’s holding. Of course Kye doesn’t hesitate to show his appreciation by asking her out and giving her a kiss that sends her heart racing.  While Kye struggles to tell Michaela about his penchant for howling at the moon, he manages to toss her right into the middle of his secretive life as a Protector and all the fangs that it entails. The question Can Michaela tolerate any more fur in her life, or is she going to trample all over Kye’s heart?  * * * Kye's Heart is a very romantic tale, and the story I've enjoyed the most of this series. The plot was quick-paced, and it was good to read how quickly the two characters were introduced to each other. I enjoyed the dialogue between Kye and Michaela, especially because it was so playful and described so romantically the instantaneous chemistry between them. As for the sex scenes, they were very hot revealing that Kye knows how to treat a woman because he wanted Michaela forever and not just for one night. What I liked so much about Michaela was her brave nature in being able to handle the truth about Kye. While with Kye, I liked how protective he was not just of his mate but of Nevaeh as well.  Bec, The Romance Studio ~ 4/5 Stars  * * * ""Those of you that are familiar with my reviews will know that this series and author are one of my favorites and will probably guess that I enjoyed this book. Well you would be right... Kye’s Heart is more of a fun and entertaining read... I loved Kye he is a wonderful man and when he puts Michaela’s high school nemesis in her place he won a place in my heart. Michaela is a good woman with a big heart and how could I not love that she is a zookeeper. The two make a great couple. I enjoyed the trust and love that developed between them.  The bond Kye is forming with Nevaeh is a wonderful read as well. The scenes with her, Kye and Michaela were too cute. She is an adorable little baby and I hope that we get to see more of her. Having Nevaeh adds another dimension to an already interesting story and I cannot wait to see where the rest of this series is going to go.""  Gabrielle, You Gotta Read Reviews","goodreads:12763947,isbn:9781936950508","","Roxie's Protectors","Tono · Picante/Erotico, Paranormal · Lobos/Shifters, Subgenero · Paranormal romance","Romance contemporáneo [REVISAR]","","","","","",""
"La mirada del lobo","Antonio Pérez Henares","Histórico","Saga prehistórica","4.0","El hombre y el lobo se habían visto cada invierno. Pero el lobo había observado mucho más tiempo al hombre que el hombre al lobo. Sabía más el lobo del hombre que el hombre del lobo. Y era el lobo quien se acercaba al hombre y lo miraba…Así comienza esta apasionante novela en la que Antonio Pérez Henares recrea con inigualable maestría, con una sensibilidad a flor de tierra, aquel momento prehistórico en el que el lobo y el hombre cruzaron sus caminos para iniciar una relación de lealtad y amistad que todavía perdura.","","","Histórico","Paranormal · Lobos/Shifters, Subgenero · Horror de criaturas","Romance contemporáneo [REVISAR]","","","","","",""
"Lethal Secrets","Jenna Gunn","Themes.Explicit Sex, _Biblioteca.Romance.Contemporaneo","Agile Security & Rescue","9.0","**Eli’s first mission after the SEALs is FUBAR.** **Gather intel? That’s a negative.** **Save a woman and claim her as his to protect? Roger that.** ~Mia Bailey  Women like me don’t get fairytale endings.  We get abusive brothers.  Liars and cheating.  We get scars.  Damage so deep it will never be shaken.  Until a gigantic battle-hardened SEAL decides to prove otherwise.  Vows to avenge me.  Puts his life on the line.  And shows me what it’s like to feel safe for the first time.  But big badass Eli Fortier is too good to be true.  Only now I know that running from Eli won’t just end with me in the grave my brother’s have already dug…  Leaving him will cut the heart out of me once and for all.  Ironic because I didn’t know I had one left…  Until Eli picked up my broken pieces.  ** *Former SEAL Eli Fortier* **  I’ve always been a walking talking compass for trouble. And my aim was true when I walked into a bar and laid eyes on Mia Bailey.  She wasn’t part of the job. The skittish brunette should have been off limits for so many reasons. Only the moment she looked up at me with fear in her pretty green eyes she was my mission.  To protect.  To claim.  To heal.  Because two broken souls make one.  But danger gets far too close and I might lose my chance at forever with the woman that taught me how to feel alive again.  *Fans of Jane Blythe can find their new binge-worthy addiction with the Agile Security and Rescue Series!* Scroll up and one click to start reading this **scorching hot, protective SEAL, HEA romantic suspense** today!","amazon:B0CNWLM3GD,goodreads:202590020","","Romance, Contemporary, Suspense","Tono · Picante/Erotico, Arquetipo · Militar/SEAL, Dinamica · Prohibido, Dinamica · Proximidad forzada, Arquetipo · Guardaespaldas, Paranormal · Lobos/Shifters, Dinamica · Segunda oportunidad, Dinamica · Enemigos a amantes, Dinamica · Relacion fingida, Arquetipo · Alpha male, Arquetipo · Bombero, Subgenero · Romantic suspense, Tono · Trauma/Salud mental, Tono · Angst/Drama emocional","Romance contemporáneo [REVISAR]","","","","","",""
"Los ojos del lobo","Care Santos","novela, Intriga, Juvenil","Gran angular","250.0","Vuelves de una fiesta. Es de noche. Sientes un coche que circula despacio, acechándote. Tu madre te llama al móovil. Es lo último que sabe de ti. Tus vecinos, tus amigos y tu familia inician una búsquqeda desesperada y angustiosa que pondrá a cada uno en contacto con sus propios miedos, esperanzas y contradicciones.","epl:49093,revision:1.1","","Novela, Intriga, Juvenil","Paranormal · Lobos/Shifters, Publico · Young adult/Juvenil, Tono · Humor","Romance contemporáneo [REVISAR]","","","","","",""
"Lost & Found","Jenna Gunn & Oona Ryda","Suspense, Contemporary, Military Fiction, Romance, Second Chance","Agile Security & Rescue","6.0","Protecting Gina is my only mission.    Even if that means protecting her from the beast in me.  She was destined for fame. I was destined for war.    Moving to Los Angeles was her big chance.    Even if it put a world between us.  One night lost control and threatened her agent.    I’ll never forget the look in her eyes.    That’s when I knew I had to set her free.    That night, the monster inside of me took over.  After my military deployment fate gifted us with a chance encounter.   It was impossible to walk away after tasting her again.    For the first time I thought fate might be on my side.  Only one phone call changed everything.    Our friend put the ultimate trust in us. Naming us to raise her child.  Me. The man who never let himself dream of having a family.    Now I am forced to face the darkness that lurks in my genes.    Can I prove that I’m the man they deserve?  I only know one thing for certain.    When danger threatens Gina, I am the man to rescue her.    I’ll lay my life on the line. Tear the world apart to see her safe.   Nothing will stop me.  Curl up tonight with this steamy, standalone, suspenseful romance. Mikail is a damaged bodyguard with a lifetime of pain, and Gina is a budding musician that carries her own scars as she tries to make her way in Los Angeles. Fate brought their paths together to give them one more chance at the happy ever after they both deserve.  No cliffhangers and no cheating in this sizzling HEA rescuer romance.","amazon:B0BGQTL71M,goodreads:62823376","","","Tono · Picante/Erotico, Arquetipo · Militar/SEAL, Dinamica · Prohibido, Dinamica · Proximidad forzada, Arquetipo · Guardaespaldas, Paranormal · Lobos/Shifters, Dinamica · Segunda oportunidad, Dinamica · Enemigos a amantes, Dinamica · Relacion fingida, Arquetipo · Alpha male, Arquetipo · Bombero, Subgenero · Romantic suspense, Tono · Trauma/Salud mental, Tono · Angst/Drama emocional","Romance contemporáneo [REVISAR]","","","","","",""
"Luca","Eva Winners","English.Mystery / Thriller.Crime Fiction, English.Romance.Contemporary Romance, Contemporary, English.Mystery / Thriller.Murder Mystery, Themes.Explicit Sex, English.Romance.Mafia Romance, Adults (18+), _Biblioteca.Romance.Contemporaneo","Belles & Mobsters","7.0","**Luca King.   The notorious playboy.   A master of one night stands.   My constant shadow.** Wherever I went, he was always there. Until he wasn’t. One wild night at a masquerade party was all it took. I got pregnant, broke my engagement, and failed my family.  The worst part.  I had no idea who the father of my baby was. I had only one clue. A Prince Albert piercing. Not exactly a smoking gun.  My parents disowned me after I refused to marry the prospects they presented. It wasn’t my fault I became gun shy. The last four men I met ended up dead. It was safer to have this baby on my own.  Our world was a dangerous one. And without the protection of my family... I was running out of time.  So it left me with no choice but to disappear, leaving no trace of where I went.  That was until Luca King found me at my lowest.  Maybe I should have tried harder to stay hidden because he would surely be my destruction.","goodreads:61213727,amazon:B09YS4ZMH6","","","Tono · Picante/Erotico, Arquetipo · Mafia, Subgenero · Policiaco/Detective, Paranormal · Lobos/Shifters, Subgenero · Thriller psicologico","Romance contemporáneo [REVISAR]","","","","","",""
"Mountain Man Lumberjack","Natasha L. Black","","Small Town Mountain Men","3.0","**He's a mystery wrapped in rugged charm,   A hot lumberjack with a bad reputation...   The lone wolf everyone in town avoids.** New town, fresh start—that’s all I want.   He and I hit it off at the bar, but I’m not looking for anything serious.   Our chemistry is explosive, so we decide on just one night.   *Or so I thought...* People tell me he's damaged goods, an outcast, even his parents.   But I see him for who he loyal, protective, and a little bit broken.  **Just when I think things could be perfect, I uncover his dangerous past.   The only thing worse than falling for a man with dark secrets?   Is keeping my own secret from him—how do I tell him I’m pregnant?**","goodreads:215071204,amazon:B0D7PLXVCT","","","Paranormal · Lobos/Shifters, Ambientacion · Small town","Romance contemporáneo [REVISAR]","","","","","",""
"Nico","Eva Winners","English.Mystery / Thriller.Crime Fiction, English.Romance.Contemporary Romance, Contemporary, English.Mystery / Thriller.Psychological Thriller, Themes.Explicit Sex, English.Romance.Mafia Romance, Adults (18+), _Biblioteca.Romance.Contemporaneo","Belles & Mobsters","2.0","Nico Morrelli.   My blackmailer.    A Liar.  I stole from him.    And when he came to collect, the money was gone. I used it to try and save someone I loved, but it still wasn’t enough.  Now Nico Morrelli is blackmailing me for the money I took. He’s ruthless and unyielding.  The Wolf in an Armani suit.  The man makes my body crave submission. Yet he can cost me and my girls everything. When he forced me into the underworld, he destroyed the sacrifices my family made to keep me safe.  I can’t become a tool for his revenge. Because my stakes are much higher. As my secrets unfold, I’m no longer sure who to trust.  If only my heart didn’t want him so much.","amazon:B09KQVF6GL,goodreads:59585212","","","Tono · Picante/Erotico, Arquetipo · Mafia, Subgenero · Policiaco/Detective, Paranormal · Lobos/Shifters, Subgenero · Thriller psicologico","Romance contemporáneo [REVISAR]","","","","","",""
"Off-Limits Protector","Jenna Gunn","Themes.Explicit Sex, _Biblioteca.Romance.Contemporaneo","Agile Security & Rescue","3.0","There was no way I could leave an innocent woman in the middle of a shootout.  Little did I know she would turn my world inside out.  Dr. Willow Barnhill had more class than my entire home town. Not the kind of woman a man like me should want.  But want her, I did.   And I didn't stop at wanting.   We gave and took. Drank deeply from one another. And lit the night on fire.  That was the beginning of our beautiful disaster.   She is the one thing I want to keep. Only I know she will never be mine.  But I'm not letting her go until the threat against her life is eliminated. Even if that means faking a marriage, and picking up the sniper rifle I thought I'd put down forever.  About Off-Limits Protector  Light up your night with this sizzling suspense romance. Former Marine Corps Sniper, Andre Navarro gave up on love long ago. But becoming Willow's protector makes him want things he never allowed himself to want before. And he knows fighting for her and a chance at a future is worth risking it all.  Enjoy Off-Limits Protector as a standalone or as part of the Agile Security & Rescue Series. No cliffhangers and no cheating in this exciting happy ever after story. Curl up with this steamy read and prepare for this protective hero to steal your heart too.","goodreads:107219961,amazon:B09QFLR8TY","","","Tono · Picante/Erotico, Arquetipo · Militar/SEAL, Dinamica · Prohibido, Dinamica · Proximidad forzada, Arquetipo · Guardaespaldas, Paranormal · Lobos/Shifters, Dinamica · Segunda oportunidad, Dinamica · Enemigos a amantes, Dinamica · Relacion fingida, Arquetipo · Alpha male, Arquetipo · Bombero, Subgenero · Romantic suspense, Tono · Trauma/Salud mental, Tono · Angst/Drama emocional","Romance contemporáneo [REVISAR]","","","","","",""
"Prince Charming","V. Theia","Romance, Contemporary Romance, Suspense","Renegade Souls MC","9.0","**TAG WAS NO KNIGHT IN SHINING ARMOR.** Prince among men? *Hardly.* But he’s known for his charm.   A champion cage fighter and Sergeant at Arms for the Renegade Souls MC.   It was a good life.   Parties. Wild women. Freedom of a one percenter.   And then she rocked up in his world.   Marianna wasn’t looking for a relationship,   rejecting his friendship at every turn.  **BIKER PRINCE seeks RUSSIAN GODDESS.**   He didn’t know her past, but wanted to own her future.    Used and abused, her trust levels were rocking at zero.  Compulsion.   Longing glances.   A want that wouldn’t quit.  Her past tied to his club’s enemy.   Their love came slow.   But the desire was stronger than anything felt before.   Marianna had one wish, and Tag would do anything to see it come true.   Even consorting with a new villain in town.  **TAG WAS READY TO FIGHT FOR THE BEST PRIZE OF ALL.** **Author heads up:** Get ready to burn slowly while Tag wins his Russian beauty.","amazon:B08P5ZC4D2,goodreads:55580263","","","Paranormal · Lobos/Shifters","Romance contemporáneo [REVISAR]","","","","","",""
"Protecting His Defiant Innocent","Michelle Smart","Español.Romance, _Biblioteca.Romance.Contemporaneo","Bound to a Billionaire","1.0","Tempted by her billionaire protector... 
Traveling to a dangerous Caribbean island to continue her late brother's charitable work, Francesca Pellegrini finds herself under the protection of security tycoon Felipe Lorenzi. Independent Francesca is infuriated by his commands, but Felipe's every look invites her to give up her innocence to him... 
With his body and heart as hard as stone after his military career, Felipe has no time for Francesca's seductive games. Until this captivating young woman entices him beyond all measure, and this lone wolf decides to throw away his strict rules and take her as his own!
","goodreads:33673253,isbn:9781474052733","","","Arquetipo · Billonario/CEO, Paranormal · Lobos/Shifters","Romance contemporáneo [REVISAR]","","","","","",""
"Protecting His Defiant Innocent","Michelle Smart","Español.Romance, _Biblioteca.Romance.Contemporaneo","Bound to a Billionaire","1.0","Tempted by her billionaire protector... 
Traveling to a dangerous Caribbean island to continue her late brother's charitable work, Francesca Pellegrini finds herself under the protection of security tycoon Felipe Lorenzi. Independent Francesca is infuriated by his commands, but Felipe's every look invites her to give up her innocence to him... 
With his body and heart as hard as stone after his military career, Felipe has no time for Francesca's seductive games. Until this captivating young woman entices him beyond all measure, and this lone wolf decides to throw away his strict rules and take her as his own!
","isbn:9781474052733,goodreads:33673253","","Romance.Category Romance.Harlequin","Arquetipo · Billonario/CEO, Paranormal · Lobos/Shifters","Romance contemporáneo [REVISAR]","","","","","",""
"Rescuing Red","Susan Hayes","English.Fiction.Contemporary","","1.0","As the future CEO of Forrester Industries, Lucas Forrester has the kind of life most men only dream of. He’s travelled the world, brokering deals and sealing contracts that have benefited the company while making a name for himself as a cold, calculating negotiator.  At work, Luke lives behind his corporate persona, but when a chance encounter with a beautiful and caring stranger brings out his true nature, he finds himself reluctant to go back into hiding.  Veronica Hood’s life will never be mistaken for a fairytale, but she’s proud of what she’s accomplished so far. After years of planning, she’s finally got her own coffee shop, with enough money coming in to stay out of the red and pay for her grandmother’s medical bills, too. When Lucas sees her delivering food to the hungry, he appoints himself as her protector, stealing her heart and starting a whirlwind love affair straight out of a storybook.  The trouble is, Lucas isn’t the only one who has fallen for Ronnie. When her stalker finally emerges from the shadows, Luke will have to fight for his redheaded angel. In the end only one of them can possess her, but who will be the victor...her champion or the dark-hearted wolf?  **Publisher's Note: This story was originally released as part of the ""Seduction at Midnight"" box set.","grvotes:84,isbn:9780994049551,amazon:B00VF7KUIO,goodreads:25254168","","English.Fiction.Contemporary","Dinamica · Obsesion/Stalker, Arquetipo · Billonario/CEO, Paranormal · Lobos/Shifters, Paranormal · Angeles y demonios","Romance contemporáneo [REVISAR]","","","","","",""
"Sasha","Eva Winners","English.Mystery / Thriller.Crime Fiction, English.Romance.Contemporary Romance, Contemporary, English.Mystery / Thriller.Suspense Thriller, Themes.Explicit Sex, English.Romance.Mafia Romance, Adults (18+), _Biblioteca.Romance.Contemporaneo","Belles & Mobsters","6.0","**Sasha Nikolaev.   The unhinged mobster.   Satan's spawn with pale blue eyes.** I made him a promise years ago. Granted, I only made it so he'd kiss me. But it was a promise made nonetheless. So I waited. And waited some more.  He never came back to collect. So I moved on.  Never would I have ever thought I'd see him the day I walked down the aisle.   Except there he was, waiting for me in the pews. Sasha Nikolaev.  When he snatched me in the middle of the ceremony, for the whole world to see, shit hit the fan. He claimed I had a debt to pay. My family promised retribution. My fianc� did the same.  And now, nothing will ever be the same.","goodreads:62868586,amazon:B09YS5S7WK","","","Tono · Picante/Erotico, Arquetipo · Mafia, Subgenero · Policiaco/Detective, Paranormal · Lobos/Shifters, Subgenero · Thriller psicologico","Romance contemporáneo [REVISAR]","","","","","",""
"Shiftr: Swipe Left for Love: Lauren","Ariana Hawkes","Romance, _Biblioteca.Romance.RomanceSciFan, Paranormal, Paranormal Romance, Contemporary, Shapeshifters","Shiftr Dating App","12.0","*Lauren*   I can never say no to a friend in need.   Which is how I find myself road testing my technowhiz buddy’s new dating app.   Even though the idea of dating scares the bejeebers out of me.   The app’s supposed to find your perfect match.   And I’m pretty darn sure there’s no such thing for me.   Except…it does.   And he’s big and growly.   A bear shifter.   And hotter than any guy has the right to be.   The alpha of the clan I’m having evicted from government land.   The one with the sexy dark eyes that are blazing with anger at me.   And now I’m really freaking out.  *Connor*   I’ve sworn off finding a mate.   Growing up with an abusive father doesn’t teach you how to make women happy.   Plus, I have my clan to take care of. They need me more than ever now.   But when Lauren Garcia comes crashing into my life—all sassy, and curvy, and so bent on kicking me off from my own property—something I’ve never thought possible happens:   I am dying to take care of her.   She’s strong, protective and selfless.   A hell of a woman.   And she has no idea how badly she needs love.   My bear is roaring loud for her.   And the more it does the more I know I must keep away.  **This is a standalone, full-length read, full of romance, laughs and sexy shifters. HEA and no cheating, of course!**","goodreads:62078778,amazon:B018D948JI","","","Paranormal · Lobos/Shifters, Subgenero · Paranormal romance","Romance contemporáneo [REVISAR]","","","","","",""
"Shiftr: Swipe Left for Love: Lauren","Ariana Hawkes","Romance, _Biblioteca.Romance.RomanceSciFan, Paranormal, Paranormal Romance, Contemporary, Shapeshifters","Shiftr Dating App","12.0","*Lauren*   I can never say no to a friend in need.   Which is how I find myself road testing my technowhiz buddy’s new dating app.   Even though the idea of dating scares the bejeebers out of me.   The app’s supposed to find your perfect match.   And I’m pretty darn sure there’s no such thing for me.   Except…it does.   And he’s big and growly.   A bear shifter.   And hotter than any guy has the right to be.   The alpha of the clan I’m having evicted from government land.   The one with the sexy dark eyes that are blazing with anger at me.   And now I’m really freaking out.  *Connor*   I’ve sworn off finding a mate.   Growing up with an abusive father doesn’t teach you how to make women happy.   Plus, I have my clan to take care of. They need me more than ever now.   But when Lauren Garcia comes crashing into my life—all sassy, and curvy, and so bent on kicking me off from my own property—something I’ve never thought possible happens:   I am dying to take care of her.   She’s strong, protective and selfless.   A hell of a woman.   And she has no idea how badly she needs love.   My bear is roaring loud for her.   And the more it does the more I know I must keep away.  **This is a standalone, full-length read, full of romance, laughs and sexy shifters. HEA and no cheating, of course!**","amazon:B01BLVT4BC,goodreads:62078778","","","Paranormal · Lobos/Shifters, Subgenero · Paranormal romance","Romance contemporáneo [REVISAR]","","","","","",""
"Shiftr: Swipe Left for Love: Lauren","Ariana Hawkes","Romance, _Biblioteca.Romance.RomanceSciFan, Paranormal, Paranormal Romance, Contemporary, Shapeshifters","Shiftr Dating App","12.0","*Lauren*   I can never say no to a friend in need.   Which is how I find myself road testing my technowhiz buddy’s new dating app.   Even though the idea of dating scares the bejeebers out of me.   The app’s supposed to find your perfect match.   And I’m pretty darn sure there’s no such thing for me.   Except…it does.   And he’s big and growly.   A bear shifter.   And hotter than any guy has the right to be.   The alpha of the clan I’m having evicted from government land.   The one with the sexy dark eyes that are blazing with anger at me.   And now I’m really freaking out.  *Connor*   I’ve sworn off finding a mate.   Growing up with an abusive father doesn’t teach you how to make women happy.   Plus, I have my clan to take care of. They need me more than ever now.   But when Lauren Garcia comes crashing into my life—all sassy, and curvy, and so bent on kicking me off from my own property—something I’ve never thought possible happens:   I am dying to take care of her.   She’s strong, protective and selfless.   A hell of a woman.   And she has no idea how badly she needs love.   My bear is roaring loud for her.   And the more it does the more I know I must keep away.  **This is a standalone, full-length read, full of romance, laughs and sexy shifters. HEA and no cheating, of course!**","goodreads:62078778,amazon:B016TNH8HE","","","Paranormal · Lobos/Shifters, Subgenero · Paranormal romance","Romance contemporáneo [REVISAR]","","","","","",""
"Snow's Submission","Kristin Miller","English.Romance.Paranormal Romance, Adults (18+), _Biblioteca.Romance.RomanceSciFan","Snow White Werewolf Tale","1.0","I used to be sweet and innocent…but that was until Hunter put his hands on me. Now, my body craves his, and we’ve crossed the point of no return. 
My stepmother demands that I seduce a rich jeweler to secure our fortune, and under normal circumstances, I wouldn’t mind. He’s hotter than hell, I’ve been crushing on him for years, and after catching Hunter pleasuring me over the hood of his car, he wants me too. 
There’s only one problem: now that I have Malcolm’s attention, I’m not sure I want to leave Hunter’s arms.
","isbn:9781633759558,goodreads:35096459","","Fantasy.Paranormal, Romance, Adult Fiction.Erotica","Paranormal · Lobos/Shifters, Subgenero · Paranormal romance","Romance contemporáneo [REVISAR]","","","","","",""
"Snow's Submission","Kristin Miller","English.Romance.Paranormal Romance, Adults (18+), _Biblioteca.Romance.RomanceSciFan","Snow White Werewolf Tale","1.0","I used to be sweet and innocent…but that was until Hunter put his hands on me. Now, my body craves his, and we’ve crossed the point of no return. 
My stepmother demands that I seduce a rich jeweler to secure our fortune, and under normal circumstances, I wouldn’t mind. He’s hotter than hell, I’ve been crushing on him for years, and after catching Hunter pleasuring me over the hood of his car, he wants me too. 
There’s only one problem: now that I have Malcolm’s attention, I’m not sure I want to leave Hunter’s arms.
","isbn:9781633759558,goodreads:35096459","","Romance.Paranormal Romance, Romance.Erotic Romance","Paranormal · Lobos/Shifters, Subgenero · Paranormal romance","Romance contemporáneo [REVISAR]","","","","","",""
"Soldier","Jenna Gunn","Military Fiction, Romance, Second Chance, military romance, Enemies To Lovers, Romantic Suspense, Themes.Explicit Sex, Contemporary, Fake Dating, _Biblioteca.Romance.Contemporaneo, Contemporary Romance, Suspense","Agile Security & Rescue","1.0","**My fake fiancée has amnesia and thinks I’m a stranger.   This is my chance to finally claim her forever.** I’m the only one who can rescue Sierra after the accident.   As a soldier, it’s in my blood to protect.   She has amnesia and doesn’t remember a thing.   This is my only shot to claim what’s mine.  I tell the hospital she’s my fiancée and she’s released into my arms.   A little white lie won’t hurt anyone . . . right?   She has no memory of her life before the accident.   No recollection of the love we had and lost.   No idea of the deep hate she once had for me.  I feel her soften into our familiar embrace.   Her body responds to my touch like it always has.   Her truth is only what I tell her.   It’s in my power to create her new reality.  She has no clue about the serious danger she’s in.   And how it’s all because of what I did in the past.   But I’m the only strong protector she needs to be safe.   I can’t keep my secret forever.  I’ll be exposed if she wakes up from the amnesia and remembers the truth.   If she finds out I’m the one who destroyed her family, I’ll lose her forever.   This is my last chance to claim her heart forever before it’s too late.  * * * *""Soldier"" is a steamy, military romance with a sizzling alpha hero and the strong woman who stole his heart.   ""Soldier"" is a standalone and the first book in my new series,* **Agile Security and Rescue**.    *This is Cole Strong and Sierra's story.   You'll recognize the other Strong family members and some other familiar faces from the* **Eden Mountain Firefighters** *series.   No cheating and no cliffhangers, I promise.*","goodreads:59594348,amazon:B09KZFC47Y","","","Tono · Picante/Erotico, Arquetipo · Militar/SEAL, Dinamica · Prohibido, Dinamica · Proximidad forzada, Arquetipo · Guardaespaldas, Paranormal · Lobos/Shifters, Dinamica · Segunda oportunidad, Dinamica · Enemigos a amantes, Dinamica · Relacion fingida, Arquetipo · Alpha male, Arquetipo · Bombero, Subgenero · Romantic suspense, Tono · Trauma/Salud mental, Tono · Angst/Drama emocional","Romance contemporáneo [REVISAR]","","","","","",""
"Sweet","Elizabeth Hunter","English.Romance.Contemporary Romance","7th and Main","4.0","*He survived by always being in control.   She’s about to make him melt.* It’s 2004, and Daisy Rivera knows two things: she’s going to end up disappointing her parents’ fondest hopes and dreams in roughly six months, and somehow she’s going to figure out how to kiss the mysterious tattoo artist two shops down from her grandmother’s cafe that everyone calls Spider.  Spider Villalobos knows one thing: if he gives into temptation and makes a move on Daisy, his fresh start is over.  Their shops may be neighbors in Metlin, but their lives are worlds apart. SWEET is a brand new novella in the Love Stories on 7th and Main by USA Today bestselling author, Elizabeth Hunter.","fictiondb:sweet~elizabeth-hunter~2942621,isbn:9781941674703,google:GUjHEAAAQBAJ,goodreads:59334273,amazon:B09J8GFJNS","","","Paranormal · Lobos/Shifters","Romance contemporáneo [REVISAR]","","","","","",""
"The Ultimate Age Gap Romance Collection","Khloe Summers","English.Romance.Age Gap Romance, Themes.Shapeshifters, English.Romance.Dark Romance, Themes.Reverse Harem, Themes.Dark, _Biblioteca.Romance.RomanceSciFan, Themes.Explicit Sex","","1.0","If you love steamy, curvy girl, age gap romance, this is the collection for you!  Ten big, burly, possessive men all fighting for the woman they adore.   Ten short, steamy romance titles you won't be able to put down.  Mountains, cowboys, brothers' best friend, ranchers, bosses, and more...  Enjoy these ten reader favorites in one place:  1.Le Crv   2\. Santa Baby   3\. Her Older Halloween Treat   4\. A Mountaintop Christmas   5\. Diesel   6.Toil and Trouble   7\. Mustangs and Mistletoe   8\. Cowboy Christmas   9\. Quite Fetching   10\. Beards and Curves  As always, each title comes with Khloe's 'Easy Escape Seal', a no cheating, no cliffhanger, HEA guarantee.","goodreads:60105914,amazon:B09Q2CWKBC","","","Dinamica · Harem inverso/Why choose, Dinamica · Hermano del mejor amigo/a, Dinamica · Age gap, Tono · Oscuro, Tono · Picante/Erotico, Arquetipo · Vaquero/Western, Paranormal · Lobos/Shifters, Ambientacion · Navideno/Festivo","Romance contemporáneo [REVISAR]","","","","","",""
"The Wolf King's Craving","Milly Taiden","Romance, _Biblioteca.Romance.RomanceSciFan","","1.0","**“You were planning on leaving without even giving me a kiss?”** Taryn shrugged and let a coy smile develop on her lips. “That was the plan,” she teased.  “Well, I guess I’m just going to have to keep surprising you when you try to leave. I can’t have my mate leave me with nothing for me to remember her by.” His playful eyes sparkled.  Her heartbeat picked up, but she ignored it. “Maybe I will just have to get better at being sneakier.”  **Declan’s lips curled up. “Challenge accepted. But for now, I’ll be needing that kiss.”** Taryn rolled her eyes and went to peck him on the cheek.  He had already anticipated that.  Declan caught her lips with his right before she made it to his cheek. Taryn was surprised but didn’t pull away. **The kiss was intense, and a surge of emotions crashed into her, nearly knocking her off her feet.**","goodreads:100793860","","","Paranormal · Lobos/Shifters","Romance contemporáneo [REVISAR]","","","","","",""
"Their Border Lands Refuge","Marla Monroe","English.Romance.Contemporary Romance, _Biblioteca.Romance.Contemporaneo, M F M, Menage","Men of the Border Lands","9.0","[Siren Menage Erotic Futuristic Sci-Fi Cowboy Menage a Trois Romance, M/F/M, voyeurism, spanking, HEA] Owen loves Skyler so much he is willing to share her with Simon to keep her safe. Can Skyler love another man for Owen? She is confused and unsure even though she is attracted to Simon. Simon can’t stop looking at Skyler and realizes he will do anything to keep her safe. He knows that the Border Lands with the wolves and the black market agents are just as dangerous as anywhere else. Watching over her becomes paramount, and falling in love with her is out of his hands. Near tragedy almost claims the two most important people in Simon’s life, and he realizes that he doesn’t want to lose either of them. Will their love hold them together or pull them apart? Skyler’s heart is torn between her lover Owen and the man he has invited into their bed to help keep her safe. How can she reconcile loving two men in her heart? ** A Siren Erotic Romance","isbn:9781622417353,goodreads:16069987","","Romance","Dinamica · Poliamor/Trio, Tono · Picante/Erotico, Arquetipo · Vaquero/Western, Paranormal · Lobos/Shifters","Romance contemporáneo [REVISAR]","","","","","",""
"Their Border Lands Refuge","Marla Monroe","English.Romance.Contemporary Romance, _Biblioteca.Romance.Contemporaneo, M F M, Menage","Men of the Border Lands","9.0","[Siren Menage Erotic Futuristic Sci-Fi Cowboy Menage a Trois Romance, M/F/M, voyeurism, spanking, HEA] Owen loves Skyler so much he is willing to share her with Simon to keep her safe. Can Skyler love another man for Owen? She is confused and unsure even though she is attracted to Simon. Simon can’t stop looking at Skyler and realizes he will do anything to keep her safe. He knows that the Border Lands with the wolves and the black market agents are just as dangerous as anywhere else. Watching over her becomes paramount, and falling in love with her is out of his hands. Near tragedy almost claims the two most important people in Simon’s life, and he realizes that he doesn’t want to lose either of them. Will their love hold them together or pull them apart? Skyler’s heart is torn between her lover Owen and the man he has invited into their bed to help keep her safe. How can she reconcile loving two men in her heart? ** A Siren Erotic Romance","goodreads:16069987,isbn:9781622417353","","Romance","Dinamica · Poliamor/Trio, Tono · Picante/Erotico, Arquetipo · Vaquero/Western, Paranormal · Lobos/Shifters","Romance contemporáneo [REVISAR]","","","","","",""
"Veiled Amor","V. Theia","","Renegade Souls MC","10.0","There’s a place in Hell for men who fall in love with someone who isn’t theirs.  *His brother’s wife.*   The Renegade Souls MC Sergeant at Arms is used to living in purgatory.   Capone tried to atone for his mistake.   But he’s never regretted it.  Don’t covet.   Don’t touch.   Don’t chase.  Capone broke the rules.   And he’ll break more to ensure his woman is safe from the wolf who wants to sell her.  The truth will set their love free.   But will it also break them apart?   Sometimes it’s not as it appears…   Loyalties will be tested to the max.  Can Lucia and Capone forgive and forget and live the life that was always meant to be theirs?   The biker knows one thing: no more regrets.   His woman deserves everything he has to devote to her.   Because their passionate love for each other can no longer be hidden.  **Author note:** I know… I know… It sounds like cheating. Breathe! It’s not now or ever will be a cheating book. Things aren’t always what they seem. Trust in the biker who loves with every fiber of his dirty being.  New to the Renegade Souls MC series? No problem!   Catch up today with their boxset collection 1-3   mybook.to/RenegadeSoulsBoxset","goodreads:58377485,amazon:B095X6FQ88","","","Paranormal · Lobos/Shifters","Romance contemporáneo [REVISAR]","","","","","",""
"Wild","Elizabeth N. Harris","Themes.Explicit Sex, Themes.Shapeshifters, _Biblioteca.Romance.RomanceSciFan","Rage MC - The Prospects","4.0","He was the eldest, the big brother. He was meant to save his younger brother and failed. Lecherous abusers had sunk their claws into him first and then his baby brother. Most would laugh and say hey dude, what are you complaining about. It was sex on tap. No, it wasn’t; it was abuse, and nobody could understand unless you had been in his situation. He was left with a deep mistrust of all women.  Ignored, belittled, ridiculed, her family had been vile. When they were finally brought down, she escaped. Now she was being offered the job of a lifetime, a one-off chance to improve victim’s scars worldwide. They only took the brightest into the programme, and her name was on it. But he also needed her, and she needed him. But their misunderstandings and lack of trust were undermining everything. No matter how hard they tried, they just seemed to tear one another apart.  Can a wounded young man, a prospect, reach past his guilt and his past and cling to what he’s being offered? Can a woman desperately needing approval and validation see what she’s being given? Or will they implode before they even begin? Will both Valens brothers accept true love and happiness, or will one lose everything dear to him?","goodreads:134381991,amazon:B0C2QC44RP","","","Tono · Picante/Erotico, Paranormal · Lobos/Shifters","Romance contemporáneo [REVISAR]","","","","","",""
"Wolf","Mackenzy Fox & Dakotah Fox","_Biblioteca.Romance.Contemporaneo","","1.0","Hayley Summers shouldn’t be real. She’s sweet. Cute. Lovable. All the things I despise. I love my team. My little dog, Thor. Hockey. And that’s it. All I care about is being the best goalie I can be. And trying not to get lost in all things Hayley. She’s everywhere. Cooking her delicious treats for the team. Making everyone fall for her, everyone but me. She’s a distraction. A pretty face. Nothing more. But then Vegas happens. And we get drunk. And then Elvis is marrying us in the Chapel O’ Love. And I’ve no idea how I got myself into this mess. Or how the hell I’m gonna get out of it. But one things for sure… Hayley isn’t a girl I can just shake. Especially now she’s my wife. Ice hockey romance Grumpy/Sunshine Forced proximity Accidental marriage Gruff goalie She’s the team cook Lots of steam HEA   When the Nashville Racer’s favorite Goalie Nate Wolf lays eyes on the new team cook, Hayley Summers, all bets are off. He’s a grump. She’s sunshine and then some. Wolf doesn’t want to get involved, not permanently, even though he can’t stop thinking about the cute little cook who everyone loves, especially when her delicious food has everyone talking. The only thing Nate loves more than hockey is his little chihuahua, Thor, and the little guy makes all the rules… Including making friends with Hayley. Add in one night of drunken passion, an accidental marriage and a past that one of them cannot escape from, and you have yourselves a royal mess. This romance is a quick read with no cheating, a possessive, very alpha hero, and a lovable, sweet heroine with a HEA guaranteed. **Wolf is the third book in a new Quick Burn series by identical twin dynamite writing duo Mackenzy Fox & Dakotah Fox. Each Quick Burn is a stand-alone adult romance in the same world, written under specific genres. Can be read in any order.","goodreads:192421571,amazon:B0CC36JR13","","","Dinamica · Grumpy/Sunshine, Dinamica · Proximidad forzada, Arquetipo · Alpha male, Arquetipo · Deportistas, Paranormal · Lobos/Shifters","Romance contemporáneo [REVISAR]","","","","","",""
"A Changeling For All Seasons 5 (Box Set)","Anne Kane & Elizabeth Jewell & Ayla Ruse & B.J. McCall & Camille Anthony & Cassidy McKay & Cynthia Sax & Megan Slayer & Sean Michael & Stephanie Burke & Kyla Logan","","","1.0","Eleven tales of Christmas Magic from your favorite Changeling authors!   Christmas Magic by Anne Kane: Tali hopes the Christmas Magic of the Sugarplum Ball is strong enough to get Jax into her bed.   Blitzened by Elizabeth Jewell: Christmas Eve rolls around, Nick gets a yen to kindle some holiday spirit in his human boyfriend's heart   Emmy's Wish by Ayla Ruse: Will this little Elf get the huge (male) present she wants?   Holiday Moon by B.J. McCall: When these two come together the rules of engagement no longer apply.   Santa's Treat by Camille Anthony: Plum's been a very good girl, and the treat she wants is Santa.   Christmas Stalkings by Cassidy McKay: What's a Christmas Elf to do when he wants to sex up the North Pole a bit? Make adult toys, of course!   Clothing Optional by Cynthia Sax: When Otho spots his perfect fairy streaking down the street completely nude, he realizes she's only perfect for him.   Wrapped Around by Megan Slayer: Taygan's going to make Luc's holiday one he'll never forget -- complete with the real Santa, peppermints, and hot sex.   Stranded by Sean Michael: Can this threesome turn a Christmas disaster into a Christmas delight?   Santa's Claws by Stephanie Burke: Santa's going to see to it that his Elf and the naughty human to whom he's bound have a very Merry Khristmas... or else.   Werewolf Christmas by Kyla Logan: When Theron arrives home he's assaulted by the most delicious scent. He knows he must claim the owner for his mate.    Praise for Blitzened   ""I love holiday stories. Add a couple of handsome men, and I'm hooked. Ms. Jewell nabbed me from page one with Blitzened.""    -- Tiger Lily, Whipped Cream Reviews   Praise for Christmas Magic   ""This is a very short and screaming hot story, perfect for a cold winter night when you just need a quick pick me up to excite the senses and fill a few minutes. And there is a happy ever after that makes this worth the reading.""    -- Holly, Whipped Cream Reviews   Praise for Emmy's Wish   ""Ayla Ruse's writing is fast-paced, witty, and will have you smiling at Emmy and Trey's playful sexual encounters.""    -- 4.5 Blue Ribbons from Chrissy, Romance Junkies   Praise for Holiday Moon   ""This is a fast paced, action packed, sexy story.""    -- 4.5 Blue Ribbons from Chrissy, Romance Junkies   Praise for Santa's Treat   ""The romance between Nick and Plum is cute, fun, sweet, and of course, hot. This is a story you can treat yourself to and indulge in a whimsical smile as you consider the possibilities.""    -- 4.5 Blue Ribbons from Chrissy, Romance Junkies   Praise for Christmas Stalkings   ""CHRISTMAS STALKINGS is whimsical, sexy and fun – just the thing to liven up your imagination and renew your Christmas spirit… even if the holiday itself is over.""    -- 4.5 Blue Ribbons from Chrissy, Romance Junkies   Praise for Clothing Optional   ""Cynthia Sax brings fantasy, fun and red hot sex to the season.""    -- 4.5 Blue Ribbons from Chrissy, Romance Junkies   Praise for Stranded   ""S Michael writes scenes that literally melt the computer screen. The writing is snappy and kept me right in my seat.""    -- Wendi Zwaduk   ""Oh sure, nobody likes to have their plans altered, especially during the holidays, but sometimes all you can do is make the best of it and Gretchen, Russ and Dave certainly do just that!"" &","mobi-asin:bd685680-4c3f-4a10-af52-daeabcddc26b","","BIN 07230-02330","Paranormal · Lobos/Shifters, Paranormal · Fae/Feerico, Ambientacion · Navideno/Festivo, Subgenero · Supervivencia","Romance contemporáneo [REVISAR]","","","","","",""
"In the Mood Fur Love","Eve Langlais & Milly Taiden & Kate Baxter","Anthologies, Paranormal, Short Stories, Werewolves, _Biblioteca.Romance.RomanceSciFan, Witches, Shapeshifters, Paranormal Romance, Novella, Fantasy, Romance","Fur","2.0","**Three hot stories about sexy shifters from a trio of today's hottest paranormal romance authors, headlined by bestselling authors Eve Langlais and Milly Taiden!**   *Bearing His Touch* by Eve Langlais   When Becka manages to escape her kidnapper, she finds herself asking help of the man with the nice brown eyes. Stavros can't say no, not when he knows Becka is his mate, but he does have one dilemma when it comes to claiming her. He'll have to find a way for her to bear his touch.   *Fake Mated to the Wolf* by Milly Taiden   Looking for a mate to bring to a party? Wedding? Holiday gathering? Mates Fur Hire is right for you? But what happens when your fake mate ends up being your real one, from *New York Times* bestselling author Milly Taiden!   *The Witch, The Werewolf and The Waitress* by Kate Baxter   For centuries, Lowman, Idaho has been Ellie Curtis's prison. A vengeful witch cursed her with immortality and locked her within the confines of Lowman's borders, sealing Ellie off from most of civilization for eternity. She's learned to make the most of it. But when she meets a cocky werewolf who's part of the elite supernatural law enforcement group, all bets are off...   Colin instantly knew that Ellie was his mate, but when he discovers her secret, he's determined to help set her free. But in doing so, he might just lose the one thing he knows he can't live without...","isbn:9781250166739,amazon:B079DW6X16,goodreads:37638078,mobi-asin:B079DW6X16","","","Paranormal · Lobos/Shifters, Paranormal · Brujas/Magos, Ambientacion · Navideno/Festivo, Tono · Cautiverio/Trata, Subgenero · Paranormal romance","Paranormal [REVISAR]","","","","","",""
"Last Minion Standing","Eve Langlais","English.Romance.Contemporary Romance, Humour, _Biblioteca.Romance.Contemporaneo","","1.0","Taking reality television to the next level in Hell. Strap in. It’s going to get wild. 
All I said was I needed a minion. The next thing I know, I’m embroiled in the reality show from Hell with cameras following me everywhere. But who needs a contest when I’m ready to declare a winner—and get freaky—the moment I meet Drake? As soon as I meet him, shirtless and shoeless, in low-slung jeans, I fantasize about the many ways he can serve me—especially in bed. But Drake, the super-sexy dragon shifter, is after more than a chance to work alongside me in my battle to capture evil souls. He also wants to win my heart. But love is for weaklings, and no matter how much he teases me, I will not give in without a fight—a fight where we somehow lose all our clothes. (wink) Genre: paranormal romance, fantasy romance, demon romance, dragon romance, shapeshifter romance, hell story, romantic comedy, humorous romance
","isbn:9781927459867,google:5UUrCwAAQBAJ,goodreads:28153731","","Romance, humour, Fantasy","Paranormal · Lobos/Shifters, Paranormal · Dragones, Paranormal · Angeles y demonios, Subgenero · Paranormal romance, Subgenero · Comedia romantica","Romance contemporáneo [REVISAR]","","","","","",""
"Alpha Bully","Renee Rose","English.Romance.Contemporary Romance, Contemporary, _Biblioteca.Romance.Contemporaneo","Wolf Ridge High","1.0","***USA Today bestselling author Renee Rose delivers on this intense bully romance with a paranormal twist.* **
SHE RUINED EVERYTHING... I WILL MAKE HER PAY.  
Her mom robbed my dad of his job. Destroyed his life.   
Now I have to look at her every day.   
The girl next door. A human. A hot little nerd.  
She doesn’t belong here—not in Wolf Ridge,   
not at our high school, definitely not in my life.  
She doesn’t know what I am.   
Which makes it all the easier to take revenge.  
I will bring her to her knees. Pierce her heart.  
Make her bleed. For me.   
All for me. 
**NOTE: This New Adult book features steamy scenes with characters over eighteen and is for an audience that is also over eighteen.**
","goodreads:47817883","","Romance, Contemporary","Dinamica · Bully romance, Tono · Picante/Erotico, Publico · New adult, Paranormal · Lobos/Shifters, Arquetipo · Nerd/Geek","Romance contemporáneo [REVISAR]","","","","","",""
"Cash","Jessica Gadziala","_Topics.Dark, _Genre.Fiction.Contemporary, _Genre.Romance.Contemporary Romance, _Genre.Mystery/Thriller.Suspense, _Genre.Mystery/Thriller.Crime, _Genre.Literary.Literary Fiction, _Topics.Adult Content","The Navesink Bank Henchmen MC","2.0","The Henchmen return, this time with CASH as our leading man.  CASH  My life has been about three things- brotherhood, good times, and women. Easy. Nothing complicated. That was until Willow Swift came barging back into my life, face bloodied, banging at the gates of The Henchmen compound calling in a favor owed. Now a marker is a marker and I had to make good, but if there was one woman in the world I didn't need in my life, it was the hard-as-stone, hot-as-sin Willow Swift and whatever mysterious ghosts from her past that were haunting her present.  WILLOW  My life has been nothing but two things: hard and complicated. The last person I wanted in my business was the notorious love-em and leave-em Cash, but I needed help and he was the only one I could lean on without worrying about him finding out about my past. But I was starting to wonder if maybe he was his own kind of dangerous bent on tearing down some things I had long since learned were not possible for me- like falling for a guy I could not, ever, let see the real me.  While this can be read as a stand-alone, you will get more out of this book if you read ""Reign"" and ""Monster"" first.","amazon:B01AX0BMVC,goodreads:28672690,grvotes:6107,mobi-asin:B01AX0BMVC","","","Paranormal · Lobos/Shifters, Subgenero · Policiaco/Detective, Paranormal · Fantasmas, Paranormal · Angeles y demonios, Arquetipo · Moteros/MC, Dinamica · Slow burn, Tono · Picante/Erotico","Romance contemporáneo [REVISAR]","","","","","",""
"Wolf","Jessica Gadziala","_Topics.Dark, _Genre.Romance.Contemporary Romance, _Genre.Fiction.Contemporary, _Genre.Mystery/Thriller.Crime, _Genre.Mystery/Thriller.Suspense, _Genre.Literary.Literary Fiction, _Topics.Adult Content","The Navesink Bank Henchmen MC","3.0","* The Henchmen return to finally give us Wolf & Janie’s story. *    He was just supposed to be saving her from herself… and the half dozen criminal enterprises that would want her blood when they realized what she had done.  What he hadn’t planned on was her invading every aspect of his life with her fiery temper and inability to take no for an answer. And when he finally got beneath her walls and found out why she had gotten herself into trouble in the first place, he knew what he needed to do.  He sure as hell didn’t think he would end up being the one who would need saving…    * This can be read as a stand-alone and has a HEA, but features characters from The Henchmen and Savages series.    ** This is a DARK read. Anyone with triggers may want to avoid this title. For a list of possible triggers, follow this link:    http://www.jessicagadziala.com/trigge...","mobi-asin:B01DFJLD62,grvotes:5571,amazon:B01DFJLD62,goodreads:29630969","","","Paranormal · Lobos/Shifters, Subgenero · Policiaco/Detective, Paranormal · Fantasmas, Paranormal · Angeles y demonios, Arquetipo · Moteros/MC, Dinamica · Slow burn, Tono · Picante/Erotico","Romance contemporáneo [REVISAR]","","","","","",""
"Repo","Jessica Gadziala","_Genre.Romance.Contemporary Romance, _Genre.Fiction.Contemporary, _Genre.Mystery/Thriller.Suspense, _Topics.Dark, _Genre.Romance.Enemies-to-Lovers, _Genre.Literary.Literary Fiction, _Topics.Adult Content, _Genre.Mystery/Thriller.Crime","The Navesink Bank Henchmen MC","4.0","MAZE:  In concept, the plan was simple: prospect at The Henchmen MC. In practice, however, it was anything but. One, because I was a woman. Two, because it was a brotherhood. And three, because Repo, the man who was in charge of making my life a living hell until I quit or screwed up enough to get thrown out, also happened to be the hottest guy I had come across in ages.  The problem was, if I didn't get in and stay in despite the hazing from the members and the undeniable attraction building between me and Repo, there was a very good chance I would be found by them. And if I was found by them, well, I was dead.  REPO:  How the hell was I supposed to get her out of the MC when, one, I didn't agree with the fact that because she was a woman, she had no place in The Henchmen. Two, because she was strong, smart, capable, and determined to get a patch. And three, because, well, I wanted her.  The problem was, if I didn't get her kicked out, I would be screwing up a job that was important to the prez. But the problem was also that if I kicked her out, there was no way I was going to get a shot with her.  I didn't know, however, that the real problem was a lot more complicated and a lot more dangerous than disappointing my boss or not getting laid... the problem was Maze had demons and they were hot on her trail...    * This can be read as a stand-alone and has an HEA but has side characters from the other Henchmen books.","amazon:B01FZXK29A,mobi-asin:B01FZXK29A,grvotes:4362,goodreads:30300718","","","Paranormal · Lobos/Shifters, Subgenero · Policiaco/Detective, Paranormal · Fantasmas, Paranormal · Angeles y demonios, Arquetipo · Moteros/MC, Dinamica · Slow burn, Tono · Picante/Erotico","Romance contemporáneo [REVISAR]","","","","","",""
"Duke","Jessica Gadziala","_Genre.Fiction.Contemporary, _Genre.Romance.Contemporary Romance, _Genre.Mystery/Thriller.Suspense, _Topics.Dark, _Genre.Mystery/Thriller.Crime","The Navesink Bank Henchmen MC","5.0","*It meant war.* **DUKE** The relative peace we have known for years was gone in one violent act. Then, among the ever-present and increasingly bloody unknown threat, I met her.  But when passions ignite, complicating an already impossible situation, I am left to wonder if there is a way to overcome the dark and twisted secrets of my past that would allow me to have any kind of future with her.  **PENNY** I was just a normal girl. I swear. One moment, I was just living my usual boring life. The next, I found myself in the middle of some kind of underground war between an outlaw biker gang and some faceless enemy.  Trapped in a whole new world and in ever-increasing close proximity to the tall, strong, long blond-haired, deep blue-eyed biker named Duke, yeah, let’s just say things got even more interesting.  But Duke had secrets.    And when they came into the light, I realized they were the kind that I wasn’t sure I could live with…","grvotes:3850,goodreads:32188450,amazon:B01LWWZP4N,mobi-asin:B01LWWZP4N","","","Paranormal · Lobos/Shifters, Subgenero · Policiaco/Detective, Paranormal · Fantasmas, Paranormal · Angeles y demonios, Arquetipo · Moteros/MC, Dinamica · Slow burn, Tono · Picante/Erotico","Romance contemporáneo [REVISAR]","","","","","",""
"Cyrus","Jessica Gadziala","_Genre.Romance.Erotica, _Biblioteca.Romance.Contemporaneo, _Topics.Slow Burn, _Topics.Adult Content, _Genre.Romance, _Genre.Fiction.Contemporary, _Genre.Mystery/Thriller.Crime, _Genre.Literary.Literary Fiction, _Genre.Romance.Contemporary Romance","The Navesink Bank Henchmen MC","9.0","Cyrus  Family. Brotherhood. Music. Women.  That was pretty much my life. And it was one I was happy with too. Until I came across her- the one woman I knew I had no right to put my hands on, the woman who I still felt such a connection with that, even though I knew I had to keep my hands - and other body parts - to myself, I wanted to be in her life.    So I became her friend.    Except, this sweet, shy, bookworm was making being honorable a hell of a lot harder than I expected.  Reese  Family. Books.  To be perfectly honest, that was pretty much all my life was about. And I was happy with that. I lived a thousand lives. I saw and felt things in stories I never could have otherwise.    Besides, real life was never as good as books.    Until I came across him.    He was leading man material if I ever saw it.    You know, just not for me.    He made that perfectly clear.    We were going to be friends.    Friends.    That was it.    Except, maybe that simply wasn’t enough…","goodreads:36003545,amazon:B074QZJ9DL,mobi-asin:B074QZJ9DL,grvotes:3039","","","Paranormal · Lobos/Shifters, Subgenero · Policiaco/Detective, Paranormal · Fantasmas, Paranormal · Angeles y demonios, Arquetipo · Moteros/MC, Dinamica · Slow burn, Tono · Picante/Erotico","Romance contemporáneo [REVISAR]","","","","","",""
"A Night Away","Carrie Ann Ryan","Werewolves, Paranormal, Erotica, _Biblioteca.Romance.RomanceSciFan, Shapeshifters, Paranormal Romance, Novella, Fantasy, Romance, Erotic Romance","Redwood Pack","2.5","Kade Jamenson has been mated to Melanie for almost two years. They’ve been through mating circles, battles, loss, misunderstandings, and finally, the birth of their son, Finn. The world is in turmoil around them as the Redwoods engage in war with the Centrals. But for Kade and Melanie, the turmoil is also happening at home. The responsibility of a restless baby and their Pack has taken a toll and they need a break.  Not from each other. But from their Pack. Just for a night.  Kade takes Mel away for a romantic getaway and leaves Uncle Maddox alone with baby Finn. The Omega of the Redwood Pack may be adept at emotions but the idea of a baby may be beyond his immense capabilities.  Author’s Note: This is a novella set between books 3 and 4 to give you a taste of Mel and Kade. It is best that you have already immersed yourselves in the Redwood Pack world, however even new readers will enjoy a glimpse of one of the Redwood’s favorite couples.","goodreads:57478395,isbn:9781623220037,amazon:B011JL6BUQ","","","Tono · Picante/Erotico, Paranormal · Lobos/Shifters, Subgenero · Paranormal romance","Paranormal [REVISAR]","","","","","",""
"Her Lucky Love","Carrie Ann Ryan","Paranormal, Contemporary, _Biblioteca.Romance.RomanceSciFan, Holiday, Contemporary Romance, Paranormal Romance, Fantasy, Romance, Supernatural, Magic","Holiday, Montana","4.0","Brayden Cooper has always been lucky. It’s in his blood and in the coin that he has hanging on a leather tie around his neck. He has everything in the world he could ever want, money: a job, brothers he loves, and the luck that comes with his powers. Yet he’s empty. Everyone but him knows he loves Allison, yet it’s going to take something stronger than luck to bring them together.
Allison Malone’s hell of a marriage is finally over but long hours at work and mommy duty at home are taking its toll on her and that’s not the worst of it. Her late husband’s family is in town and they want her children.
The magic of Holiday, Montana can only help so much, but together, Allison and Brayden just might find a way to save their families—and finally give into one another.
GOOGLE PLAY HOLIDAY MONTANA~~~~~~~~Read what others are saying about New York Times bestselling author, Carrie Ann Ryan:“Count on Carrie Ann Ryan for emotional, sexy, character driven stories that capture your heart!” – Carly Phillips, NY Times bestselling author“Carrie Ann Ryan’s romances are my newest addiction! The emotion in her books captures me from the very beginning. The hope and healing hold me close until the end. These love stories will simply sweep you away.” ~ NYT Bestselling Author Deveny Perry“Carrie Ann Ryan writes sexy emotional romances that'll make you cry and fan yourself from the heat, especially because of all that sexy ink.”–#1 NYT Bestselling Author Lauren Blakely “Once I started reading, I couldn’t stop! This is definitely going in my re-read pile!” –NYT Bestselling Author Susan Stoker""Carrie Ann Ryan writes the perfect balance of sweet and heat ensuring every story feeds the soul.
"" - Audrey Carlan, #1 New York Times Bestselling Author“Carrie Ann Ryan never fails to draw readers in with passion, raw sensuality, and characters that pop off the page. Any book by Carrie Ann is an absolute treat.” – New York Times Bestselling Author J. Kenner “Carrie Ann Ryan knows how to pull your heartstrings and make your pulse pound! Her wonderful Redwood Pack series will draw you in and keep you reading long into the night. I can’t wait to see what comes next with the new generation, the Talons. Keep them coming, Carrie Ann!” –Lara Adrian, New York Times bestselling author of CRAVE THE NIGHT""With snarky humor, sizzling love scenes, and brilliant, imaginative worldbuilding, The Dante's Circle series reads as if Carrie Ann Ryan peeked at my personal wish list!"" – NYT Bestselling Author, Larissa Ione""Carrie Ann Ryan writes sexy shifters in a world full of passionate happily-ever-afters.
"" – New York Times Bestselling Author Vivian Arend“Carrie Ann’s books are sexy with characters you can’t help but love from page one. They are heat and heart blended to perfection.” New York Times Bestselling Author Jayne RylonCarrie Ann Ryan's books are wickedly funny and deliciously hot, with plenty of twists to keep you guessing. They'll keep you up all night!” USA Today Bestselling Author Cari Quinn""Once again, Carrie Ann Ryan knocks the Dante's Circle series out of the park. The queen of hot, sexy, enthralling paranormal romance, Carrie Ann is an author not to miss!"" New York Times bestselling Author Marie HarteRead the Entire Holiday, Montana Series:Charmed SpiritsSanta’s ExecutiveFinding AbigailHer Lucky LoveDreams of Ivory___Topics: Wolf, Werewolf, Shifter, Romance, Series, Fantasy, Paranormal, Dominant, Paranormal Series, werewolf romance, shapeshifter romance, fantasy romance, dragon, fat, cat shifter, menage romance, alpha male, series and saga, magic, witch, demon, sexy, heartwarming, heart-warming, family, love, love books, kissing books, emotional journey, contemporary, contemporary romance, romance series, long series, long romance series, sassy, strong heroine, captivating romance, hot, hot romance, forbidden love, sparks, loyalty, swoon rescue, kidnap, claiming, defending, protectOther readers of Carrie Ann Ryan’s books enjoyed books by: Kate Rudolph Felicity Heaton, JR Ward, Kresley Cole, Nalini Singh, Thea Harrison, Ilona Andrews, Jennifer L Armentrout, Lynsay Sands, Grace Goodwin, Lora Leigh, Jessie Donovan, Shelly Laurenston, Donna Grand, Mandy M Roth, NJ Walters, Abigail Owen, and Eve Langlias.
","isbn:9781623220273,amazon:B010TVVOQS,goodreads:16033888,google:oApXBQAAQBAJ","","","Dinamica · Prohibido, Dinamica · Poliamor/Trio, Arquetipo · Alpha male, Tono · Picante/Erotico, Tono · Cozy/Ligero, Paranormal · Lobos/Shifters, Paranormal · Dragones, Paranormal · Brujas/Magos, Paranormal · Angeles y demonios, Ambientacion · Navideno/Festivo, Tono · Trauma/Salud mental, Subgenero · Paranormal romance, Tono · Humor","Paranormal [REVISAR]","","","","","",""
"Catalyst","Viola Grace","Science Fiction, Themes.Shapeshifters, _Biblioteca.Romance.RomanceSciFan","","1.0","A Terran Times Tale  Mae can shape her own future, but will she have the patience to wait for the shapeshifting lover of her dreams?   Maeryn Lassiter is an Agent of the Enforcers. She has a special skill set that allows her to change her future, and if she is involved with others she can take them along for the ride as well. She meets Nothven Harring on an assignment, but he isn’t the man for her, not yet. She has seen him in detail in her dreams, but not as the man fighting to help free her. She needs him slightly older and battle scarred before she wraps her legs around him. Going their separate ways hurts them both, but nothing in her life is ever out of reach for the catalyst.","","","erotic romance, Science Fiction, Paranormal, shapeshifter","Paranormal · Lobos/Shifters","Romance contemporáneo [REVISAR]","","","","","",""
"Catalyst","Viola Grace","Themes.Shapeshifters, Science Fiction, _Biblioteca.Romance.RomanceSciFan","","1.0","A Terran Times Tale
Mae can shape her own future, but will she have the patience to wait for the shapeshifting lover of her dreams?
Maeryn Lassiter is an Agent of the Enforcers. She has a special skill set that allows her to change her future, and if she is involved with others she can take them along for the ride as well.
She meets Nothven Harring on an assignment, but he isn’t the man for her, not yet. She has seen him in detail in her dreams, but not as the man fighting to help free her. She needs him slightly older and battle scarred before she wraps her legs around him.
Going their separate ways hurts them both, but nothing in her life is ever out of reach for the catalyst.
","mobi-asin:29b0836b-7d28-4c70-897f-baa0a0660831,isbn:9781771113861","","shapeshifter, Science Fiction, erotic romance, Paranormal","Paranormal · Lobos/Shifters","Romance contemporáneo [REVISAR]","","","","","",""
"Colorado Cowboy","Diana Palmer","Romance, Westerns","","1.0","**Suspenseful and sexy, here is one of** New York Times**bestselling contemporary western romance author Diana Palmer’s celebrated Colorado novellas.  Set against the breathtaking backdrop of Colorado, this suspenseful and sexy novella from **New York Times** bestselling author Diana Palmer tells the tale of a solitary cowboy whose peace is interrupted—and wild heart tamed—by an intriguing stranger who brings a new kind of danger to his door . . .**  Fleeing her mother’s killer, Esther Marist ends up at a rugged stranger’s cabin. A wildlife rehabilitator with a menagerie that includes an elderly wolf, Matthews isn’t the type to turn any creature away . . .  As Esther heals, she realizes how much danger she’s brought to his door—and how far he’ll go to protect her.  **“You just can't do better than a Diana Palmer story to make your heart lighter and smile brighter.” —** Fresh Fiction","google:B2l-EAAAQBAJ,amazon:B0B84CHRG6,isbn:9781420154924,goodreads:62583354","","","Arquetipo · Vaquero/Western, Paranormal · Lobos/Shifters","Paranormal [REVISAR]","","","","","",""
"A Matter of Pride","Marie Harte","Paranormal, Erotica, Adult, _Biblioteca.Romance.RomanceSciFan, Shapeshifters, Ebooks, Paranormal Romance, Novella, Fantasy, Romance, Supernatural","Cougar Falls","5.0","Pride goeth before his fall.  A Cougar Falls Story  Dean Chastell has a reputation for being a troublemaker and something of a lady’s man. It’s not his fault he’s attractive, funny and hell on wheels between the sheets…or that his pranks often leave his victims smarting. But not even he deserves to get saddled with Stacey Bermin for his sins. There’s no denying the woman is gorgeous. She’s sexy as hell and aggravating in the extreme. She’s also prideful, pampered, calls him hillbilly and needs a swift kiss…err, kick, in the pants.  And she’s in grave danger.  He never thought they’d manage to spend a few hours, much less a few days, alone without going for each other’s throats, but when trouble comes calling, Dean finds he’ll do anything to keep her safe. She’s not nearly as cold as she seems. In fact, the princess brings out the prince in him he never knew existed. And he’ll move heaven and earth to keep her safe, out of danger…and in his arms, no matter the cost.  A trickster cat finally meets his match in a proud feline used to getting her way. Hunters, hijinks and danger abound as the pride comes together for one heck of a battle.","isbn:9781609289683,mobi-asin:c519843f-10c5-4763-be86-f3c26c07c0b8,goodreads:15060848","","","Tono · Picante/Erotico, Paranormal · Lobos/Shifters, Subgenero · Paranormal romance","Paranormal [REVISAR]","","","","","",""
"A Matter of Pride","Marie Harte","Paranormal, Erotica, Adult, _Biblioteca.Romance.RomanceSciFan, Shapeshifters, Ebooks, Paranormal Romance, Novella, Fantasy, Romance, Supernatural","Cougar Falls","5.0","Pride goeth before his fall.  A Cougar Falls Story  Dean Chastell has a reputation for being a troublemaker and something of a lady’s man. It’s not his fault he’s attractive, funny and hell on wheels between the sheets…or that his pranks often leave his victims smarting. But not even he deserves to get saddled with Stacey Bermin for his sins. There’s no denying the woman is gorgeous. She’s sexy as hell and aggravating in the extreme. She’s also prideful, pampered, calls him hillbilly and needs a swift kiss…err, kick, in the pants.  And she’s in grave danger.  He never thought they’d manage to spend a few hours, much less a few days, alone without going for each other’s throats, but when trouble comes calling, Dean finds he’ll do anything to keep her safe. She’s not nearly as cold as she seems. In fact, the princess brings out the prince in him he never knew existed. And he’ll move heaven and earth to keep her safe, out of danger…and in his arms, no matter the cost.  A trickster cat finally meets his match in a proud feline used to getting her way. Hunters, hijinks and danger abound as the pride comes together for one heck of a battle.","goodreads:15060848,amazon:B0CV5YMKDQ,isbn:9781642920215","","","Tono · Picante/Erotico, Paranormal · Lobos/Shifters, Subgenero · Paranormal romance","Paranormal [REVISAR]","","","","","",""
"Of Beauty, Brains, & Bravery","Natalia Lamb & J. S. Cooper","_Biblioteca.Romance.Contemporaneo","The Wolf and the Lamb Duet (A Marchesi Mafia Romance)","2.0","There was once a wolf and a little lamb. He was full of fury, and she was calm. The first time he saw her, he was intrigued. He lured her into his web of deceit. Once she found out his lies, she was done. And now this mafia bosses time has come. He’s known as a wolf. The cold mafia boss with the frozen heart. His father told him he had to find a wife, but he had other plans. The first time that Antonio Marchesi spied Callie Rowney, he knew he had to have her. Even though she wasn’t from his world, he didn’t care. He concocted an elaborate plan to entrap her in his web. She’s known as a lamb. A sweet, innocent college senior who dreams of one true love. When she met Antonio, she couldn’t help but be attracted to his charm and looks. She tried to resist, but he knew the tune to her heart. But then his lies were exposed and she was heartbroken and despaired. She fled his den and never wanted to see him again. But there’s one secret neither one of them knows about. The final part of the Wolf and Lamb mafia romance duet, featuring Antonio ""The Wolf"" Marchesi and Callie Rowney.","mobi-asin:B0BXBFNDZ7,amazon:B0BXBFNDZ7","","","Arquetipo · Mafia, Paranormal · Lobos/Shifters","Romance contemporáneo [REVISAR]","","","","","",""
"The Love Trials","J. S. Cooper & Helen Cooper","_Biblioteca.Romance.Contemporaneo","The Love Trials","1.0","This isn’t your regular love story. My Prince Charming didn’t ride up on a white horse and come and save me. In fact, he warned me to stay away from him. Of course, I didn’t listen. Why would I? There’s something so exciting about going after someone you shouldn’t have. 
However, I never thought it would be like this. I’ve never felt so conflicted in my life. No one told me that being bad could feel so good. No one told me that when the big bad wolf tells you to run away and hide, you should listen. 
If I’d only known just how far from charming my prince was, I would have ignored the invitation.
","","","","Paranormal · Lobos/Shifters","Romance contemporáneo [REVISAR]","","","","","",""
"An Everlasting Christmas","Mandy M. Roth","Paranormal, Amateur Sleuth, _Biblioteca.Romance.RomanceSciFan, Cozy, General, Mystery & Detective, Fiction, Romance, Shifters","The Happily Everlasting Series","7.0","Welcome to Everlasting, Maine, where there's no such thing as normal.
Wil Messing may own a thriving antique shop in the tiny seaside town of Everlasting, Maine, but the man and the shop are far more than they appear to be. Born into a long line of supernatural hunters, this alpha male has had to make tough decisions all of his life. But the toughest one of all was walking away from the woman who stole his heart long ago. But he had no choice. It was for her own safety.
He wants more from her than mere friendship but knows he has no right to ask—not with their past. But when a secret admirer begins leaving Jolene gifts, it doesn’t take a great detective to tell Wil it's now or never.
Jolene Bails may come off as a tough-as-nails, no-nonsense kind of woman, but underneath it all, she has a softer side. Now that she has a Secret Santa, who seems to know her well, she finds herself opening to the idea of wanting more from life. But first, she has to figure out who is leaving her mysterious gifts and why it is Wil, her old flame, is acting so strange.
Genre: Cozy mystery, cozy pnr, romance, paranormal, shifter, magic, myths, legends, holiday, christmas, paranormal women's fiction, second chance, mature heroine, mature hero, love at any age, novella
","mobi-asin:B07HY7ZG3Q,isbn:9781947908109,amazon:B07HY7ZG3Q,google:ik5yDwAAQBAJ,goodreads:42113542","","","Dinamica · Segunda oportunidad, Arquetipo · Alpha male, Tono · Cozy/Ligero, Paranormal · Lobos/Shifters, Ambientacion · Navideno/Festivo, Subgenero · Cozy mystery, Subgenero · Policiaco/Detective, Subgenero · Paranormal romance","Misterio·Thriller·Terror [REVISAR]","","","","","",""
"Beast Brothers #2","Stephanie Brother","","Beast Brothers","2.0","An MFM Twin Ménage Romance
**One man may be plenty ... but two is the perfect fantasy.**
Ever since my best friend scored two gorgeous, brawny brothers who attend to her every need, I’ve been on the lookout for my own twin beasts. 
Enter Alex and Lucas Wolf. Huge, identical specimens of male perfection. Easy on the eyes and even better in bed. Double the pleasure, double the ... aggravation! 
Stubborn, domineering, and way too bossy. I don’t need that. I'm more than capable of running my own life so I decide to have my fun and move on ... except the twins don’t agree with my decision. 
Especially when I’m suddenly in danger, and the Wolf brothers decide they’re the only ones who can keep me safe. I may survive the threat ... but with both of them guarding me day and night, can I withstand the temptation? 
This is a super hot MFM ménage romance with a guaranteed happy ending. Though it’s the second book in a series, each story stands alone. Get cozy and enjoy! **
","asin:B01MS8DFGA,amazon:B01MS8DFGA","","Adult, Romance, glbt, menage, mfm, Gay","Dinamica · Poliamor/Trio, Tono · Cozy/Ligero, Paranormal · Lobos/Shifters","Romance contemporáneo [REVISAR]","","","","","",""
"Amber Eyes","Maya Banks","","","1.0","<p><i>Their final mission will be to win her love.</i><p>A beautiful, vulnerable woman appears at the high country cabin where Hunter and Jericho live between assignments. They are captivated by their stunning, reticent visitor and vow to protect her&#8212;and uncover what she's hiding. Neither is prepared for the unbelievable. Their beautiful innocent is a cougar shifter who's spent a lifetime alone.<p>In the shelter of their love, Kaya blooms, finally willing to trust&#8212;and embrace her humanity again. Then Hunter and Jericho are called away on a mission that goes terribly wrong. Now, pregnant, and alone once more, she must find her way in a world she doesn't belong to&#8212;and hope that the two men she loves will find their way home.<p><i>Amber Eyes is the sequel to Golden Eyes, which is available through another publisher. For further details, visit Maya's website.</i> <a href=""http://www.mayabanks.com/goldeneyes.php"">http://www.mayabanks.com/goldeneyes.php</a>","isbn:9781605044927","","","Paranormal · Lobos/Shifters","Romance contemporáneo [REVISAR]","","","","","",""
"Atrevida","Lori Foster","novela, Romántico","Hermanos Winston","3.0","Zane está más que acostumbrado a rechazar los poco sutiles acercamientos de las clientas de la Taberna Winston. Por eso se sorprende mucho cuando los sugerentes susurros de una gitana le provocan un excitante hormigueo en lugar de una carcajada. Tamara Tremayne, dueña de una tienda de artículos esotéricos, no es tan exótica como aparenta: sus supuestos poderes psíquicos no son tales y recurre al maquillaje y a las pelucas para hacerse pasar por lo que no es. Lo que si es cierto es la atracción que siente por Zane y… que desde hace un tiempo su vida corre peligro. Convencido de que ha encontrado a la mujer de su vida, Zane hará todo lo posible por ayudar a Tamara. ¿Será tan atrevida como parece?","","","","Paranormal · Lobos/Shifters, Subgenero · Superpoderes, Tono · Humor","Romance contemporáneo","","","","","",""
"La vida secreta de Bryan","Lori Foster","Romántico, novela","Hermanos Winston","5.0","Bryan Kelly es un cazador de recompensas que tiene unas cuantas reglas. La primera: las mujeres son para divertirse, no para comprometerse. La segunda: hacer cualquier cosa por su hermano gemelo, incluso suplantarlo para averiguar quién quiere sabotear su centro de beneficencia, aunque tenga que representar el papel de protector de un grupo de prostitutas descaradas y provocativas. Claro que no había contado con Shay Sommers. Aunque intenta conservar la calma, cuando está cerca de ella no consigue evitar tener pensamientos impuros, lo cual nos lleva directamente a la regla número tres: si no puedes evitar la tentación, sucumbe a ella... presentar su papel con convicción, hasta el punto de que el atractivo predicador que dirige el centro la confunde con una verdadera prostituta. Aunque más que un pastor parece un lobo, y Shay sospecha que ella podría ser su próxima cena.","","","","Paranormal · Lobos/Shifters, Subgenero · Superpoderes, Tono · Humor","Romance contemporáneo","","","","","",""
"Mastered","Maya Banks","","","1.0","<p><b>The #1<i> New York Times</i> bestselling author of the Surrender Trilogy and the Breathless Trilogy knows what makes readers hot. Now she turns it up in <i>Mastered</i>, the explosive first book in a new series of a desire too dangerous to resist.</b><br> <b> </b><br> <b>What he wants, he takes with no remorse or guilt.</b><br> <b> </b><br> She stood out in his club like a gem, unspoiled and untouched. A lamb among wolves, she clearly didn't belong. Drawn to her innocence he watched as she was surrounded by men who saw what he did&#8212;but no one but him could touch her. He summoned her to his private quarters. He sensed her fear. He also recognized the desire in her eyes. And he knew she wouldn't leave before he possessed her. She had no need to know his secrets. Not until he had her under his complete and utter control.<br> <b> </b><br> <b>What he wants, she isn't sure she can give him.</b><br> <b> </b><br> The moment he told her want he wanted, she couldn't resist....","","","","Paranormal · Lobos/Shifters","Romance contemporáneo [REVISAR]","","","","","",""
"The Werewolf of Grey Lake Inn","Megan Derr","","","1.0","<p>Astor is tired&#8212;tired of his family and the way they never listen to his advice, and tired of being in love with his agent, Tennyson, who after a one night stand made it clear he preferred to keep things professional. The only thing Astor's not tired of is his job researching haunted inns and hotels to prove just how haunted they're not.His latest book is about a notorious inn in the middle of nowhere, and a haunting he suspects has more to do with real werewolves than fake ghosts. It will provide fodder for an excellent non-fiction book, the novel he's secretly writing, and be so distracting he'll finally be able to get over Tennyson.Except when he arrives it's to find that Tennyson is already there, with every intention of keeping Astor company through the holidays.","isbn:9781620046883","","Gay Romance, Paranormal, Paranormal Days","Paranormal · Lobos/Shifters, Ambientacion · Navideno/Festivo, Paranormal · Fantasmas","Romance contemporáneo [REVISAR]","","","","","",""
"Black Moon Rising","Melody Lane","","","1.0","Steve enjoys his day job as a shapeshifting bounty hunter—but his personal life is a mess. Nightmares of his father’s death and fantasies of a lost love torment him each night. Until he responds to a bail bondsman’s request to pick up a bail jumper and gets the shock of his life—the presumed murderer is Herman, his long-lost love.   
Muscular firefighter Herman never expected to see the man he shared unbelievably hot chemistry with ever again. After all, he’d ditched their relationship and his lifestyle for a chance to reconcile with his estranged father. Could Steve possibly forgive that?   
When the Merlotti crime family—all vicious, remorseless werewolves—get a sniff of Herman, the situation becomes desperate. What do they know about Lawrence Fleming’s death, and can Steve save the only man he’s ever loved before it’s too late?   
A Romantica® GBLT male/male paranormal erotic romance from Ellora’s Cave.
","isbn:9781419944635,goodreads:20870703","","","Tono · Picante/Erotico, Arquetipo · Bombero, Paranormal · Lobos/Shifters, Subgenero · Policiaco/Detective","Romance contemporáneo [REVISAR]","","","","","",""
"Pasion de cine","Jane Porter","Español.Romance.Romance Contemporáneo, _Biblioteca.Romance.Contemporaneo","","1.0","Un engaño tras otro… y acabaron convertidos en marido y mujer Wolf Kerrick estaba acostumbrado a aparecer en los periódicos. Esa vez el sexy actor había convertido a una chica corriente llamada Alexandra en una celebridad… y después en su esposa. Pero toda la sofisticación y la elegancia de la boda estaban empañadas por un oscuro secreto... un secreto que, si llegaba a oídos de los periodistas, provocaría un tremendo escándalo.
","goodreads:25639338","","Español.Romance.Romance Contemporáneo","Arquetipo · Rockstar/Celebridad, Paranormal · Lobos/Shifters","Romance histórico [REVISAR]","","","","","",""
"Christmas Alpha","Carole Mortimer","Romance.Romantic Suspense, Adults (18+), Romance","Alpha","1.0","The sizzling HOT novella that introduces USA Today Bestselling author Carole Mortimer’s all new series, ALPHA, contemporary romance with an added dash of suspense. 
Stories of dark and compelling ALPHA men, who are used to taking what they want when they want it, and the strong and determined women who have no intention of being taken. Unless it’s on their own terms... 
Finn Devlin is being stalked by his ex-girlfriend, and the last thing he wants or needs is to find himself stranded in a blizzard, four days before Christmas, with a woman he’s only just met but already knows he wants in his bed. Underneath him. On top of him. Any way he can get her! 
Eva Shaw has no idea why Finn Devlin would choose to live alone in such a remote place miles from his nearest neighbors. One thing she does know, however—she isn’t the woman he’s mistaken her for. The woman he ‘hired’ from an ‘agency’... 
While the blizzard continues to rage fiercely outside, the passion inside the house becomes even hotter and unstoppable. Taking Finn and Eva to new and undeniable heights of raw sensuality and desire. 
While someone outside watches and waits...   
Author’s Note: The novellas and full-length novels in the ALPHA series have sexier situations and more adult language than my other books. 
","ff:m/carole-mortimer/christmas-alpha,fictiondb:carole-mortimer~christmas-alpha~1124680~b,goodreads:23551313","","Romance.Erotic Romance, Romance.Romantic Suspense","Tono · Picante/Erotico, Ambientacion · Navideno/Festivo, Subgenero · Policiaco/Detective, Subgenero · Romantic suspense, Paranormal · Dragones, Ambientacion · Regencia, Representacion · LGBTQ+ (MM), Subgenero · Paranormal romance, Arquetipo · Militar/SEAL, Paranormal · Lobos/Shifters, Subgenero · Supervivencia, Tono · Trauma/Salud mental, Tono · Cautiverio/Trata, Arquetipo · Mafia, Subgenero · Fantasia epica, Subgenero · LitRPG/GameLit, Subgenero · Fantasia progresiva/Cultivo","Romance contemporáneo [REVISAR]","","","","","",""
"Dark Alpha","Carole Mortimer","Romance.Romantic Suspense, Adults (18+), Romance","Alpha","2.0","Approx 67,000 word count   
Dark Alpha is the second, full length novel, in USA Today Bestselling author Carole Mortimer’s HOT new ALPHA series. Sizzling contemporary romance with an added dash of danger. 
Stories of dark and compelling ALPHA men, who are used to taking what they want when they want it, and the strong and determined women who have no intention of being taken. Unless it’s on their own terms... 
Lucien Wynter made a decision 15 years ago to distance himself from his violent past. He has spent those intervening years quietly and ruthlessly building his own business empire and amassing his own private fortune, while at the same time remaining aloof from all emotional entanglements. If he physically wants a woman, then he takes one. Beautiful sensuous women, who never mean anything more to him than that fleeting physical release. 
Until Nicky McKenzie... 
Beautiful. Fiery. Elusive Nicky McKenzie. 
Lucien had never calculated on meeting, let alone desiring, a woman like Nicky McKenzie. The woman he now wants in his bed, no holds barred. The woman he can’t seem to forget. But also, he discovers too late, the one woman capable of bringing his violent past crashing down about his ears... 
Nicky McKenzie just wants to live her life in quiet obscurity. Unnoticed. Invisible. And for five years she had succeeded in doing exactly that. 
Until Lucien Wynter... 
Cold. Compelling. Ruthless Lucien Wynter. 
Was it chance the two of them had met, or just the cruelty of fate? Whichever it was, the desire between Lucien and Nicky is instant. Explosive. Unforgettable. A desire that becomes as necessary to both of them as breathing, as they indulge and lose themselves in each and every one of their desires for each other. 
But both of them are hiding secrets. Secrets that, once told, could destroy them both. 
Author’s Note: The novellas and full-length novels in the ALPHA series have sexier situations and stronger language than my other books. 
Books in Carole Mortimer’s ALPHA series: 
Christmas Alpha – Book 1, approx 29,000 word novella, now available.   
Dark Alpha – Book 2, approx 67,000 word novel now available for pre-order, publishing date January 18th, 2015   
Shadow Alpha – Book 3, a full-length novel, publishing date March 15th, 2015   
Midnight Alpha – Book Four, a full-length novel, release date May 17th, 2015 
","ff:m/carole-mortimer/dark-alpha,goodreads:24551693,fictiondb:carole-mortimer~dark-alpha~1125233~b","","Romance.Erotic Romance, Romance.Romantic Suspense","Tono · Picante/Erotico, Ambientacion · Navideno/Festivo, Subgenero · Policiaco/Detective, Subgenero · Romantic suspense, Paranormal · Dragones, Ambientacion · Regencia, Representacion · LGBTQ+ (MM), Subgenero · Paranormal romance, Arquetipo · Militar/SEAL, Paranormal · Lobos/Shifters, Subgenero · Supervivencia, Tono · Trauma/Salud mental, Tono · Cautiverio/Trata, Arquetipo · Mafia, Subgenero · Fantasia epica, Subgenero · LitRPG/GameLit, Subgenero · Fantasia progresiva/Cultivo","Romance contemporáneo [REVISAR]","","","","","",""
"Dark Alpha","Carole Mortimer","Romance.Romantic Suspense, Romance, Adults (18+)","Alpha","2.0","Approx 67,000 word count   
Dark Alpha is the second, full length novel, in USA Today Bestselling author Carole Mortimer’s HOT new ALPHA series. Sizzling contemporary romance with an added dash of danger. 
Stories of dark and compelling ALPHA men, who are used to taking what they want when they want it, and the strong and determined women who have no intention of being taken. Unless it’s on their own terms... 
Lucien Wynter made a decision 15 years ago to distance himself from his violent past. He has spent those intervening years quietly and ruthlessly building his own business empire and amassing his own private fortune, while at the same time remaining aloof from all emotional entanglements. If he physically wants a woman, then he takes one. Beautiful sensuous women, who never mean anything more to him than that fleeting physical release. 
Until Nicky McKenzie... 
Beautiful. Fiery. Elusive Nicky McKenzie. 
Lucien had never calculated on meeting, let alone desiring, a woman like Nicky McKenzie. The woman he now wants in his bed, no holds barred. The woman he can’t seem to forget. But also, he discovers too late, the one woman capable of bringing his violent past crashing down about his ears... 
Nicky McKenzie just wants to live her life in quiet obscurity. Unnoticed. Invisible. And for five years she had succeeded in doing exactly that. 
Until Lucien Wynter... 
Cold. Compelling. Ruthless Lucien Wynter. 
Was it chance the two of them had met, or just the cruelty of fate? Whichever it was, the desire between Lucien and Nicky is instant. Explosive. Unforgettable. A desire that becomes as necessary to both of them as breathing, as they indulge and lose themselves in each and every one of their desires for each other. 
But both of them are hiding secrets. Secrets that, once told, could destroy them both. 
Author’s Note: The novellas and full-length novels in the ALPHA series have sexier situations and stronger language than my other books. 
Books in Carole Mortimer’s ALPHA series: 
Christmas Alpha – Book 1, approx 29,000 word novella, now available.   
Dark Alpha – Book 2, approx 67,000 word novel now available for pre-order, publishing date January 18th, 2015   
Shadow Alpha – Book 3, a full-length novel, publishing date March 15th, 2015   
Midnight Alpha – Book Four, a full-length novel, release date May 17th, 2015 
","ff:m/carole-mortimer/dark-alpha,goodreads:24551693,fictiondb:carole-mortimer~dark-alpha~1125233~b","","Adult Fiction.Erotica, Romance, Romance.Romantic Suspense","Tono · Picante/Erotico, Ambientacion · Navideno/Festivo, Subgenero · Policiaco/Detective, Subgenero · Romantic suspense, Paranormal · Dragones, Ambientacion · Regencia, Representacion · LGBTQ+ (MM), Subgenero · Paranormal romance, Arquetipo · Militar/SEAL, Paranormal · Lobos/Shifters, Subgenero · Supervivencia, Tono · Trauma/Salud mental, Tono · Cautiverio/Trata, Arquetipo · Mafia, Subgenero · Fantasia epica, Subgenero · LitRPG/GameLit, Subgenero · Fantasia progresiva/Cultivo","Romance contemporáneo [REVISAR]","","","","","",""
"Shadow Alpha","Carole Mortimer","Romance.Romantic Suspense, Romantic Suspense, Romance.Erotic Romance, Romance","Alpha","3.0","This is a NEW COVER, there is NO new story content. If you purchased the original book there is no need to buy this one.  Shadow Alpha (ALPHA 3) is the 3rd book in in Amazon #1 and USA Today International Bestselling author Carole Mortimer’s ALPHA series. Sizzling contemporary romance with an added dash of danger. It is also her 200th published book.  Dair Grayson runs a worldwide security company, and with his military background he’s the perfect choice when Gregori Markovic, a boss of London’s criminal underworld, needs someone to go and find, and if necessary, rescue his sister. That seems straightforward enough, it’s what Dair does, after all. Only trouble is, Dair hasn’t seen Kat for years, and his affectionate memories of her as a coltish fifteen-year-old in no way prepare him for the beautiful woman Kat has become.  Kat has given up hope of being rescued from the hell in which she’s been incarcerated for weeks. The arrival of Dair Grayson changes all that. But Dair is no longer that devil-may-care teenager she remembers from so long ago but instead he’s become a hardened and scarred warrior. A warrior who is determined to rescue her, from herself, if necessary.  On the run from Kat’s ex-husband, the two of them are thrown together constantly, and Dair finds it harder and harder to resist this hot and sexy grown-up Kat. Except he doesn’t do forever. He learned his lesson long ago when it came to dark-eyed beauties like Katya Markovic, and he has the scars to prove it.  Kat doesn’t want forever either, she’s only interested in the here and now. And what she wants now is Dair.  The only problem is, Kat’s ex-husband is now looking for both of them...  Books by Carole Mortimer:  ALPHA Series:  Christmas Alpha (ALPHA 1)   Dark Alpha (ALPHA 2)   Shadow Alpha (ALPHA 3)   Midnight Alpha (ALPHA 4)   Renegade Alpha (ALPHA 5)   Warrior Alpha (ALPHA 6)   Rogue Alpha (ALPHA 7)   Savage Alpha (ALPHA 8)   Series complete  Knight Security Series – spin-off to Alpha series   Books 0.5 – 6 Series Complete  Kingston Security:  Kingston’s Ransom (Kingston Security 1)   Kingston’s Captive (Kingston Security 2)   Kingston’s Redemption (Kingston Security 3) 275th Book   Kingston’s Enigma (Kingston Security 4)   Kingston’s Salvation (Kingston Security 5)   More books to come in this series  Ruthless Regency Dukes:  The Wager (Ruthless Regency Dukes 1)   The Mistress (Ruthless Regency Dukes 2)   The Widow (Ruthless Regency Dukes 3)   The Guardian (Ruthless Regency Dukes 4)   More books to come in this series  Dance with the Devil – Contemporary Romance series:   Bks 1 – 5 Series complete  Regency Scandal   Bks 1 – 4 Series complete  Russian Dragon Heat   VLADIMIR (Russian Dragon Heat 1)   VAUGHN (Russian Dragon Heat 2)   VIKTOR (Russian Dragon Heat 3)  Regency Club Venus:   Bks 1-5 Series complete  Steele Protectors contemporary romance Series:   Bks 1-6 Series complete  Regency Men in Love – MM romance written as C A Mortimer   HIDDEN LOVER (Regency Men in Love 1)   HIDDEN DESIRE (Regency Men in Love 2)  Regency Lovers Series:   Bks 1-6 Series complete  Dragon Hearts:   Bks 1-8 Series complete  Regency Sinners Series:   Bks 1-8: Series complete  Regency Unlaced Series:   Books 1-9: Series complete  Carole Mortimer has written over 275 books, in contemporary romantic suspense, Regency romance, MM Regency romance & paranormal romance. She became an indie author in 2014. In May 2017 she received a Career Achievement Award from Romantic Times. She is the Recipient of the 2015 Romance Writers of America’s Lifetime Achievement Award. Is an Entertainment Weekly Top 10 Romance Author—ever. Carole is a 2014 Romantic Times Pioneer of Romance. She was also recognized by Queen Elizabeth II in 2012, for her “outstanding service to literature”.","amazon:B00SCKHWBK,fictiondb:carole-mortimer~shadow-alpha~1226969~b,ff:m/carole-mortimer/shadow-alpha,isbn:9781910597040,goodreads:24778720","","Romance.Erotic Romance, Romance.Romantic Suspense","Tono · Picante/Erotico, Ambientacion · Navideno/Festivo, Subgenero · Policiaco/Detective, Subgenero · Romantic suspense, Paranormal · Dragones, Ambientacion · Regencia, Representacion · LGBTQ+ (MM), Subgenero · Paranormal romance, Arquetipo · Militar/SEAL, Paranormal · Lobos/Shifters, Subgenero · Supervivencia, Tono · Trauma/Salud mental, Tono · Cautiverio/Trata, Arquetipo · Mafia, Subgenero · Fantasia epica, Subgenero · LitRPG/GameLit, Subgenero · Fantasia progresiva/Cultivo","Romance contemporáneo [REVISAR]","","","","","",""
"Midnight Alpha","Carole Mortimer","Romance.Erotic Romance, Romance.Romantic Suspense","Alpha","4.0","Midnight Alpha is the fourth, and full-length novel in USA Today Bestselling author Carole Mortimer’s SCORCHING HOT new ALPHA series. Sizzling contemporary romance with an added dash of danger. 
Stories of dark and compelling ALPHA men, who are used to taking what they want when they want it, and the strong and determined women who have no intention of being taken. Unless it’s on their own terms... 
Gregori Markovic recently became the head of the Russian family that rules London’s criminal underworld. Aged in his mid-thirties some considered him too young for the position. Not any more, he has already been tried and tested, and more than proved himself worthy. 
Gaia Miller is looking for the man responsible for the death of her sister, and she doesn’t mind putting herself in danger if it means finding that man. Going to work at Utopia, one of the exclusive nightclubs and casinos owned by Gregori Markovic, gives her the perfect opportunity to find him and ensure that he pays for his crime. 
Even if that man should turn out to be Gregori Markovic himself. 
Cold and remote, Gregori finds the ice he keeps about his emotions begins to melt from his very first momentous meeting with Gaia Miller, as he is drawn to her warmth and passion in a way he never has been with any other woman. 
Suspicious of Gregori Markovic’s involvement in her sister’s death, Gaia hadn’t expected him to be quite as devastatingly handsome or so powerfully imposing. Or to find herself irresistibly drawn to the sharp edge of danger that surrounds him. 
As different as night and day, and with so many secrets standing between them, the two nevertheless can’t seem to stay away from each other, or to resist every opportunity to explore the depths of that attraction. Wherever that passion might take them. 
But Gregori has already made enemies, one powerful enemy in particular. A man who will stop at nothing to make Gregori suffer in the same way he’s suffered, by taking someone from him that he cares about. He sees Gregori’s deepening involvement with Gaia Miller as the perfect way to exact that revenge. 
Author Note—the novellas and full-length novels in the ALPHA series have sexier situations and stronger language than my other books. 
Books in Carole Mortimer’s ALPHA series:   
Book 1—Christmas Alpha, now available   
Book 2—Dark Alpha, now available   
Book 3—Shadow Alpha, now available   
Book 4—Midnight Alpha, release date May 17th 2015   
Book 5—Renegade Alpha, to be published July 2015   
Book 6—Warrior Alpha, to be published September 2015 
","goodreads:25218584,ff:m/carole-mortimer/midnight-alpha,fictiondb:carole-mortimer~midnight-alpha~1265104~b","","Romance.Erotic Romance, Romance.Romantic Suspense","Tono · Picante/Erotico, Ambientacion · Navideno/Festivo, Subgenero · Policiaco/Detective, Subgenero · Romantic suspense, Paranormal · Dragones, Ambientacion · Regencia, Representacion · LGBTQ+ (MM), Subgenero · Paranormal romance, Arquetipo · Militar/SEAL, Paranormal · Lobos/Shifters, Subgenero · Supervivencia, Tono · Trauma/Salud mental, Tono · Cautiverio/Trata, Arquetipo · Mafia, Subgenero · Fantasia epica, Subgenero · LitRPG/GameLit, Subgenero · Fantasia progresiva/Cultivo","Romance contemporáneo [REVISAR]","","","","","",""
"Renegade Alpha","Carole Mortimer","Romance.Erotic Romance, Romance.Romantic Suspense","Alpha","5.0","Renegade Alpha is the fifth, and full length novel in Carole Mortimer’s HOT new ALPHA series.   
Carole is RWA Nora Roberts Lifetime Achievement Award Winner 2015, RT Pioneer of Romance 2014, and a USA Today Bestselling author 
The books in the ALPHA series are stories of romantic suspense, featuring dark and compelling men who are used to taking what they want when they want it, and the strong and determined women who have no intention of being taken. Unless it’s on their own terms. 
Lijah Smith was known as The Renegade during his years in the army, and even though he no longer serves that hasn’t changed; he’s still a renegade, believes rules were made for other people, not him. He’s also hard, ruthless, with a body of tempered steel, and when beautiful Callie Morgan tells him the reason she needs his help he becomes the deadly assassin that he was trained to be. 
But Lijah has a secret, one that only a handful of people know, and Callie isn’t one of them. 
Callie came to Grayson Security looking for the men who served under her father, Major Peter Morgan, knowing that if anyone can help her find him, they can. She expected to speak with the owner of Grayson Security, instead she meets Lijah Smith, a man as deadly as he is overpoweringly attractive. 
But there’s something Callie isn’t telling Lijah, something that could get them both killed. 
The sexual attraction between the two of them is raw and primal, and impossible for either of them to ignore. But can that attraction overcome the secrets they’re both hiding, and will they find Callie’s father before it’s too late? 
Author’s Note: The stories in the ALPHA series have sexier situations and stronger language than my other books. 
Books in Carole Mortimer’s ALPHA series: 
Bk 1 Christmas Alpha—Available now.   
Bk 2 Dark Alpha—Available now.   
Bk 3 Shadow Alpha—Available now.   
Bk 4 Midnight Alpha—Available now.   
Bk 5 Renegade Alpha—Available now.   
Bk 6 Warrior Alpha—Release October 2015   
Bk 7 Savage Alpha—Release December 2015 
","goodreads:25618180,fictiondb:carole-mortimer~renegade-alpha~1304563~b,ff:m/carole-mortimer/renegade-alpha","","Romance.Erotic Romance, Romance.Romantic Suspense","Tono · Picante/Erotico, Ambientacion · Navideno/Festivo, Subgenero · Policiaco/Detective, Subgenero · Romantic suspense, Paranormal · Dragones, Ambientacion · Regencia, Representacion · LGBTQ+ (MM), Subgenero · Paranormal romance, Arquetipo · Militar/SEAL, Paranormal · Lobos/Shifters, Subgenero · Supervivencia, Tono · Trauma/Salud mental, Tono · Cautiverio/Trata, Arquetipo · Mafia, Subgenero · Fantasia epica, Subgenero · LitRPG/GameLit, Subgenero · Fantasia progresiva/Cultivo","Paranormal [REVISAR]","","","","","",""
"Renegade Alpha","Carole Mortimer","Romance.Erotic Romance, Romance.Romantic Suspense","Alpha","5.0","Renegade Alpha is the fifth, and full length novel in Carole Mortimer’s HOT new ALPHA series.   
Carole is RWA Nora Roberts Lifetime Achievement Award Winner 2015, RT Pioneer of Romance 2014, and a USA Today Bestselling author 
The books in the ALPHA series are stories of romantic suspense, featuring dark and compelling men who are used to taking what they want when they want it, and the strong and determined women who have no intention of being taken. Unless it’s on their own terms. 
Lijah Smith was known as The Renegade during his years in the army, and even though he no longer serves that hasn’t changed; he’s still a renegade, believes rules were made for other people, not him. He’s also hard, ruthless, with a body of tempered steel, and when beautiful Callie Morgan tells him the reason she needs his help he becomes the deadly assassin that he was trained to be. 
But Lijah has a secret, one that only a handful of people know, and Callie isn’t one of them. 
Callie came to Grayson Security looking for the men who served under her father, Major Peter Morgan, knowing that if anyone can help her find him, they can. She expected to speak with the owner of Grayson Security, instead she meets Lijah Smith, a man as deadly as he is overpoweringly attractive. 
But there’s something Callie isn’t telling Lijah, something that could get them both killed. 
The sexual attraction between the two of them is raw and primal, and impossible for either of them to ignore. But can that attraction overcome the secrets they’re both hiding, and will they find Callie’s father before it’s too late? 
Author’s Note: The stories in the ALPHA series have sexier situations and stronger language than my other books. 
Books in Carole Mortimer’s ALPHA series: 
Bk 1 Christmas Alpha—Available now.   
Bk 2 Dark Alpha—Available now.   
Bk 3 Shadow Alpha—Available now.   
Bk 4 Midnight Alpha—Available now.   
Bk 5 Renegade Alpha—Available now.   
Bk 6 Warrior Alpha—Release October 2015   
Bk 7 Savage Alpha—Release December 2015 
","ff:m/carole-mortimer/renegade-alpha,goodreads:25618180,fictiondb:carole-mortimer~renegade-alpha~1304563~b","","Romance.Erotic Romance, Romance.Romantic Suspense","Tono · Picante/Erotico, Ambientacion · Navideno/Festivo, Subgenero · Policiaco/Detective, Subgenero · Romantic suspense, Paranormal · Dragones, Ambientacion · Regencia, Representacion · LGBTQ+ (MM), Subgenero · Paranormal romance, Arquetipo · Militar/SEAL, Paranormal · Lobos/Shifters, Subgenero · Supervivencia, Tono · Trauma/Salud mental, Tono · Cautiverio/Trata, Arquetipo · Mafia, Subgenero · Fantasia epica, Subgenero · LitRPG/GameLit, Subgenero · Fantasia progresiva/Cultivo","Paranormal [REVISAR]","","","","","",""
"Warrior Alpha","Carole Mortimer","Romance.Erotic Romance, Romance.Romantic Suspense","Alpha","6.0","Warrior Alpha is the sixth, and full length novel in Carole Mortimer's HOT romantic suspense series, ALPHA.  
Carole is 2015 RWA Nora Roberts Lifetime Achievement Award Recipient, 2014 RT Pioneer of Romance, and a USA Today Bestselling author 
Nikolai Volkov barely survived his teenage years living on the streets of Moscow. Twenty years later, and now living in London and head of security for the powerful Markovic family, he's become a hard and ruthless man. And as solitary as the wolf of his surname. 
Except someone is hunting the wolf. 
Daisy Redmond has spent her entire life surrounded by warriors. She grew up with two older, protective brothers, and spent five years in the army with men equally as hard and driven. The men at Grayson Security, where she is now employed, are also ex-military. 
Even so, Nikolai Volkov is more warrior than any other man Daisy has ever met. He's also the coldest. And the man she is sent to protect, whether he likes it or not. 
Nikolai makes it very clear that he doesn't like it. Any more than he likes Daisy. 
But he wants her. 
Daisy isn't sure she likes Nikolai either. 
But she wants him. 
Posing as Nikolai's lover during a business trip to New York, can Daisy resist him long enough to be able to protect him from the men now hunting him? 
And stop her heart from being broken when this lone wolf walks away? 
Author's Note: The stories in the ALPHA series have sexier situations and stronger language than my other books. 
Books in Carole Mortimer's ALPHA series: 
Bk 1 Christmas Alpha--Available now.  
Bk 2 Dark Alpha--Available now.  
Bk 3 Shadow Alpha--Available now.  
Bk 4 Midnight Alpha--Available now.  
Bk 5 Renegade Alpha--Available now.  
Bk 6 Warrior Alpha--Release October 4th 2015  
Bk 7 Rogue Alpha--Release December 1st 2015  
Bk 8 Savage Alpha - Release February 2016 
Coming November 1st, intro novella in Carole's new Regency series, to be published alternate months to the Alpha series in 2016.
","fictiondb:carole-mortimer~warrior-alpha~1359990~b,goodreads:26026352,ff:m/carole-mortimer/warrior-alpha","","Romance.Erotic Romance, Romance.Romantic Suspense","Tono · Picante/Erotico, Ambientacion · Navideno/Festivo, Subgenero · Policiaco/Detective, Subgenero · Romantic suspense, Paranormal · Dragones, Ambientacion · Regencia, Representacion · LGBTQ+ (MM), Subgenero · Paranormal romance, Arquetipo · Militar/SEAL, Paranormal · Lobos/Shifters, Subgenero · Supervivencia, Tono · Trauma/Salud mental, Tono · Cautiverio/Trata, Arquetipo · Mafia, Subgenero · Fantasia epica, Subgenero · LitRPG/GameLit, Subgenero · Fantasia progresiva/Cultivo","Romance contemporáneo [REVISAR]","","","","","",""
"Rogue Alpha","Carole Mortimer","Romance.Romantic Suspense, Romantic Suspense, Adults (18+), Romance","Alpha","7.0","This is a NEW COVER, there is NO new story content. If you purchased the original book there is no need to purchase this one.  Rogue Alpha (ALPHA 7) is the 7th story in Amazon #1 and USA Today International Bestselling author Carole Mortimer’s ALPHA series.  Diana is convinced someone broke into her Paris apartment. Just as she believes someone is now following her. The police don’t believe her, and the only person she can turn to for help is Seth Armstrong. Seth works for Grayson Security, and was the man who rescued her eight months ago after she was kidnapped and a ransom demanded for her safe release.  Seth has absolutely no idea who the beautiful redhead is when she accosts him in a London bar one night, demanding he kiss her and look as if he’s enjoying it. He’s happy to oblige, of course. Only to discover he enjoys kissing her a little too much.  Because Diana Moore isn’t what she seems. In fact, Seth’s not sure she isn’t suffering some sort of emotional breakdown after what happened to her eight months ago.  Whatever Diana’s problem is Seth can’t just abandon her when she asks for his help.  Books by Carole Mortimer:  ALPHA Series:   Christmas Alpha (ALPHA 1)   Dark Alpha (ALPHA 2)   Shadow Alpha (ALPHA 3)   Midnight Alpha (ALPHA 4)   Renegade Alpha (ALPHA 5)   Warrior Alpha (ALPHA 6)   Rogue Alpha (ALPHA 7)   Savage Alpha (ALPHA 8)   Series complete  Knight Security Series – spin-off to Alpha series   Books 0.5 – 6 Series Complete  Kingston Security:  Kingston’s Ransom (Kingston Security 1)   Kingston’s Captive (Kingston Security 2)   Kingston’s Redemption (Kingston Security 3) 275th Book   Kingston’s Enigma (Kingston Security 4)   Kingston’s Salvation (Kingston Security 5)   More books to come in this series  Ruthless Regency Dukes:  The Wager (Ruthless Regency Dukes 1)   The Mistress (Ruthless Regency Dukes 2)   The Widow (Ruthless Regency Dukes 3)   The Guardian (Ruthless Regency Dukes 4)   More books to come in this series  Dance with the Devil – Contemporary Romance series:   Bks 1 – 5 Series complete  Regency Scandal   Bks 1 – 4 Series complete  Russian Dragon Heat   VLADIMIR (Russian Dragon Heat 1)   VAUGHN (Russian Dragon Heat 2)   VIKTOR (Russian Dragon Heat 3)  Regency Club Venus:   Bks 1-5 Series complete  Steele Protectors contemporary romance Series:   Bks 1-6 Series complete  Regency Men in Love – MM romance written as C A Mortimer   HIDDEN LOVER (Regency Men in Love 1)   HIDDEN DESIRE (Regency Men in Love 2)  Regency Lovers Series:   Bks 1-6 Series complete  Dragon Hearts:   Bks 1-8 Series complete  Regency Sinners Series:   Bks 1-8: Series complete  Regency Unlaced Series:   Books 1-9: Series complete  Carole Mortimer has written over 275 books, in contemporary romantic suspense, Regency romance, MM Regency romance & paranormal romance. She became an indie author in 2014. In May 2017 she received a Career Achievement Award from Romantic Times. She is the Recipient of the 2015 Romance Writers of America’s Lifetime Achievement Award. Is an Entertainment Weekly Top 10 Romance Author—ever. Carole is a 2014 Romantic Times Pioneer of Romance. She was also recognized by Queen Elizabeth II in 2012, for her “outstanding service to literature”.","goodreads:27803313,ff:m/carole-mortimer/rogue-alpha,isbn:9781910597156,mobi-asin:B01621RSSC,fictiondb:carole-mortimer~rogue-alpha~1443406~b,amazon:B01621RSSC","","Romance.Erotic Romance, Romance.Romantic Suspense","Tono · Picante/Erotico, Ambientacion · Navideno/Festivo, Subgenero · Policiaco/Detective, Subgenero · Romantic suspense, Paranormal · Dragones, Ambientacion · Regencia, Representacion · LGBTQ+ (MM), Subgenero · Paranormal romance, Arquetipo · Militar/SEAL, Paranormal · Lobos/Shifters, Subgenero · Supervivencia, Tono · Trauma/Salud mental, Tono · Cautiverio/Trata, Arquetipo · Mafia, Subgenero · Fantasia epica, Subgenero · LitRPG/GameLit, Subgenero · Fantasia progresiva/Cultivo","Romance contemporáneo [REVISAR]","","","","","",""
"Savage Alpha","Carole Mortimer","Fiction, Contemporary, General, Action & Adventure, Suspense, Romance.Romantic Suspense, Romance, Adults (18+)","Alpha","8.0","This is NEW COVER, there is NO new story content. If you purchased the original book then you don’t need to buy this one. Savage Alpha (ALPHA 8) is the last story in Amazon #1 and USA Today International Bestselling author Carole Mortimer’s ALPHA series. Who does Lily ask for help when a fan’s admiration turns to a dangerous obsession?Her older brothers are the obvious choice, especially when they own and run Knight Security. But Lily has fought long and hard for her independence from her family, and for her career as an actress. She certainly doesn’t want one of her brothers—or possibly all of them—wading in with their usual arrogance and taking over her life again. 
But as the fan’s obsession become darker, the ‘gifts’ more bizarre, Lily know she has no choice. 
The last thing Jonas Grayfeather wants is to accept a job protecting the spoilt sister of the Knight brothers. But Gabriel, the eldest brother, and the man who once saved Jonas’s life, is calling in that favor, leaving Jonas with no choice but to at least check into whether or not Lily Knight really is being stalked. 
A single meeting with Lily, and Jonas knows she’s going to be more of a pain in his ass than any of her overbearing brothers has ever been. She’s outspoken, annoying, and so stubborn Jonas’s first instinct is to put her over his knee and give her the spanking she obviously should have had more of when she was a child. She’s also wild and beautiful, sexy as hell, and arouses his passion with just a single glance of her challenging green eyes. Whether they like it or not, the attraction is mutual, and the desire between them quickly blazes out of control. 
But Lily’s reckless disregard for Jonas’s efforts to protect her may result in one or both of them ending up dead. 
If they don’t kill each other with passion first… 
","isbn:9781910597200,google:311ODwAAQBAJ","","Literature & Fiction, Adult Fiction.Erotica, War & Military, Romance, Thriller & Suspense, Genre Fiction, Urban, Mystery, Adult, Urban Life, Action & Adventure","Tono · Picante/Erotico, Ambientacion · Navideno/Festivo, Subgenero · Policiaco/Detective, Subgenero · Romantic suspense, Paranormal · Dragones, Ambientacion · Regencia, Representacion · LGBTQ+ (MM), Subgenero · Paranormal romance, Arquetipo · Militar/SEAL, Paranormal · Lobos/Shifters, Subgenero · Supervivencia, Tono · Trauma/Salud mental, Tono · Cautiverio/Trata, Arquetipo · Mafia, Subgenero · Fantasia epica, Subgenero · LitRPG/GameLit, Subgenero · Fantasia progresiva/Cultivo","Romance contemporáneo [REVISAR]","","","","","",""
"Savage Alpha","Carole Mortimer","Fiction, Contemporary, General, Action & Adventure, Suspense, Romance.Romantic Suspense, Adults (18+), Romance","Alpha","8.0","This is NEW COVER, there is NO new story content. If you purchased the original book then you don’t need to buy this one. Savage Alpha (ALPHA 8) is the last story in Amazon #1 and USA Today International Bestselling author Carole Mortimer’s ALPHA series. Who does Lily ask for help when a fan’s admiration turns to a dangerous obsession?Her older brothers are the obvious choice, especially when they own and run Knight Security. But Lily has fought long and hard for her independence from her family, and for her career as an actress. She certainly doesn’t want one of her brothers—or possibly all of them—wading in with their usual arrogance and taking over her life again. 
But as the fan’s obsession become darker, the ‘gifts’ more bizarre, Lily know she has no choice. 
The last thing Jonas Grayfeather wants is to accept a job protecting the spoilt sister of the Knight brothers. But Gabriel, the eldest brother, and the man who once saved Jonas’s life, is calling in that favor, leaving Jonas with no choice but to at least check into whether or not Lily Knight really is being stalked. 
A single meeting with Lily, and Jonas knows she’s going to be more of a pain in his ass than any of her overbearing brothers has ever been. She’s outspoken, annoying, and so stubborn Jonas’s first instinct is to put her over his knee and give her the spanking she obviously should have had more of when she was a child. She’s also wild and beautiful, sexy as hell, and arouses his passion with just a single glance of her challenging green eyes. Whether they like it or not, the attraction is mutual, and the desire between them quickly blazes out of control. 
But Lily’s reckless disregard for Jonas’s efforts to protect her may result in one or both of them ending up dead. 
If they don’t kill each other with passion first… 
","isbn:9781910597200,google:311ODwAAQBAJ","","Romance.Erotic Romance, Romance.Romantic Suspense","Tono · Picante/Erotico, Ambientacion · Navideno/Festivo, Subgenero · Policiaco/Detective, Subgenero · Romantic suspense, Paranormal · Dragones, Ambientacion · Regencia, Representacion · LGBTQ+ (MM), Subgenero · Paranormal romance, Arquetipo · Militar/SEAL, Paranormal · Lobos/Shifters, Subgenero · Supervivencia, Tono · Trauma/Salud mental, Tono · Cautiverio/Trata, Arquetipo · Mafia, Subgenero · Fantasia epica, Subgenero · LitRPG/GameLit, Subgenero · Fantasia progresiva/Cultivo","Romance contemporáneo [REVISAR]","","","","","",""
"Cómo casarse con una princesa","Christine Rimmer","Romance","Bravo Royales Series","5.0","Alice quería todo lo que Noah podía darle, y no estaba dispuesta a conformarse con menos 
Alice Bravo-Calabretti debía aprender a comportarse como una auténtica princesa. Se acabaron las escapadas que terminaban apareciendo en la prensa. Sin embargo, el nuevo mozo de cuadra parecía que iba a convertirse en otro motivo de escándalo. Sus intensos ojos azules y su sensual sonrisa podían ser toda una tentación para una princesa. ¡Hasta que Alice descubrió que aquel mozo de cuadra era, en realidad, un magnate estadounidense que quería casarse con una princesa!  
Alice era todo lo que Noah Cordell había deseado en una esposa. Pero su principesca rompecorazones se negaba a darle el sí hasta que él renunciara a su secreto mejor guardado…
","goodreads:25529286","","Romance","Arquetipo · Realeza, Paranormal · Lobos/Shifters, Ambientacion · Navideno/Festivo, Tono · Picante/Erotico","Romance contemporáneo","","","","","",""
"La luz de tus ojos","Christine Rimmer","Romance, Contemporary","Bravo Royales Series","6.0","Él siempre había acudido en su rescate cuando le había necesitado 
Lucy Cordell siempre había vivido protegida, pero ya estaba preparada para salir del cascarón. El problema era que no tenía ninguna experiencia con los hombres y necesitaba ayuda.   
¿Y quién mejor para ayudarla que el atractivo príncipe Damien de Montedoro?   
Damien solo se mostró de acuerdo en introducir a Lucy en el arte de la seducción porque temía que pudiera pedírselo a otro en el caso de que él no lo hiciera. Y alguien tenía que protegerla de todos los lobos que acechaban ahí fuera. Aun así, no podía evitar preguntarse quién iba a protegerle a él de la dulce y luminosa belleza interior de Lucy.
","goodreads:23276804","","Romance Contemporaneo","Arquetipo · Realeza, Paranormal · Lobos/Shifters, Ambientacion · Navideno/Festivo, Tono · Picante/Erotico","Romance contemporáneo","","","","","",""
"Amor sin contrato","Janice Maynard","","","1.0","Haberle querido fue un error, pero seguía deseándole.Cuando Katie Duncan accedió a trabajar con el hermano de su jefe, sabía que se metía en la boca del lobo. El hombre con el que viviría era su antiguo amante, el multimillonario Quinten Stone. La pasión había durado hasta que Katie no pudo seguir aceptando el adinerado mundo de Quinten. Se marchó para salvarse. Ahora, el poderoso director ejecutivo había vuelto a su vida, tan tentador como siempre, y empeñado a toda costa en seducirla para volver a llevársela a la cama.","isbn:9788413753935","","","Arquetipo · Billonario/CEO, Paranormal · Lobos/Shifters","Romance contemporáneo","","90","Romance contemporáneo","Ex amantes que vuelven a encontrarse en el entorno laboral; romance contemporáneo sin elementos fantásticos.","",""
"E-Pack Bianca Noviembre 2 (Pack Promocional Nº 328)","Julia James & Sharon Kendrick & Annie West","Genero · Romance, Genero · Romance contemporaneo, Paranormal · Lobos/Shifters","","1.0","**Pack 328** **Sin condiciones** *Carol Marinelli* Era una oferta que no podía rechazar.  **Sombras de culpa** *Sharon Kendrick* ¡Reclamada por el jeque!  **Esos días con Ilsa** *Annie West* Una recatada princesa… y el hombre que podría liberarla.  **Un matrimonio fingido** *Julia James* ¡De traicionada y arruinada a llevar el anillo de compromiso de un multimillonario!","isbn:9788411414753,grvotes:2,amazon:B0BNJN2LBT,goodreads:87480583","","","Dinamica · Matrimonio por conveniencia, Arquetipo · Billonario/CEO, Arquetipo · Realeza, Paranormal · Lobos/Shifters","Romance histórico [REVISAR]","","70","Romance contemporáneo","Pack de novelas románticas actuales de Harlequin Bianca con jeques, princesas y matrimonios de conveniencia.","",""
"Dominada por el deseo","Shayla Black","","Wicked Lovers","1.0","Ella no sabía que había algo por lo que estaría dispuesta a suplicar… 
Morgan O’Malley ha sido testigo de muchas cosas extravagantes como presentadora de un programa de televisión sobre sexo. Pero nunca había conocido a un hombre como Jack Cole, un reconocido maestro de las artes eróticas que desea proporcionarle todo aquello por lo que ella suspira en secreto. 
Aunque Jack es guardaespaldas y pretende protegerla del acosador que la persigue, Morgan no se siente en absoluto segura en su presencia. Cuando comienza a participar en los juegos sexuales que él le propone, que la someten a su voluntad, intuye que sus motivos no son tan inocentes como parecen, pero no imagina lo personales que pueden llegar a ser. Y así, seduciéndola, dominándola, Jack hará realidad sus más profundas fantasías…
","isbn:9788496952201,goodreads:9606535","","Español.Contenido Sexual, Romántica, Histórica, BSDM, Bdsm, _Biblioteca.Romance.RomanceSciFan","Tono · Picante/Erotico, Subgenero · Policiaco/Detective, Dinamica · Obsesion/Stalker, Arquetipo · Guardaespaldas, Paranormal · Lobos/Shifters, Subgenero · Paranormal romance, Dinamica · Amor no correspondido/Pining, Dinamica · Harem inverso/Why choose, Arquetipo · Billonario/CEO, Dinamica · Prohibido, Publico · Young adult/Juvenil, Tono · Cautiverio/Trata","Romance contemporáneo","","90","Romance contemporáneo","Romance erótico contemporáneo con guardaespaldas, acosador y dinámicas de dominación; sin elemento fantástico.","",""
"Perverso para amar","Shayla Black","BSDM, Genero · Romance, Genero · Romance historico, Genero · Romance sci-fi, Tono · Picante/Erotico","Wicked Lovers","5.5","Justo cuando Brandon Ross renunció a la mujer que siempre había querido, se encontró con la que él necesitaba… delante de sus narices. Hijo de un político, Brandon refrenó su deseo de servir a su comunidad durante años después de que un antiguo amigo le chantajeó por desear la mujer de otro hombre. Años más tarde, sigue siendo perseguido por Kayla, midiendo a cada mujer según su estándar. Y la secretaria de Brandon, Emberlin Evans, sabe que no puede compararse con ella. Emberlin haría cualquier cosa para que su jefe la note. Pero cuando una visita de Kayla tiene a Brandon corriendo detrás de ella, sabe que es hora de dejar de esperar que él la vea y seguir adelante. Es curioso cómo su renuncia llama la atención de Brandon de una manera que sus faldas cortas no lo hicieron. Cuando Brandon se enfrenta a Emberlin, se da cuenta que ha estado ciego a sus sentimientos por ella… y que la forma en que siempre lo llama Señor y dice «por favor» hace que sus pensamientos se vuelvan perversos...","goodreads:10269278","","","Tono · Picante/Erotico, Subgenero · Policiaco/Detective, Dinamica · Obsesion/Stalker, Arquetipo · Guardaespaldas, Paranormal · Lobos/Shifters, Subgenero · Paranormal romance, Dinamica · Amor no correspondido/Pining, Dinamica · Harem inverso/Why choose, Arquetipo · Billonario/CEO, Dinamica · Prohibido, Publico · Young adult/Juvenil, Tono · Cautiverio/Trata","Romance contemporáneo","","90","Romance contemporáneo","Romance contemporáneo jefe-secretaria con deseo no correspondido y tensión erótica; sin fantasía.","",""
"Mía Para Siempre","Shayla Black","","Wicked Lovers","6.0","EL DEBER DE UN AMIGO…   Tyler Murphy era un detective en el departamento de policía de Los Ángeles, soltero y feliz hasta que un fatal acontecimiento dejó incapacitado a su compañero, Eric Catalano. Desde aquel momento a la vez que apoyaba a Eric a superar esa terrible situación, Tyler también se convirtió en el pañuelo de lágrimas de Delaney. Pero una atrevida proposición de Eric y una noche de sensual abandono con Delaney, hizo que cambiara la perspectiva que tenía de la mujer de su mejor amigo y que empezara a desearla con todas sus fuerzas. Cuando Eric tuvo que enfrentarse a las secuelas de aquella noche, Delaney le rogó a Tyler que los dejara. Derrumbado, Tyler se fue a Luisiana, anhelando escapar de la única mujer que nunca podría volver a tener... y sin tener ni idea de lo que realmente dejaba atrás.  EL DESEO DE UN AMANTE…   Tras dos años de vivir cargando con la culpa sobre sus hombros, Tyler se encuentra a Delaney en el umbral de su puerta. La mujer le cuenta que su marido la ha abandonado hace tiempo y que necesita desesperadamente que alguien la ayude para escapar de un asesino que está empeñado en verla muerta.  Ahora, mientras ambos luchan por seguir con vida y atrapar al hombre que persigue a Delaney, tendrán que esforzarse por superar la culpa de aquel placentero interludio. Pero lo que antaño fue una chispa, ahora es una fuego arrollador fuera de control. Y para poseer a Delaney —en cuerpo y alma— Tyler tendrá que ayudarla con su dolor y eliminar al malvado ser que va tras ella.","isbn:9788415433064,goodreads:15988889,amazon:8415433069","","English.Romance.Contemporary Romance, English.Mystery / Thriller.Suspense Thriller, Adults (18+), English.Romance.Erotic Romance","Tono · Picante/Erotico, Subgenero · Policiaco/Detective, Dinamica · Obsesion/Stalker, Arquetipo · Guardaespaldas, Paranormal · Lobos/Shifters, Subgenero · Paranormal romance, Dinamica · Amor no correspondido/Pining, Dinamica · Harem inverso/Why choose, Arquetipo · Billonario/CEO, Dinamica · Prohibido, Publico · Young adult/Juvenil, Tono · Cautiverio/Trata","Romance contemporáneo","","90","Romance contemporáneo","Romance contemporáneo con suspense: policía, la mujer de su compañero y una amenaza criminal; la relación es central.","",""
"Mía para siempre","Shayla Black","","Wicked Lovers","6.0","EL DEBER DE UN AMIGO…  
Tyler Murphy era un detective en el departamento de policía de Los Ángeles, soltero y feliz hasta que un fatal acontecimiento dejó incapacitado a su compañero, Eric Catalano. Desde aquel momento a la vez que apoyaba a Eric a superar esa terrible situación, Tyler también se convirtió en el pañuelo de lágrimas de Delaney. Pero una atrevida proposición de Eric y una noche de sensual abandono con Delaney, hizo que cambiara la perspectiva que tenía de la mujer de su mejor amigo y que empezara a desearla con todas sus fuerzas. Cuando Eric tuvo que enfrentarse a las secuelas de aquella noche, Delaney le rogó a Tyler que los dejara. Derrumbado, Tyler se fue a Luisiana, anhelando escapar de la única mujer que nunca podría volver a tener... y sin tener ni idea de lo que realmente dejaba atrás. 
EL DESEO DE UN AMANTE…  
Tras dos años de vivir cargando con la culpa sobre sus hombros, Tyler se encuentra a Delaney en el umbral de su puerta. La mujer le cuenta que su marido la ha abandonado hace tiempo y que necesita desesperadamente que alguien la ayude para escapar de un asesino que está empeñado en verla muerta. 
Ahora, mientras ambos luchan por seguir con vida y atrapar al hombre que persigue a Delaney, tendrán que esforzarse por superar la culpa de aquel placentero interludio. Pero lo que antaño fue una chispa, ahora es una fuego arrollador fuera de control. Y para poseer a Delaney —en cuerpo y alma— Tyler tendrá que ayudarla con su dolor y eliminar al malvado ser que va tras ella.
","goodreads:15988889,isbn:9788415433064","","Español.Contenido Sexual, Romántica, Histórica, BSDM, _Biblioteca.Romance.RomanceSciFan","Tono · Picante/Erotico, Subgenero · Policiaco/Detective, Dinamica · Obsesion/Stalker, Arquetipo · Guardaespaldas, Paranormal · Lobos/Shifters, Subgenero · Paranormal romance, Dinamica · Amor no correspondido/Pining, Dinamica · Harem inverso/Why choose, Arquetipo · Billonario/CEO, Dinamica · Prohibido, Publico · Young adult/Juvenil, Tono · Cautiverio/Trata","Romance contemporáneo","","90","Romance contemporáneo","Romance contemporáneo con suspense: policía, la mujer de su compañero y una amenaza criminal; la relación es central.","",""
"La luz de tus ojos","Christine Rimmer","Topic.Holiday.Christmas, Romance, Contemporary","Bravo Royales Series","6.0","Él siempre había acudido en su rescate cuando le había necesitado 
Lucy Cordell siempre había vivido protegida, pero ya estaba preparada para salir del cascarón. El problema era que no tenía ninguna experiencia con los hombres y necesitaba ayuda.   
¿Y quién mejor para ayudarla que el atractivo príncipe Damien de Montedoro?   
Damien solo se mostró de acuerdo en introducir a Lucy en el arte de la seducción porque temía que pudiera pedírselo a otro en el caso de que él no lo hiciera. Y alguien tenía que protegerla de todos los lobos que acechaban ahí fuera. Aun así, no podía evitar preguntarse quién iba a protegerle a él de la dulce y luminosa belleza interior de Lucy.
","goodreads:23276804","","Contemporary, Romance.Category Romance.Harlequin, Holiday.Christmas, Romance.Contemporary Romance","Arquetipo · Realeza, Paranormal · Lobos/Shifters, Ambientacion · Navideno/Festivo, Tono · Picante/Erotico","Romance contemporáneo","","80","Romance contemporáneo","Romance contemporáneo entre una joven inexperta y un príncipe que la guía y protege.","",""
"Al borde del deseo","Tess Gerritsen","","","1.0","Beryl Tavistock creía que el mejor lugar para esclarecer el escándalo que rodeaba la muerte de sus padres eran las calles de París. Pero las respuestas que estaba obteniendo no hacían más que confirmar lo difícil que resultaba ocultar viejos secretos.
A lo largo de aquella oscura investigación en pos de la verdad, Beryl se adentró en un mundo en el que el peligro se mezclaba a partes iguales con el deseo, un mundo en el que el exagente de la CIA Richard Wolf parecía moverse con soltura. Pero en aquel mundo los amigos podían convertirse en enemigos y los enemigos podían ser asesinos…
","revision:1.0,epl:67783","","Intriga, Novela","Paranormal · Lobos/Shifters, Subgenero · Espionaje/Espias","Romance histórico [REVISAR]","","60","Romance contemporáneo","Suspense romántico con exagente de la CIA; la investigación y el deseo son ejes de la trama.","",""
"Corazón indómito","Lily Perozo","novela, Español.Romance, _Biblioteca.Romance.Contemporaneo","","1.0","Connor Mackenzie nació y creció a los pies de la cordillera Teton, en Wyoming. Lleva con orgullo las riendas de su rancho, pero también trabaja como domador para varias organizaciones que defienden a los legendarios Mustang. Como su tótem indio lo indica, es un lobo alfa que protege a su manada de cualquier amenaza, y debido a eso no perdona a Jennifer Rawson, con quien tuvo disputas en el pasado. Jennifer es hija única y extremadamente mimada del poderoso Prescott Rawson, tras varios años en Europa, regresa al lugar que más odia en el mundo, porque le hace recordar momentos dolorosos. El rencor entre Jennifer y Connor es reciproco, pero tendrán que hacer a un lado sus rencillas en pro de beneficios mutuos; sin embargo, el acercamiento entre ambos se tornará bastante peligroso y apasionado. ¿Podrá Connor Mackenzie domar a Jennifer Rawson, como lo hace con todo en su vida? Descúbrelo en Corazón Indómito.","","","Novela, Romántico","Arquetipo · Vaquero/Western, Paranormal · Lobos/Shifters","Romance contemporáneo","","90","Romance contemporáneo","Romance actual entre un domador de caballos y una joven mimada en Wyoming; la pasión nace del rencor.","",""
"El despertar del lobo","Lola P. Nieva","","Lobo","2.0","Entregados a una pasión sin límites, Gunnar y Freya disfrutan de su amor en la impresionante cabaña de Tønsberg. 
Están a punto de celebrar su primer aniversario de boda, por lo que deciden preparar una fiesta para sus amigos, entre los que se encuentran su chispeante amiga Elena y su pareja, Yusuf, *el talibán* que conocieron en la estación de tren. 
Todo parece estar en calma, pero el destino encierra sorpresas oscuras, recuerdos inquietantes y una venganza que trastocará sus vidas para siempre. 
Un trágico suceso desencadenará el despertar de un lobo adormecido que de nuevo tendrá que sacar sus garras para luchar contra el destino, contra la muerte y contra el tiempo. 
Pasión, sufrimiento, venganza y amor que traspasan culturas y fronteras se dan cita de nuevo en *El despertar del lobo* , la esperada continuación de *Los tres nombres del lobo*.
","goodreads:23509229,isbn:9788408137214","","","Paranormal · Lobos/Shifters, Dinamica · Venganza","Romance histórico [REVISAR]","","70","Romance contemporáneo","Romance de pareja casada con venganza y pasión; el lobo funciona como metáfora, no hay sobrenatural explícito.","Lobo","1.0"
"Sólo un juego","Nora Roberts","Ficción contemporánea, Romántica","","1.0","Parks Jones era insufrible y Brooke Gordon ardía en deseos de pinchar el globo de su ego. Por desgracia, también era brillante... y el protagonista de una campaña publicitaria que Brooke debía dirigir. Y ahí era donde estaba el problema. Para colmo, Brooke se sentía intensamente atraída por él, aunque no pensaba reconocerlo. Parks, sin embargo, tenía otros planes y estaba dispuesto a romper algunas normas para convencerla de que para él el amor no era sólo un juego. Era para siempre.
","isbn:9788467180619,mobi-asin:0d003004-d1d3-433b-a3de-2859711ed6ff,goodreads:16051928","","Romance Contemporaneo","Paranormal · Lobos/Shifters","Romance contemporáneo","","95","Romance contemporáneo","Comedia romántica contemporánea con campaña publicitaria y tensión entre los protagonistas.","",""
"Al borde del deseo","Tess Gerritsen","","Tavistock","1.0","Beryl Tavistock creía que el mejor lugar para esclarecer el escándalo que rodeaba la muerte de sus padres eran las calles de París. Pero las respuestas que estaba obteniendo no hacían más que confirmar lo difícil que resultaba ocultar viejos secretos.A lo largo de aquella oscura investigación en pos de la verdad, Beryl se adentró en un mundo en el que el peligro se mezclaba a partes iguales con el deseo, un mundo en el que el ex agente de la CIA Richard Wolf parecía moverse con soltura. Pero en aquel mundo los amigos podían convertirse en enemigos y los enemigos podían ser asesinos…","","","Mystery & Thriller & Suspense","Paranormal · Lobos/Shifters, Subgenero · Espionaje/Espias","Romance histórico [REVISAR]","","60","Romance contemporáneo","Suspense romántico con exagente de la CIA; la investigación y el deseo son ejes de la trama.","",""
"The Mercenaries","Lindsay McKenna","","","1.0","<br/> <P><B>Heart Of The Wolf</B></P><P>Wolf Harding might have left Morgan Trayhern's mercenary business, but he was still intrigued by worthy causes. One look at Sarah Thatcher and Wolf knew he had to get involved with the lovely spitfire &#8211; for her own safety. But who was going to protect him from the tempting vixen?</P><P>Sarah realised that bruises and broken bones weren't all Wolf had suffered in the past &#8211; his heart had been shattered as well. And if she wanted to tame the wounded warrior, she had to earn his trust...before Wolf ran for the hills.</P><P><B>The Rogue</B></P><P>Soldier of fortune Sean Killian had faced many terrors, but nothing made him more wary than his latest assignment &#8211; protecting Susannah Anderson. Killian's past had left him hardened &#8211; yet there was something about Susannah that threatened to penetrate his tough shell.</P><P>Susannah had her own obstacles to overcome, but with Killian at her side, they didn't seem as daunting....","isbn:9781489238672","","","Paranormal · Lobos/Shifters","Romance contemporáneo","","85","Romance contemporáneo","Romance contemporáneo de suspense con mercenarios y soldados en misiones de protección.","Morgan's Mercenaries","1.0"
"Say Yes to the Cowboy","Vicki Lewis Thompson","English.Romance.Contemporary Romance, _Biblioteca.Romance.Contemporaneo","Thunder Mountain Brotherhood","10.0","From lone wolf to family man 
When trick roper Zeke Rafferty sees Tess Irwin standing on his front porch, memories of two unforgettable days--and nights--come flooding back. But when the pretty schoolteacher reveals that one plus one will soon equal three, Zeke is stunned. Then he remembers his manners. And asks Tess to marry him. 
If you turn down a handsome cowboy's proposal, is it okay to still want to kiss him? Wait, no! Tess doesn't want a husband. Besides, she's holding out for love. A man has a right to know he fathered a child, but beyond that, Tess is raising this child alone. Zeke proved he can make a baby. But can he make the grade as a loving husband and dad?
","goodreads:35088610,isbn:9781488014376","","Romance","Arquetipo · Vaquero/Western, Paranormal · Lobos/Shifters","Romance contemporáneo","","85","Romance contemporáneo","Vaquero descubre que fue padre tras una noche y propone matrimonio; romance contemporáneo.","",""
"Say Yes to the Cowboy","Vicki Lewis Thompson","English.Romance.Contemporary Romance, _Biblioteca.Romance.Contemporaneo","Thunder Mountain Brotherhood","10.0","From lone wolf to family man 
When trick roper Zeke Rafferty sees Tess Irwin standing on his front porch, memories of two unforgettable days--and nights--come flooding back. But when the pretty schoolteacher reveals that one plus one will soon equal three, Zeke is stunned. Then he remembers his manners. And asks Tess to marry him. 
If you turn down a handsome cowboy's proposal, is it okay to still want to kiss him? Wait, no! Tess doesn't want a husband. Besides, she's holding out for love. A man has a right to know he fathered a child, but beyond that, Tess is raising this child alone. Zeke proved he can make a baby. But can he make the grade as a loving husband and dad?
","goodreads:35088610,isbn:9781488014376","","Romance","Arquetipo · Vaquero/Western, Paranormal · Lobos/Shifters","Romance contemporáneo","","85","Romance contemporáneo","Vaquero descubre que fue padre tras una noche y propone matrimonio; romance contemporáneo.","",""
"Lecciones privadas","Linda Howard","Romántico, novela","Top novel (Mackenzie's 1)","3.0","Mary Elizabeth Potter era una solterona por elección que no se hacía ilusiones respecto al amor. Pero era también una buena profesora... Y quería que el hijo de Wolf Mackenzie volviera al colegio. Para conseguirlo, se enfrentó al padre del chico y a partir de ese instante padre e hijo entraron en su vida, cambiándola para siempre. Sobre Wolf Mackenzie pesaba todavía el estigma de un crimen que no había cometido, pero para la pudorosa Mary Elizabeth Potter no era «ese salvaje medio indio» al que todo el pueblo miraba con recelo. Para ella, era un hombre bueno y decente. Un hombre capaz de amar. Wolf, sin embargo, no estaba seguro de que el pueblo o él mismo estuvieran preparados para aceptarlo.","","","Romántico, Novela","Paranormal · Lobos/Shifters","Romance contemporáneo","","90","Romance contemporáneo","Romance contemporáneo small town entre una maestra y un padre soltero huraño.","",""
"Behind the Mask","Jessica White","Fiction, Romance, Suspense, Romantic Suspense, Themes.Shapeshifters, _Biblioteca.Romance.RomanceSciFan, Themes.Explicit Sex","","1.0","On a mission to forget her boring life back home, romance author Evelina Morales lives it up while she's away on business. When she meets a man straight from the pages of one of her books, she lets herself get swept up in the magic like those lucky women she writes about. After one steamy night together, she sneaks out at first light. Psychiatrist Marco Aguilar isn't about to let her get away that easily, though. He's a man on a mission to find the woman who has him entranced, and when they come face to face, sparks fly. He knows all about the secret she's keeping. But it's the truths of his past he can't come to terms with that threatens to destroy them both. Behind the Mask is a spicy later in life romantic suspense from the series, Wickedly Devoted.
","isbn:9798387551031,google:QuO4zwEACAAJ,amazon:B0BX4VY3Q2","A Dark and Steamy Over 40 Romantic Suspense","","Tono · Picante/Erotico, Paranormal · Lobos/Shifters, Subgenero · Romantic suspense","Romance contemporáneo","","95","Romance contemporáneo","Romantic suspense contemporáneo: romance central con pasado oscuro del psiquiatra y secretos que amenazan la relación.","Wickedly Devoted","1.0"
"After the Ashes","D. L. Gallie","_Biblioteca.Romance.RomanceSciFan, steamy, Themes.Explicit Sex, Themes.Shapeshifters","Ashes to Ashes","2.0","I never pictured a life without Kip. It was supposed to be me and him until the end, but the universe always has a way of screwing things up.    Moving on after losing him wasn’t something I thought I was capable of, but when Penn Brookes comes into the picture, I realize I’m not so alone.    Suffering the same kind of loss as me and trying to be the best dad he can, I start to gravitate toward him.   We’re one in the same, building our lives around broken pieces, and suddenly, something I never thought possible happens.    That spark I’ve only felt once before returns and ignites something deep inside me.   Can we overcome our grief and build something great, or will the circumstances of the past burn down the future we want?","goodreads:63037543,mobi-asin:B0BNMCZ83V","","","Tono · Picante/Erotico, Paranormal · Lobos/Shifters, Tono · Trauma/Salud mental","Romance contemporáneo","","90","Romance contemporáneo","Romance contemporáneo sobre duelo, pérdida y segundas oportunidades entre dos personas que reconstruyen sus vidas.","",""
"Of Monsters, Men, & Moles","J S Cooper & Natalia Lamb","Fiction, Romance, Contemporary, _Biblioteca.Romance.Contemporaneo","The Wolf and The Lamb Mafia Romance","1.0","There was once a lamb and a big bad wolf. He's looking for a wife and she's looking for an adventure. To wolf Antonio Marchesi it was all about winning.
Poor little lamb Callie Rowney didn't even realize it was a game.
As a mafia boss, I'm meant to marry someone in my world. Someone that knows what it's like to run the world. To aid in my betrothal, my father sets up a ball and invites all the eligible women from across the country. One of them will become Mrs. Antonio Marchesi. She will be my wife. We won't be in love, but she will play her role.
Then I see the brunette in the red dress hiding in the corner of the room, trying to avoid me. She was the same woman I'd seen in the garden with her book. She's sweet, innocent, a lamb. I want her. She's totally inappropriate for the role of mafia wife. She's not from my world. Yet I can't stop my eyes from keenly following her around. And on the stroke of midnight, I make my way to talk to her, but she disappears into the night.* * *My roommate invited me to a party. I didn't realize it was for a mafia boss that was looking to select a wife. There were hundreds of women there, hoping to win the honor, but he's not my idea of a Prince Charming. He's tall, arrogant, cold, austere, and the most handsome man I've ever seen in my life. They call him Antonio ""The Wolf"" Marchesi, and the name sends a shiver down my spine. I decided to leave the party before my real identity was discovered. I climbed down a tree, slipped, and he caught me at the bottom. He held me like he didn't want to let go.
He's the head of the Marchesi Famligia: notorious, calculating, heartless. He gets everything he wants, and yet she might prove to be the one person he can't have.
","isbn:9798388285690,mobi-asin:B0BT54WV68,google:ZZ67zwEACAAJ","","","Arquetipo · Mafia, Paranormal · Lobos/Shifters","Romance contemporáneo","","90","Romance contemporáneo","Mafia romance de conveniencia con heroína inocente y jefe mafioso que la elige.","The Wolf and The Lamb Mafia Romance","1.0"
"Truth of Chains","Andra Sable","Romance, mafia romance, Dark, Adult, Themes.Shapeshifters, English.Romance.Dark Romance, English.Romance.Mafia Romance, _Biblioteca.Romance.RomanceSciFan, Themes.Explicit Sex, Themes.Dark, Dark Romance","Dark Mafia Romance","1.0","***A dark anti-hero mafia romance* **  * * * Sometimes chaos is the only thing you have left when you strive to break free from the shackles that bind you.   I’ve been raised in the Mafia and forced to work off a debt or die for the Volokhov Bratva.   **It’s my time to to take what is mine**.   My learned softness is the only thing separating me from the murderous Roman Volokhov and his brutal desires to own me, enticing me, cradling my kindness in his palms. The force that separates me from taking them down.   **He may be just what breaks me.** * * * Better late than never is not an option.   My family's Bratva and those like it need to be destroyed. One by one.   When I see Ava Tivcova, nothing can keep me away from my muse.   She doesn't belong in this underworld, though born from it like me.   Behind her cultivated sweetness there is something she is hiding.   **I want to consume her. watch her. keep her.**   The time is now and nothing will stand in my way.  *Author Truth of Chains is an 18+ dark mafia romance that has explicit content including graphic violence, sexual scenes and mature themes that may be disturbing to some readers. Please check the trigger warnings.*","amazon:B0D3CKNVZF,goodreads:212895149","Book 1","","Tono · Oscuro, Tono · Picante/Erotico, Tono · Morally grey/Antiheroe, Arquetipo · Mafia, Paranormal · Lobos/Shifters","Romance contemporáneo","","90","Romance contemporáneo","Romance oscuro de mafia (Bratva) con protagonista antiheroico; el romance es el eje y la ambientación es realista.","Truth of Chains","1.0"
"Less Than Perfect","Savannah Rose & Amelia Gates","Enemies To Lovers, Contemporary Romance, _Biblioteca.Romance.RomanceSciFan","The Bully Project","1.0","**This little piggy is my target.   
This little piggy I shall break.   
This little piggy will forgive me.   
This little piggy's heart's at stake. **   
Momma had a mantra; *“Ignore the bullies and they’ll go away, poof, like magic.”*   
When I was still naïve enough to believe her, this suggestion had made perfect sense. Only for some reason, it never worked for me. At first, I thought that I wasn’t ignoring hard enough.   
Then, I realized that magic only works when you’re pretty.   
This world wasn’t kind to little pigs.   
We don’t live long.   
Sooner or later, someone always came along to blow our worlds down around us.   
If I wanted to survive, if I wanted boys like Marcus to leave me alone, I’d have to become something different.   
Something new.   
Something better.   
I’d have to grow teeth and claws.   
I’d have to be willing to bite back. To kill the piglet and transform myself into a big, bad, wolf.   
And so I did.   
I wasn't a child anymore. I was a woman with a past that no longer had the right to haunt me. A woman who wanted love and wouldn't shy away from the unconventional in order to claim it.   
The plan was simple. Marry a man I didn't know. Fall in love with love and life. And never, ever, ever, look back. The problem? My past chose to push its way into my future. No matter how big I felt, no matter how much I'd grown, seeing him again made me feel like nothing more than the little piglet, ready for the roast.   
Less than perfect is a duology with a strong female lead, a bully, and a fake fiancé.
","amazon:B07YLDXDCS,goodreads:48511150","A Bully Romance","","Dinamica · Enemigos a amantes, Dinamica · Bully romance, Paranormal · Lobos/Shifters","Romance contemporáneo","","80","Romance contemporáneo","Dark romance contemporáneo de venganza y matrimonio pactado; no hay elementos sobrenaturales reales -> Romance contemporáneo.","",""
"Trust & Mistakes","April Chase","Themes.Explicit Sex, Themes.Shapeshifters, _Biblioteca.Romance.RomanceSciFan","","1.0","In the courtroom, Alex McPherson is a force of nature. Nothing stops her…until a sudden flood ruins her apartment. Luckily her best friend has a place for her to stay. Except Alex doesn't count on the one man she can't stand being there. Noah–her best friend's billionaire brother-in-law. He's domineering, too good looking, and far too used to everyone following his every command. Forced to live together, sparks fly as Alex and Noah butt heads at every turn. When Noah offers a no-strings arrangement, Alex shocks herself by agreeing, but neither is prepared for the wildfire set off between them. When a new storm from Alex's past threatens to put out their new flames, she has to Trust Noah that he's a good bet, or forfeit her shot at love.","isbn:9798860593404,amazon:B0CHGGB176,goodreads:198694682","","","Tono · Picante/Erotico, Arquetipo · Billonario/CEO, Paranormal · Lobos/Shifters, Subgenero · Thriller legal","Romance contemporáneo","","80","Romance contemporáneo","Romance central entre abogada y cuñado multimillonario, con convivencia forzada; ambientación contemporánea.","",""
"Big Bad Wolf","Stacey Marriott","Themes.Shapeshifters, English.Romance.Dark Romance, English.Romance.Mafia Romance, _Biblioteca.Romance.RomanceSciFan, Themes.Explicit Sex, Themes.Dark","Twisted Boys of NY","1.5","Madz runs into trouble when she hears a woman screaming for her life. She gets caught in the sneer of a handsome man. She finds out quickly that he’s dangerous and that her life isn’t at all what it had seemed. The one man she had loved and trusted, lied to her and now she has to piece the puzzle together with what's left of her already broken heart.  Book 1.5 (Big Bad Wolf) doesn’t have to be read before Demons. But if you ever plan on reading Big Bad Wolf, you’ll get spoilers in Demons.  **Big Bad Wolf is a Novella.  Please check the trigger warnings listed inside.**","goodreads:122979079,mobi-asin:B0BVL55DVS","","","Tono · Oscuro, Tono · Picante/Erotico, Arquetipo · Mafia, Paranormal · Lobos/Shifters, Paranormal · Angeles y demonios","Romance contemporáneo [REVISAR]","","20","","Sinopsis demasiado ambigua: no se confirma si el elemento lobuno es real o metafórico; falta base para género.","",""
